"Index","rank1","rank2","rank3","rank4","rank5","rank6","rank7"
"SP01","CRAIG CONOVER","CRAIG JENSEN","MICHAEL SNELSON","XIMENA M. BISHOP","DALE WATSON","MARCIA CONOVER-HARRIS","AMANDA MILLER"
"SP02","MARCIA CONOVER-HARRIS","CRAIG JENSEN","XIMENA M. BISHOP","CRAIG CONOVER","MICHAEL SNELSON","AMANDA MILLER","DALE WATSON"
"SP03","MICHAEL SNELSON","CRAIG JENSEN","XIMENA M. BISHOP","AMANDA MILLER","DALE WATSON","MARCIA CONOVER-HARRIS","CRAIG CONOVER"
"SP04","CRAIG CONOVER","CRAIG JENSEN","DALE WATSON","skipped","skipped","skipped","skipped"
"SP05","skipped","skipped","skipped","skipped","skipped","skipped","skipped"
"SP06","AMANDA MILLER","MARCIA CONOVER-HARRIS","CRAIG JENSEN","CRAIG CONOVER","MICHAEL SNELSON","XIMENA M. BISHOP","DALE WATSON"
"SP07","MICHAEL SNELSON","CRAIG JENSEN","XIMENA M. BISHOP","CRAIG CONOVER","MARCIA CONOVER-HARRIS","AMANDA MILLER","DALE WATSON"
"SP08","AMANDA MILLER","XIMENA M. BISHOP","MARCIA CONOVER-HARRIS","CRAIG CONOVER","MICHAEL SNELSON","CRAIG JENSEN","DALE WATSON"
"SP09","MICHAEL SNELSON","MARCIA CONOVER-HARRIS","XIMENA M. BISHOP","CRAIG JENSEN","DALE WATSON","CRAIG CONOVER","AMANDA MILLER"
"SP10","MARCIA CONOVER-HARRIS","CRAIG CONOVER","AMANDA MILLER","DALE WATSON","MICHAEL SNELSON","CRAIG JENSEN","XIMENA M. BISHOP"
"SP11","MARCIA CONOVER-HARRIS","CRAIG CONOVER","MICHAEL SNELSON","CRAIG JENSEN","DALE WATSON","AMANDA MILLER","XIMENA M. BISHOP"
"SP12","CRAIG JENSEN","CRAIG CONOVER","MICHAEL SNELSON","XIMENA M. BISHOP","AMANDA MILLER","MARCIA CONOVER-HARRIS","DALE WATSON"
"SP13","MARCIA CONOVER-HARRIS","MICHAEL SNELSON","CRAIG CONOVER","CRAIG JENSEN","AMANDA MILLER","DALE WATSON","XIMENA M. BISHOP"
"SP14","overvote","CRAIG CONOVER","MICHAEL SNELSON","MARCIA CONOVER-HARRIS","AMANDA MILLER","CRAIG JENSEN","DALE WATSON"
"SP15","CRAIG JENSEN","CRAIG CONOVER","MARCIA CONOVER-HARRIS","MICHAEL SNELSON","XIMENA M. BISHOP","AMANDA MILLER","DALE WATSON"
"SP16","MICHAEL SNELSON","skipped","skipped","skipped","skipped","skipped","skipped"
"SP17","XIMENA M. BISHOP","MARCIA CONOVER-HARRIS","MICHAEL SNELSON","CRAIG CONOVER","CRAIG JENSEN","AMANDA MILLER","DALE WATSON"
"SP18","XIMENA M. BISHOP","CRAIG CONOVER","MICHAEL SNELSON","MARCIA CONOVER-HARRIS","DALE WATSON","CRAIG JENSEN","AMANDA MILLER"
"SP19","MICHAEL SNELSON","CRAIG CONOVER","MARCIA CONOVER-HARRIS","XIMENA M. BISHOP","AMANDA MILLER","DALE WATSON","CRAIG JENSEN"
"SP20","AMANDA MILLER","DALE WATSON","MICHAEL SNELSON","CRAIG JENSEN","CRAIG CONOVER","MARCIA CONOVER-HARRIS","XIMENA M. BISHOP"
"SP21","CRAIG CONOVER","CRAIG JENSEN","XIMENA M. BISHOP","MARCIA CONOVER-HARRIS","MICHAEL SNELSON","AMANDA MILLER","DALE WATSON"
"SP22","CRAIG JENSEN","DALE WATSON","CRAIG CONOVER","MICHAEL SNELSON","MARCIA CONOVER-HARRIS","AMANDA MILLER","XIMENA M. BISHOP"
"SP23","CRAIG CONOVER","skipped","skipped","skipped","skipped","skipped","skipped"
"SP24","MICHAEL SNELSON","XIMENA M. BISHOP","CRAIG JENSEN","CRAIG CONOVER","AMANDA MILLER","MARCIA CONOVER-HARRIS","DALE WATSON"
"SP25","CRAIG CONOVER","skipped","skipped","skipped","skipped","skipped","skipped"
"SP26","DALE WATSON","CRAIG JENSEN","skipped","skipped","skipped","skipped","skipped"
"SP27","AMANDA MILLER","XIMENA M. BISHOP","CRAIG JENSEN","CRAIG CONOVER","MARCIA CONOVER-HARRIS","MICHAEL SNELSON","DALE WATSON"
"SP28","XIMENA M. BISHOP","MICHAEL SNELSON","CRAIG JENSEN","MARCIA CONOVER-HARRIS","CRAIG CONOVER","DALE WATSON","AMANDA MILLER"
"SP29","AMANDA MILLER","MARCIA CONOVER-HARRIS","XIMENA M. BISHOP","MICHAEL SNELSON","CRAIG CONOVER","CRAIG JENSEN","DALE WATSON"
"SP30","MARCIA CONOVER-HARRIS","CRAIG CONOVER","MICHAEL SNELSON","XIMENA M. BISHOP","AMANDA MILLER","DALE WATSON","CRAIG JENSEN"
"SP31","CRAIG CONOVER","MARCIA CONOVER-HARRIS","AMANDA MILLER","CRAIG JENSEN","MICHAEL SNELSON","XIMENA M. BISHOP","DALE WATSON"
"SP32","CRAIG CONOVER","XIMENA M. BISHOP","MICHAEL SNELSON","MARCIA CONOVER-HARRIS","CRAIG JENSEN","AMANDA MILLER","DALE WATSON"
"SP33","CRAIG CONOVER","MARCIA CONOVER-HARRIS","CRAIG JENSEN","DALE WATSON","MICHAEL SNELSON","AMANDA MILLER","XIMENA M. BISHOP"
"SP34","MARCIA CONOVER-HARRIS","MICHAEL SNELSON","CRAIG CONOVER","XIMENA M. BISHOP","CRAIG JENSEN","AMANDA MILLER","DALE WATSON"
"SP35","MARCIA CONOVER-HARRIS","CRAIG CONOVER","XIMENA M. BISHOP","AMANDA MILLER","CRAIG JENSEN","DALE WATSON","MICHAEL SNELSON"
"SP36","DALE WATSON","MICHAEL SNELSON","CRAIG CONOVER","CRAIG JENSEN","XIMENA M. BISHOP","MARCIA CONOVER-HARRIS","AMANDA MILLER"
"SP37","MARCIA CONOVER-HARRIS","XIMENA M. BISHOP","CRAIG CONOVER","MICHAEL SNELSON","CRAIG JENSEN","AMANDA MILLER","DALE WATSON"
"SP38","AMANDA MILLER","CRAIG CONOVER","CRAIG JENSEN","MICHAEL SNELSON","XIMENA M. BISHOP","MARCIA CONOVER-HARRIS","DALE WATSON"
"SP39","XIMENA M. BISHOP","MARCIA CONOVER-HARRIS","CRAIG JENSEN","CRAIG CONOVER","MICHAEL SNELSON","skipped","skipped"
"SP40","CRAIG JENSEN","skipped","skipped","skipped","skipped","skipped","skipped"
"SP41","MICHAEL SNELSON","CRAIG JENSEN","DALE WATSON","AMANDA MILLER","CRAIG CONOVER","MARCIA CONOVER-HARRIS","XIMENA M. BISHOP"
"SP42","MICHAEL SNELSON","DALE WATSON","XIMENA M. BISHOP","CRAIG CONOVER","CRAIG JENSEN","MARCIA CONOVER-HARRIS","AMANDA MILLER"
"SP43","AMANDA MILLER","MICHAEL SNELSON","MARCIA CONOVER-HARRIS","CRAIG JENSEN","DALE WATSON","CRAIG CONOVER","XIMENA M. BISHOP"
"SP44","XIMENA M. BISHOP","AMANDA MILLER","MARCIA CONOVER-HARRIS","CRAIG CONOVER","CRAIG JENSEN","MICHAEL SNELSON","DALE WATSON"
"SP45","MICHAEL SNELSON","CRAIG CONOVER","CRAIG JENSEN","MARCIA CONOVER-HARRIS","skipped","skipped","skipped"
"SP46","CRAIG CONOVER","CRAIG JENSEN","MICHAEL SNELSON","XIMENA M. BISHOP","MARCIA CONOVER-HARRIS","DALE WATSON","AMANDA MILLER"
"SP47","overvote","skipped","skipped","skipped","skipped","skipped","skipped"
"SP48","CRAIG CONOVER","MICHAEL SNELSON","CRAIG JENSEN","skipped","skipped","skipped","skipped"
"SP49","MICHAEL SNELSON","skipped","skipped","skipped","skipped","skipped","skipped"
"SP50","MARCIA CONOVER-HARRIS","XIMENA M. BISHOP","CRAIG JENSEN","MICHAEL SNELSON","AMANDA MILLER","DALE WATSON","CRAIG CONOVER"
"SP51","XIMENA M. BISHOP","CRAIG JENSEN","CRAIG CONOVER","MARCIA CONOVER-HARRIS","MICHAEL SNELSON","DALE WATSON","AMANDA MILLER"
"SP52","skipped","skipped","skipped","skipped","skipped","skipped","skipped"
"SP53","DALE WATSON","CRAIG JENSEN","MICHAEL SNELSON","CRAIG CONOVER","XIMENA M. BISHOP","MARCIA CONOVER-HARRIS","AMANDA MILLER"
"SP54","XIMENA M. BISHOP","MARCIA CONOVER-HARRIS","MICHAEL SNELSON","CRAIG JENSEN","CRAIG CONOVER","DALE WATSON","AMANDA MILLER"
"SP55","MICHAEL SNELSON","XIMENA M. BISHOP","DALE WATSON","AMANDA MILLER","CRAIG JENSEN","MARCIA CONOVER-HARRIS","CRAIG CONOVER"
"SP56","XIMENA M. BISHOP","MARCIA CONOVER-HARRIS","MICHAEL SNELSON","CRAIG JENSEN","CRAIG CONOVER","DALE WATSON","AMANDA MILLER"
"SP57","DALE WATSON","XIMENA M. BISHOP","MICHAEL SNELSON","AMANDA MILLER","CRAIG JENSEN","MARCIA CONOVER-HARRIS","CRAIG CONOVER"
"SP58","CRAIG CONOVER","AMANDA MILLER","DALE WATSON","MARCIA CONOVER-HARRIS","MICHAEL SNELSON","CRAIG JENSEN","XIMENA M. BISHOP"
"SP59","XIMENA M. BISHOP","MICHAEL SNELSON","DALE WATSON","AMANDA MILLER","CRAIG JENSEN","MARCIA CONOVER-HARRIS","CRAIG CONOVER"
"SP60","CRAIG JENSEN","MICHAEL SNELSON","AMANDA MILLER","DALE WATSON","CRAIG CONOVER","MARCIA CONOVER-HARRIS","XIMENA M. BISHOP"
"SP61","CRAIG JENSEN","MICHAEL SNELSON","XIMENA M. BISHOP","MARCIA CONOVER-HARRIS","CRAIG CONOVER","DALE WATSON","AMANDA MILLER"
"SP62","MICHAEL SNELSON","CRAIG CONOVER","MARCIA CONOVER-HARRIS","DALE WATSON","AMANDA MILLER","XIMENA M. BISHOP","CRAIG JENSEN"
"SP63","MICHAEL SNELSON","XIMENA M. BISHOP","CRAIG JENSEN","AMANDA MILLER","skipped","CRAIG CONOVER","MARCIA CONOVER-HARRIS"
"SP64","MICHAEL SNELSON","CRAIG JENSEN","skipped","skipped","skipped","skipped","skipped"
"SP65","MICHAEL SNELSON","XIMENA M. BISHOP","CRAIG JENSEN","MARCIA CONOVER-HARRIS","DALE WATSON","CRAIG CONOVER","AMANDA MILLER"
"SP66","MICHAEL SNELSON","CRAIG JENSEN","MARCIA CONOVER-HARRIS","XIMENA M. BISHOP","DALE WATSON","AMANDA MILLER","CRAIG CONOVER"
"SP67","XIMENA M. BISHOP","MICHAEL SNELSON","DALE WATSON","CRAIG JENSEN","AMANDA MILLER","MARCIA CONOVER-HARRIS","CRAIG CONOVER"
"SP68","MICHAEL SNELSON","CRAIG CONOVER","skipped","skipped","skipped","skipped","skipped"
"SP69","MICHAEL SNELSON","CRAIG JENSEN","DALE WATSON","CRAIG CONOVER","skipped","skipped","skipped"
"SP70","XIMENA M. BISHOP","CRAIG JENSEN","MARCIA CONOVER-HARRIS","CRAIG CONOVER","MICHAEL SNELSON","AMANDA MILLER","DALE WATSON"
"SP71","MICHAEL SNELSON","CRAIG JENSEN","DALE WATSON","CRAIG CONOVER","MARCIA CONOVER-HARRIS","AMANDA MILLER","XIMENA M. BISHOP"
"SP72","CRAIG CONOVER","DALE WATSON","CRAIG JENSEN","MICHAEL SNELSON","MARCIA CONOVER-HARRIS","AMANDA MILLER","XIMENA M. BISHOP"
"SP73","MICHAEL SNELSON","DALE WATSON","AMANDA MILLER","CRAIG JENSEN","MARCIA CONOVER-HARRIS","XIMENA M. BISHOP","CRAIG CONOVER"
"SP74","AMANDA MILLER","AMANDA MILLER","AMANDA MILLER","MARCIA CONOVER-HARRIS","MARCIA CONOVER-HARRIS","MARCIA CONOVER-HARRIS","CRAIG CONOVER"
"SP75","MICHAEL SNELSON","DALE WATSON","AMANDA MILLER","CRAIG JENSEN","MARCIA CONOVER-HARRIS","XIMENA M. BISHOP","CRAIG CONOVER"
"SP76","MARCIA CONOVER-HARRIS","AMANDA MILLER","skipped","skipped","skipped","skipped","skipped"
"SP77","CRAIG JENSEN","CRAIG CONOVER","XIMENA M. BISHOP","DALE WATSON","MICHAEL SNELSON","MARCIA CONOVER-HARRIS","AMANDA MILLER"
"SP78","XIMENA M. BISHOP","CRAIG JENSEN","MARCIA CONOVER-HARRIS","AMANDA MILLER","CRAIG CONOVER","MICHAEL SNELSON","DALE WATSON"
"SP79","MICHAEL SNELSON","XIMENA M. BISHOP","CRAIG CONOVER","MARCIA CONOVER-HARRIS","DALE WATSON","CRAIG JENSEN","AMANDA MILLER"
"SP80","skipped","skipped","skipped","skipped","skipped","skipped","skipped"
"SP81","MARCIA CONOVER-HARRIS","XIMENA M. BISHOP","AMANDA MILLER","DALE WATSON","CRAIG CONOVER","CRAIG JENSEN","MICHAEL SNELSON"
"SP82","MICHAEL SNELSON","XIMENA M. BISHOP","CRAIG JENSEN","AMANDA MILLER","DALE WATSON","MARCIA CONOVER-HARRIS","CRAIG CONOVER"
"SP83","XIMENA M. BISHOP","CRAIG CONOVER","MARCIA CONOVER-HARRIS","skipped","skipped","skipped","skipped"
"SP84","MICHAEL SNELSON","XIMENA M. BISHOP","CRAIG JENSEN","AMANDA MILLER","DALE WATSON","MARCIA CONOVER-HARRIS","CRAIG CONOVER"
"SP85","XIMENA M. BISHOP","MICHAEL SNELSON","DALE WATSON","CRAIG CONOVER","MARCIA CONOVER-HARRIS","CRAIG JENSEN","AMANDA MILLER"
"SP86","MICHAEL SNELSON","CRAIG CONOVER","MARCIA CONOVER-HARRIS","AMANDA MILLER","skipped","XIMENA M. BISHOP","DALE WATSON"
"SP87","XIMENA M. BISHOP","DALE WATSON","MARCIA CONOVER-HARRIS","CRAIG JENSEN","MICHAEL SNELSON","skipped","overvote"
"SP88","CRAIG CONOVER","DALE WATSON","AMANDA MILLER","CRAIG JENSEN","MICHAEL SNELSON","MARCIA CONOVER-HARRIS","XIMENA M. BISHOP"
"SP89","CRAIG CONOVER","MICHAEL SNELSON","CRAIG JENSEN","AMANDA MILLER","XIMENA M. BISHOP","MARCIA CONOVER-HARRIS","DALE WATSON"
"SP90","skipped","skipped","skipped","skipped","skipped","skipped","skipped"
"SP91","MICHAEL SNELSON","CRAIG JENSEN","skipped","skipped","skipped","skipped","skipped"
"SP92","skipped","skipped","skipped","skipped","skipped","skipped","skipped"
"SP93","MICHAEL SNELSON","CRAIG JENSEN","skipped","skipped","skipped","skipped","skipped"
"SP94","MICHAEL SNELSON","DALE WATSON","CRAIG CONOVER","AMANDA MILLER","CRAIG JENSEN","MARCIA CONOVER-HARRIS","XIMENA M. BISHOP"
"SP95","AMANDA MILLER","skipped","skipped","skipped","skipped","skipped","skipped"
"SP96","MICHAEL SNELSON","CRAIG JENSEN","MARCIA CONOVER-HARRIS","XIMENA M. BISHOP","DALE WATSON","AMANDA MILLER","CRAIG CONOVER"
"SP97","MICHAEL SNELSON","CRAIG JENSEN","skipped","skipped","skipped","CRAIG CONOVER","MARCIA CONOVER-HARRIS"
"SP98","MICHAEL SNELSON","skipped","skipped","skipped","skipped","skipped","skipped"
"SP99","XIMENA M. BISHOP","MARCIA CONOVER-HARRIS","CRAIG JENSEN","CRAIG CONOVER","MICHAEL SNELSON","skipped","skipped"
"SP100","XIMENA M. BISHOP","MARCIA CONOVER-HARRIS","MICHAEL SNELSON","CRAIG CONOVER","CRAIG JENSEN","skipped","skipped"
"SP101","CRAIG CONOVER","MARCIA CONOVER-HARRIS","CRAIG JENSEN","XIMENA M. BISHOP","MICHAEL SNELSON","AMANDA MILLER","DALE WATSON"
"SP102","XIMENA M. BISHOP","MARCIA CONOVER-HARRIS","CRAIG JENSEN","CRAIG CONOVER","MICHAEL SNELSON","skipped","skipped"
"SP103","skipped","skipped","skipped","skipped","skipped","skipped","skipped"
"SP104","MICHAEL SNELSON","DALE WATSON","CRAIG CONOVER","AMANDA MILLER","CRAIG JENSEN","MARCIA CONOVER-HARRIS","XIMENA M. BISHOP"
"SP105","MICHAEL SNELSON","CRAIG JENSEN","XIMENA M. BISHOP","CRAIG CONOVER","MARCIA CONOVER-HARRIS","DALE WATSON","AMANDA MILLER"
"SP106","MICHAEL SNELSON","MARCIA CONOVER-HARRIS","CRAIG CONOVER","XIMENA M. BISHOP","CRAIG JENSEN","DALE WATSON","AMANDA MILLER"
"SP107","CRAIG CONOVER","AMANDA MILLER","DALE WATSON","MICHAEL SNELSON","MARCIA CONOVER-HARRIS","CRAIG JENSEN","XIMENA M. BISHOP"
"SP108","skipped","skipped","skipped","skipped","skipped","skipped","skipped"
"SP109","DALE WATSON","MICHAEL SNELSON","CRAIG JENSEN","skipped","skipped","skipped","skipped"
"SP110","XIMENA M. BISHOP","AMANDA MILLER","MARCIA CONOVER-HARRIS","CRAIG CONOVER","MICHAEL SNELSON","CRAIG JENSEN","DALE WATSON"
"SP111","DALE WATSON","MICHAEL SNELSON","skipped","skipped","skipped","skipped","skipped"
"SP112","skipped","skipped","skipped","skipped","skipped","skipped","skipped"
"SP113","CRAIG JENSEN","MICHAEL SNELSON","DALE WATSON","XIMENA M. BISHOP","AMANDA MILLER","MARCIA CONOVER-HARRIS","CRAIG CONOVER"
"SP114","AMANDA MILLER","MARCIA CONOVER-HARRIS","XIMENA M. BISHOP","CRAIG CONOVER","CRAIG JENSEN","DALE WATSON","MICHAEL SNELSON"
"SP115","CRAIG JENSEN","MICHAEL SNELSON","DALE WATSON","XIMENA M. BISHOP","AMANDA MILLER","MARCIA CONOVER-HARRIS","CRAIG CONOVER"
"SP116","MARCIA CONOVER-HARRIS","CRAIG CONOVER","AMANDA MILLER","XIMENA M. BISHOP","CRAIG JENSEN","DALE WATSON","MICHAEL SNELSON"
"SP117","AMANDA MILLER","DALE WATSON","CRAIG CONOVER","MARCIA CONOVER-HARRIS","CRAIG JENSEN","XIMENA M. BISHOP","MICHAEL SNELSON"
"SP118","CRAIG JENSEN","MICHAEL SNELSON","skipped","skipped","skipped","MARCIA CONOVER-HARRIS","CRAIG CONOVER"
"SP119","CRAIG CONOVER","MARCIA CONOVER-HARRIS","AMANDA MILLER","CRAIG JENSEN","MICHAEL SNELSON","XIMENA M. BISHOP","DALE WATSON"
"SP120","CRAIG JENSEN","CRAIG CONOVER","MARCIA CONOVER-HARRIS","MICHAEL SNELSON","DALE WATSON","AMANDA MILLER","XIMENA M. BISHOP"
"SP121","AMANDA MILLER","DALE WATSON","CRAIG CONOVER","MARCIA CONOVER-HARRIS","CRAIG JENSEN","XIMENA M. BISHOP","MICHAEL SNELSON"
"SP122","MICHAEL SNELSON","CRAIG JENSEN","DALE WATSON","XIMENA M. BISHOP","MARCIA CONOVER-HARRIS","AMANDA MILLER","CRAIG CONOVER"
"SP123","DALE WATSON","XIMENA M. BISHOP","CRAIG JENSEN","AMANDA MILLER","CRAIG CONOVER","MICHAEL SNELSON","MARCIA CONOVER-HARRIS"
"SP124","MICHAEL SNELSON","CRAIG JENSEN","AMANDA MILLER","CRAIG CONOVER","MARCIA CONOVER-HARRIS","DALE WATSON","XIMENA M. BISHOP"
"SP125","CRAIG CONOVER","MARCIA CONOVER-HARRIS","MICHAEL SNELSON","CRAIG JENSEN","DALE WATSON","overvote","skipped"
"SP126","CRAIG CONOVER","MICHAEL SNELSON","CRAIG JENSEN","XIMENA M. BISHOP","MARCIA CONOVER-HARRIS","AMANDA MILLER","DALE WATSON"
"SP127","MICHAEL SNELSON","skipped","skipped","skipped","skipped","skipped","skipped"
"SP128","MICHAEL SNELSON","CRAIG JENSEN","MARCIA CONOVER-HARRIS","XIMENA M. BISHOP","AMANDA MILLER","DALE WATSON","CRAIG CONOVER"
"SP129","MICHAEL SNELSON","CRAIG CONOVER","CRAIG JENSEN","DALE WATSON","CRAIG CONOVER","XIMENA M. BISHOP","AMANDA MILLER"
"SP130","CRAIG JENSEN","CRAIG CONOVER","MARCIA CONOVER-HARRIS","MICHAEL SNELSON","AMANDA MILLER","XIMENA M. BISHOP","DALE WATSON"
"SP131","XIMENA M. BISHOP","MARCIA CONOVER-HARRIS","AMANDA MILLER","MICHAEL SNELSON","CRAIG CONOVER","CRAIG JENSEN","DALE WATSON"
"SP132","MICHAEL SNELSON","CRAIG CONOVER","CRAIG JENSEN","DALE WATSON","MARCIA CONOVER-HARRIS","XIMENA M. BISHOP","AMANDA MILLER"
"SP133","MARCIA CONOVER-HARRIS","XIMENA M. BISHOP","skipped","skipped","skipped","skipped","skipped"
"SP134","MICHAEL SNELSON","CRAIG CONOVER","AMANDA MILLER","MARCIA CONOVER-HARRIS","XIMENA M. BISHOP","CRAIG JENSEN","DALE WATSON"
"SP135","XIMENA M. BISHOP","MARCIA CONOVER-HARRIS","skipped","skipped","skipped","skipped","skipped"
"SP136","MICHAEL SNELSON","CRAIG CONOVER","MARCIA CONOVER-HARRIS","XIMENA M. BISHOP","CRAIG JENSEN","AMANDA MILLER","DALE WATSON"
"SP137","MICHAEL SNELSON","MARCIA CONOVER-HARRIS","CRAIG CONOVER","CRAIG JENSEN","XIMENA M. BISHOP","AMANDA MILLER","DALE WATSON"
"SP138","MARCIA CONOVER-HARRIS","XIMENA M. BISHOP","skipped","skipped","skipped","skipped","skipped"
"SP139","MICHAEL SNELSON","CRAIG CONOVER","MARCIA CONOVER-HARRIS","CRAIG JENSEN","AMANDA MILLER","DALE WATSON","XIMENA M. BISHOP"
"SP140","MICHAEL SNELSON","DALE WATSON","MARCIA CONOVER-HARRIS","XIMENA M. BISHOP","CRAIG CONOVER","CRAIG JENSEN","AMANDA MILLER"
"SP141","MICHAEL SNELSON","CRAIG CONOVER","MARCIA CONOVER-HARRIS","CRAIG JENSEN","AMANDA MILLER","DALE WATSON","XIMENA M. BISHOP"
"SP142","XIMENA M. BISHOP","AMANDA MILLER","CRAIG JENSEN","skipped","skipped","skipped","skipped"
"SP143","CRAIG CONOVER","AMANDA MILLER","MARCIA CONOVER-HARRIS","MICHAEL SNELSON","CRAIG JENSEN","DALE WATSON","XIMENA M. BISHOP"
"SP144","skipped","skipped","skipped","skipped","skipped","skipped","skipped"
"SP145","CRAIG CONOVER","MARCIA CONOVER-HARRIS","DALE WATSON","MICHAEL SNELSON","CRAIG JENSEN","XIMENA M. BISHOP","AMANDA MILLER"
"SP146","MICHAEL SNELSON","DALE WATSON","XIMENA M. BISHOP","CRAIG JENSEN","CRAIG CONOVER","MARCIA CONOVER-HARRIS","AMANDA MILLER"
"SP147","MARCIA CONOVER-HARRIS","MICHAEL SNELSON","XIMENA M. BISHOP","skipped","skipped","skipped","skipped"
"SP148","MARCIA CONOVER-HARRIS","MICHAEL SNELSON","XIMENA M. BISHOP","CRAIG JENSEN","skipped","skipped","skipped"
"SP149","skipped","skipped","skipped","skipped","skipped","skipped","skipped"
"SP150","CRAIG CONOVER","AMANDA MILLER","XIMENA M. BISHOP","MICHAEL SNELSON","DALE WATSON","MARCIA CONOVER-HARRIS","CRAIG JENSEN"
"SP151","CRAIG JENSEN","MICHAEL SNELSON","XIMENA M. BISHOP","MARCIA CONOVER-HARRIS","CRAIG CONOVER","DALE WATSON","AMANDA MILLER"
"SP152","MICHAEL SNELSON","MARCIA CONOVER-HARRIS","DALE WATSON","XIMENA M. BISHOP","CRAIG JENSEN","CRAIG CONOVER","AMANDA MILLER"
"SP153","CRAIG CONOVER","MARCIA CONOVER-HARRIS","skipped","skipped","skipped","skipped","skipped"
"SP154","MARCIA CONOVER-HARRIS","skipped","skipped","skipped","skipped","skipped","skipped"
"SP155","XIMENA M. BISHOP","MICHAEL SNELSON","CRAIG JENSEN","DALE WATSON","AMANDA MILLER","CRAIG CONOVER","MARCIA CONOVER-HARRIS"
"SP156","XIMENA M. BISHOP","DALE WATSON","MICHAEL SNELSON","CRAIG JENSEN","MARCIA CONOVER-HARRIS","CRAIG CONOVER","AMANDA MILLER"
"SP157","XIMENA M. BISHOP","MARCIA CONOVER-HARRIS","CRAIG CONOVER","skipped","skipped","skipped","skipped"
"SP158","XIMENA M. BISHOP","CRAIG CONOVER","skipped","skipped","skipped","skipped","skipped"
"SP159","MARCIA CONOVER-HARRIS","CRAIG CONOVER","MICHAEL SNELSON","XIMENA M. BISHOP","CRAIG JENSEN","AMANDA MILLER","DALE WATSON"
"SP160","MICHAEL SNELSON","CRAIG CONOVER","MARCIA CONOVER-HARRIS","skipped","skipped","skipped","skipped"
"SP161","MICHAEL SNELSON","CRAIG CONOVER","CRAIG JENSEN","DALE WATSON","MARCIA CONOVER-HARRIS","XIMENA M. BISHOP","AMANDA MILLER"
"SP162","XIMENA M. BISHOP","CRAIG CONOVER","MICHAEL SNELSON","MARCIA CONOVER-HARRIS","AMANDA MILLER","CRAIG JENSEN","DALE WATSON"
"SP163","MARCIA CONOVER-HARRIS","CRAIG CONOVER","CRAIG JENSEN","DALE WATSON","XIMENA M. BISHOP","MICHAEL SNELSON","AMANDA MILLER"
"SP164","AMANDA MILLER","XIMENA M. BISHOP","CRAIG JENSEN","skipped","skipped","skipped","skipped"
"SP165","AMANDA MILLER","CRAIG CONOVER","XIMENA M. BISHOP","CRAIG JENSEN","MARCIA CONOVER-HARRIS","DALE WATSON","MICHAEL SNELSON"
"SP166","AMANDA MILLER","CRAIG JENSEN","CRAIG CONOVER","DALE WATSON","MARCIA CONOVER-HARRIS","MICHAEL SNELSON","XIMENA M. BISHOP"
"SP167","XIMENA M. BISHOP","CRAIG CONOVER","MICHAEL SNELSON","MARCIA CONOVER-HARRIS","AMANDA MILLER","CRAIG JENSEN","DALE WATSON"
"SP168","MICHAEL SNELSON","XIMENA M. BISHOP","DALE WATSON","CRAIG JENSEN","AMANDA MILLER","MARCIA CONOVER-HARRIS","CRAIG CONOVER"
"SP169","AMANDA MILLER","CRAIG CONOVER","XIMENA M. BISHOP","CRAIG JENSEN","MARCIA CONOVER-HARRIS","MICHAEL SNELSON","DALE WATSON"
"SP170","CRAIG JENSEN","XIMENA M. BISHOP","CRAIG CONOVER","MICHAEL SNELSON","DALE WATSON","MARCIA CONOVER-HARRIS","AMANDA MILLER"
"SP171","MICHAEL SNELSON","DALE WATSON","CRAIG CONOVER","CRAIG JENSEN","XIMENA M. BISHOP","MARCIA CONOVER-HARRIS","AMANDA MILLER"
"SP172","CRAIG CONOVER","MARCIA CONOVER-HARRIS","skipped","skipped","skipped","skipped","skipped"
"SP173","MICHAEL SNELSON","CRAIG JENSEN","MARCIA CONOVER-HARRIS","XIMENA M. BISHOP","CRAIG CONOVER","DALE WATSON","AMANDA MILLER"
"SP174","MARCIA CONOVER-HARRIS","MICHAEL SNELSON","XIMENA M. BISHOP","skipped","skipped","skipped","skipped"
"SP175","AMANDA MILLER","XIMENA M. BISHOP","CRAIG CONOVER","MARCIA CONOVER-HARRIS","CRAIG JENSEN","MICHAEL SNELSON","DALE WATSON"
"SP176","CRAIG JENSEN","CRAIG CONOVER","XIMENA M. BISHOP","DALE WATSON","MICHAEL SNELSON","MARCIA CONOVER-HARRIS","AMANDA MILLER"
"SP177","AMANDA MILLER","CRAIG JENSEN","DALE WATSON","XIMENA M. BISHOP","MARCIA CONOVER-HARRIS","MICHAEL SNELSON","CRAIG CONOVER"
"SP178","CRAIG JENSEN","XIMENA M. BISHOP","CRAIG CONOVER","MICHAEL SNELSON","DALE WATSON","MARCIA CONOVER-HARRIS","AMANDA MILLER"
"SP179","CRAIG CONOVER","MARCIA CONOVER-HARRIS","CRAIG CONOVER","CRAIG CONOVER","MARCIA CONOVER-HARRIS","MARCIA CONOVER-HARRIS","MARCIA CONOVER-HARRIS"
"SP180","MARCIA CONOVER-HARRIS","XIMENA M. BISHOP","MICHAEL SNELSON","CRAIG JENSEN","CRAIG CONOVER","DALE WATSON","AMANDA MILLER"
"SP181","XIMENA M. BISHOP","CRAIG JENSEN","MICHAEL SNELSON","DALE WATSON","AMANDA MILLER","CRAIG CONOVER","MARCIA CONOVER-HARRIS"
"SP182","XIMENA M. BISHOP","CRAIG JENSEN","MICHAEL SNELSON","DALE WATSON","AMANDA MILLER","CRAIG CONOVER","MARCIA CONOVER-HARRIS"
"SP183","CRAIG JENSEN","MICHAEL SNELSON","XIMENA M. BISHOP","DALE WATSON","DALE WATSON","MARCIA CONOVER-HARRIS","AMANDA MILLER"
"SP184","MICHAEL SNELSON","CRAIG CONOVER","DALE WATSON","MARCIA CONOVER-HARRIS","CRAIG JENSEN","XIMENA M. BISHOP","AMANDA MILLER"
"SP185","MICHAEL SNELSON","CRAIG CONOVER","CRAIG JENSEN","XIMENA M. BISHOP","AMANDA MILLER","DALE WATSON","MARCIA CONOVER-HARRIS"
"SP186","AMANDA MILLER","MARCIA CONOVER-HARRIS","XIMENA M. BISHOP","CRAIG CONOVER","CRAIG JENSEN","MICHAEL SNELSON","DALE WATSON"
"SP187","skipped","skipped","skipped","skipped","skipped","skipped","skipped"
"SP188","CRAIG CONOVER","MICHAEL SNELSON","DALE WATSON","CRAIG JENSEN","XIMENA M. BISHOP","MARCIA CONOVER-HARRIS","AMANDA MILLER"
"SP189","MARCIA CONOVER-HARRIS","XIMENA M. BISHOP","AMANDA MILLER","DALE WATSON","CRAIG CONOVER","CRAIG JENSEN","MICHAEL SNELSON"
"SP190","CRAIG CONOVER","MICHAEL SNELSON","CRAIG JENSEN","MARCIA CONOVER-HARRIS","AMANDA MILLER","XIMENA M. BISHOP","DALE WATSON"
"SP191","CRAIG CONOVER","MICHAEL SNELSON","MARCIA CONOVER-HARRIS","DALE WATSON","AMANDA MILLER","XIMENA M. BISHOP","CRAIG JENSEN"
"SP192","CRAIG CONOVER","MICHAEL SNELSON","DALE WATSON","CRAIG JENSEN","XIMENA M. BISHOP","MARCIA CONOVER-HARRIS","AMANDA MILLER"
"SP193","CRAIG CONOVER","AMANDA MILLER","MICHAEL SNELSON","skipped","skipped","skipped","skipped"
"SP194","MICHAEL SNELSON","DALE WATSON","MARCIA CONOVER-HARRIS","XIMENA M. BISHOP","CRAIG JENSEN","CRAIG CONOVER","AMANDA MILLER"
"SP195","MICHAEL SNELSON","CRAIG JENSEN","CRAIG CONOVER","DALE WATSON","XIMENA M. BISHOP","MARCIA CONOVER-HARRIS","AMANDA MILLER"
"SP196","CRAIG CONOVER","MARCIA CONOVER-HARRIS","MICHAEL SNELSON","XIMENA M. BISHOP","CRAIG JENSEN","AMANDA MILLER","DALE WATSON"
"SP197","MICHAEL SNELSON","CRAIG JENSEN","CRAIG CONOVER","MARCIA CONOVER-HARRIS","AMANDA MILLER","DALE WATSON","XIMENA M. BISHOP"
"SP198","MARCIA CONOVER-HARRIS","MICHAEL SNELSON","XIMENA M. BISHOP","skipped","skipped","skipped","skipped"
"SP199","MICHAEL SNELSON","CRAIG JENSEN","CRAIG CONOVER","AMANDA MILLER","MARCIA CONOVER-HARRIS","DALE WATSON","skipped"
"SP200","MICHAEL SNELSON","CRAIG CONOVER","CRAIG JENSEN","skipped","skipped","skipped","skipped"
"SP201","CRAIG JENSEN","AMANDA MILLER","MICHAEL SNELSON","XIMENA M. BISHOP","CRAIG CONOVER","DALE WATSON","MARCIA CONOVER-HARRIS"
"SP202","XIMENA M. BISHOP","MICHAEL SNELSON","MARCIA CONOVER-HARRIS","CRAIG CONOVER","AMANDA MILLER","CRAIG JENSEN","DALE WATSON"
"SP203","MICHAEL SNELSON","DALE WATSON","CRAIG JENSEN","CRAIG CONOVER","AMANDA MILLER","MARCIA CONOVER-HARRIS","XIMENA M. BISHOP"
"SP204","MICHAEL SNELSON","CRAIG JENSEN","DALE WATSON","AMANDA MILLER","CRAIG CONOVER","MARCIA CONOVER-HARRIS","XIMENA M. BISHOP"
"SP205","CRAIG JENSEN","XIMENA M. BISHOP","MICHAEL SNELSON","skipped","skipped","skipped","skipped"
"SP206","MARCIA CONOVER-HARRIS","XIMENA M. BISHOP","CRAIG JENSEN","CRAIG CONOVER","MICHAEL SNELSON","AMANDA MILLER","DALE WATSON"
"SP207","MARCIA CONOVER-HARRIS","DALE WATSON","CRAIG CONOVER","CRAIG JENSEN","XIMENA M. BISHOP","MICHAEL SNELSON","AMANDA MILLER"
"SP208","XIMENA M. BISHOP","MARCIA CONOVER-HARRIS","AMANDA MILLER","DALE WATSON","MICHAEL SNELSON","CRAIG JENSEN","CRAIG CONOVER"
"SP209","CRAIG CONOVER","CRAIG JENSEN","MARCIA CONOVER-HARRIS","MICHAEL SNELSON","XIMENA M. BISHOP","AMANDA MILLER","DALE WATSON"
"SP210","DALE WATSON","XIMENA M. BISHOP","MICHAEL SNELSON","CRAIG CONOVER","CRAIG JENSEN","MARCIA CONOVER-HARRIS","AMANDA MILLER"
"SP211","CRAIG JENSEN","skipped","skipped","skipped","skipped","skipped","skipped"
"SP212","AMANDA MILLER","MARCIA CONOVER-HARRIS","XIMENA M. BISHOP","CRAIG CONOVER","CRAIG JENSEN","MICHAEL SNELSON","DALE WATSON"
"SP213","CRAIG JENSEN","MICHAEL SNELSON","DALE WATSON","CRAIG CONOVER","XIMENA M. BISHOP","AMANDA MILLER","MARCIA CONOVER-HARRIS"
"SP214","MARCIA CONOVER-HARRIS","AMANDA MILLER","CRAIG JENSEN","CRAIG CONOVER","XIMENA M. BISHOP","DALE WATSON","MICHAEL SNELSON"
"SP215","CRAIG JENSEN","DALE WATSON","MICHAEL SNELSON","XIMENA M. BISHOP","AMANDA MILLER","CRAIG CONOVER","MARCIA CONOVER-HARRIS"
"SP216","XIMENA M. BISHOP","MICHAEL SNELSON","CRAIG JENSEN","DALE WATSON","MARCIA CONOVER-HARRIS","AMANDA MILLER","CRAIG CONOVER"
"SP217","XIMENA M. BISHOP","MARCIA CONOVER-HARRIS","AMANDA MILLER","DALE WATSON","MICHAEL SNELSON","CRAIG JENSEN","CRAIG CONOVER"
"SP218","MICHAEL SNELSON","XIMENA M. BISHOP","CRAIG CONOVER","MARCIA CONOVER-HARRIS","DALE WATSON","CRAIG JENSEN","AMANDA MILLER"
"SP219","CRAIG CONOVER","CRAIG JENSEN","MICHAEL SNELSON","skipped","skipped","skipped","skipped"
"SP220","skipped","skipped","skipped","skipped","skipped","skipped","skipped"
"SP221","MARCIA CONOVER-HARRIS","XIMENA M. BISHOP","MICHAEL SNELSON","CRAIG JENSEN","CRAIG CONOVER","AMANDA MILLER","DALE WATSON"
"SP222","skipped","skipped","skipped","skipped","skipped","skipped","skipped"
"SP223","MARCIA CONOVER-HARRIS","XIMENA M. BISHOP","CRAIG JENSEN","CRAIG CONOVER","DALE WATSON","MICHAEL SNELSON","AMANDA MILLER"
"SP224","CRAIG JENSEN","XIMENA M. BISHOP","CRAIG CONOVER","MARCIA CONOVER-HARRIS","MICHAEL SNELSON","DALE WATSON","AMANDA MILLER"
"SP225","CRAIG JENSEN","CRAIG CONOVER","MICHAEL SNELSON","MARCIA CONOVER-HARRIS","skipped","skipped","skipped"
"SP226","XIMENA M. BISHOP","MARCIA CONOVER-HARRIS","MICHAEL SNELSON","CRAIG CONOVER","CRAIG JENSEN","AMANDA MILLER","DALE WATSON"
"SP227","CRAIG CONOVER","CRAIG JENSEN","skipped","skipped","skipped","skipped","skipped"
"SP228","MICHAEL SNELSON","CRAIG CONOVER","skipped","skipped","skipped","skipped","skipped"
"SP229","skipped","skipped","skipped","skipped","skipped","skipped","skipped"
"SP230","MICHAEL SNELSON","CRAIG CONOVER","CRAIG JENSEN","MARCIA CONOVER-HARRIS","AMANDA MILLER","DALE WATSON","XIMENA M. BISHOP"
"SP231","XIMENA M. BISHOP","CRAIG CONOVER","CRAIG JENSEN","MARCIA CONOVER-HARRIS","MICHAEL SNELSON","AMANDA MILLER","DALE WATSON"
"SP232","MICHAEL SNELSON","CRAIG JENSEN","DALE WATSON","XIMENA M. BISHOP","AMANDA MILLER","MARCIA CONOVER-HARRIS","CRAIG CONOVER"
"SP233","XIMENA M. BISHOP","CRAIG CONOVER","CRAIG JENSEN","MARCIA CONOVER-HARRIS","MICHAEL SNELSON","AMANDA MILLER","DALE WATSON"
"SP234","MICHAEL SNELSON","DALE WATSON","CRAIG JENSEN","XIMENA M. BISHOP","AMANDA MILLER","MARCIA CONOVER-HARRIS","CRAIG CONOVER"
"SP235","MARCIA CONOVER-HARRIS","CRAIG CONOVER","CRAIG JENSEN","MICHAEL SNELSON","XIMENA M. BISHOP","DALE WATSON","AMANDA MILLER"
"SP236","MICHAEL SNELSON","CRAIG CONOVER","MARCIA CONOVER-HARRIS","XIMENA M. BISHOP","CRAIG JENSEN","AMANDA MILLER","DALE WATSON"
"SP237","AMANDA MILLER","DALE WATSON","CRAIG JENSEN","CRAIG CONOVER","MARCIA CONOVER-HARRIS","MICHAEL SNELSON","XIMENA M. BISHOP"
"SP238","CRAIG JENSEN","DALE WATSON","XIMENA M. BISHOP","CRAIG CONOVER","AMANDA MILLER","MARCIA CONOVER-HARRIS","MICHAEL SNELSON"
"SP239","AMANDA MILLER","DALE WATSON","CRAIG JENSEN","CRAIG CONOVER","MARCIA CONOVER-HARRIS","MICHAEL SNELSON","XIMENA M. BISHOP"
"SP240","MARCIA CONOVER-HARRIS","CRAIG JENSEN","XIMENA M. BISHOP","CRAIG CONOVER","MICHAEL SNELSON","AMANDA MILLER","DALE WATSON"
"SP241","MICHAEL SNELSON","MARCIA CONOVER-HARRIS","CRAIG JENSEN","XIMENA M. BISHOP","CRAIG CONOVER","DALE WATSON","AMANDA MILLER"
"SP242","XIMENA M. BISHOP","MICHAEL SNELSON","CRAIG JENSEN","MARCIA CONOVER-HARRIS","skipped","skipped","skipped"
"SP243","MICHAEL SNELSON","XIMENA M. BISHOP","MARCIA CONOVER-HARRIS","CRAIG JENSEN","skipped","skipped","skipped"
"SP244","MICHAEL SNELSON","CRAIG CONOVER","MARCIA CONOVER-HARRIS","CRAIG JENSEN","skipped","skipped","skipped"
"SP245","XIMENA M. BISHOP","MARCIA CONOVER-HARRIS","MICHAEL SNELSON","CRAIG CONOVER","CRAIG JENSEN","AMANDA MILLER","DALE WATSON"
"SP246","XIMENA M. BISHOP","DALE WATSON","MICHAEL SNELSON","CRAIG CONOVER","CRAIG JENSEN","MARCIA CONOVER-HARRIS","AMANDA MILLER"
"SP247","DALE WATSON","XIMENA M. BISHOP","AMANDA MILLER","CRAIG CONOVER","MICHAEL SNELSON","CRAIG JENSEN","MARCIA CONOVER-HARRIS"
"SP248","MICHAEL SNELSON","XIMENA M. BISHOP","CRAIG CONOVER","AMANDA MILLER","DALE WATSON","CRAIG JENSEN","MARCIA CONOVER-HARRIS"
"SP249","AMANDA MILLER","CRAIG JENSEN","DALE WATSON","XIMENA M. BISHOP","MARCIA CONOVER-HARRIS","MICHAEL SNELSON","CRAIG CONOVER"
"SP250","CRAIG JENSEN","MICHAEL SNELSON","CRAIG CONOVER","MARCIA CONOVER-HARRIS","XIMENA M. BISHOP","DALE WATSON","AMANDA MILLER"
"SP251","CRAIG CONOVER","MICHAEL SNELSON","CRAIG JENSEN","XIMENA M. BISHOP","AMANDA MILLER","DALE WATSON","MARCIA CONOVER-HARRIS"
"SP252","MICHAEL SNELSON","CRAIG CONOVER","XIMENA M. BISHOP","CRAIG JENSEN","MARCIA CONOVER-HARRIS","AMANDA MILLER","DALE WATSON"
"SP253","CRAIG CONOVER","MICHAEL SNELSON","CRAIG JENSEN","XIMENA M. BISHOP","AMANDA MILLER","DALE WATSON","MARCIA CONOVER-HARRIS"
"SP254","MICHAEL SNELSON","CRAIG CONOVER","XIMENA M. BISHOP","CRAIG JENSEN","MARCIA CONOVER-HARRIS","AMANDA MILLER","DALE WATSON"
"SP255","MICHAEL SNELSON","CRAIG JENSEN","DALE WATSON","CRAIG CONOVER","XIMENA M. BISHOP","skipped","skipped"
"SP256","CRAIG CONOVER","CRAIG JENSEN","AMANDA MILLER","MICHAEL SNELSON","MARCIA CONOVER-HARRIS","XIMENA M. BISHOP","DALE WATSON"
"SP257","MICHAEL SNELSON","XIMENA M. BISHOP","CRAIG JENSEN","AMANDA MILLER","DALE WATSON","MARCIA CONOVER-HARRIS","CRAIG CONOVER"
"SP258","XIMENA M. BISHOP","AMANDA MILLER","MARCIA CONOVER-HARRIS","MICHAEL SNELSON","CRAIG CONOVER","CRAIG JENSEN","DALE WATSON"
"SP259","DALE WATSON","CRAIG CONOVER","XIMENA M. BISHOP","CRAIG JENSEN","AMANDA MILLER","MARCIA CONOVER-HARRIS","MICHAEL SNELSON"
"SP260","DALE WATSON","MICHAEL SNELSON","skipped","skipped","skipped","skipped","skipped"
"SP261","CRAIG CONOVER","skipped","skipped","skipped","skipped","skipped","skipped"
"SP262","skipped","skipped","skipped","skipped","skipped","skipped","skipped"
"SP263","MICHAEL SNELSON","CRAIG JENSEN","DALE WATSON","CRAIG CONOVER","skipped","skipped","skipped"
"SP264","CRAIG JENSEN","MICHAEL SNELSON","CRAIG CONOVER","MARCIA CONOVER-HARRIS","skipped","skipped","skipped"
"SP265","skipped","skipped","skipped","skipped","skipped","skipped","skipped"
"SP266","CRAIG JENSEN","XIMENA M. BISHOP","CRAIG CONOVER","MICHAEL SNELSON","MARCIA CONOVER-HARRIS","AMANDA MILLER","DALE WATSON"
"SP267","overvote","CRAIG CONOVER","DALE WATSON","AMANDA MILLER","skipped","skipped","skipped"
"SP268","MICHAEL SNELSON","CRAIG JENSEN","MARCIA CONOVER-HARRIS","CRAIG CONOVER","DALE WATSON","XIMENA M. BISHOP","AMANDA MILLER"
"SP269","AMANDA MILLER","MARCIA CONOVER-HARRIS","CRAIG CONOVER","CRAIG JENSEN","MICHAEL SNELSON","XIMENA M. BISHOP","DALE WATSON"
"SP270","XIMENA M. BISHOP","MICHAEL SNELSON","CRAIG JENSEN","CRAIG CONOVER","MARCIA CONOVER-HARRIS","AMANDA MILLER","DALE WATSON"
"SP271","MARCIA CONOVER-HARRIS","MICHAEL SNELSON","XIMENA M. BISHOP","skipped","skipped","skipped","skipped"
"SP272","DALE WATSON","MICHAEL SNELSON","CRAIG JENSEN","skipped","skipped","skipped","skipped"
"SP273","AMANDA MILLER","CRAIG JENSEN","XIMENA M. BISHOP","CRAIG CONOVER","MARCIA CONOVER-HARRIS","DALE WATSON","MICHAEL SNELSON"
"SP274","CRAIG CONOVER","MICHAEL SNELSON","CRAIG JENSEN","MARCIA CONOVER-HARRIS","DALE WATSON","AMANDA MILLER","XIMENA M. BISHOP"
"SP275","MICHAEL SNELSON","CRAIG JENSEN","DALE WATSON","AMANDA MILLER","XIMENA M. BISHOP","skipped","overvote"
"SP276","CRAIG CONOVER","MARCIA CONOVER-HARRIS","CRAIG JENSEN","MICHAEL SNELSON","XIMENA M. BISHOP","AMANDA MILLER","DALE WATSON"
"SP277","XIMENA M. BISHOP","CRAIG JENSEN","MARCIA CONOVER-HARRIS","MICHAEL SNELSON","CRAIG CONOVER","AMANDA MILLER","DALE WATSON"
"SP278","MICHAEL SNELSON","CRAIG JENSEN","DALE WATSON","MARCIA CONOVER-HARRIS","CRAIG CONOVER","AMANDA MILLER","XIMENA M. BISHOP"
"SP279","XIMENA M. BISHOP","MICHAEL SNELSON","CRAIG CONOVER","MARCIA CONOVER-HARRIS","CRAIG JENSEN","skipped","skipped"
"SP280","MICHAEL SNELSON","XIMENA M. BISHOP","CRAIG JENSEN","MARCIA CONOVER-HARRIS","DALE WATSON","CRAIG CONOVER","AMANDA MILLER"
"SP281","XIMENA M. BISHOP","MARCIA CONOVER-HARRIS","MICHAEL SNELSON","CRAIG JENSEN","CRAIG CONOVER","AMANDA MILLER","DALE WATSON"
"SP282","MICHAEL SNELSON","CRAIG JENSEN","CRAIG CONOVER","DALE WATSON","XIMENA M. BISHOP","AMANDA MILLER","MARCIA CONOVER-HARRIS"
"SP283","CRAIG JENSEN","MICHAEL SNELSON","DALE WATSON","CRAIG CONOVER","AMANDA MILLER","MARCIA CONOVER-HARRIS","XIMENA M. BISHOP"
"SP284","XIMENA M. BISHOP","MARCIA CONOVER-HARRIS","CRAIG JENSEN","CRAIG CONOVER","MICHAEL SNELSON","AMANDA MILLER","DALE WATSON"
"SP285","AMANDA MILLER","skipped","skipped","skipped","skipped","skipped","skipped"
"SP286","MARCIA CONOVER-HARRIS","MICHAEL SNELSON","XIMENA M. BISHOP","CRAIG JENSEN","skipped","skipped","skipped"
"SP287","MARCIA CONOVER-HARRIS","MICHAEL SNELSON","XIMENA M. BISHOP","CRAIG CONOVER","AMANDA MILLER","DALE WATSON","CRAIG JENSEN"
"SP288","XIMENA M. BISHOP","MICHAEL SNELSON","CRAIG CONOVER","MARCIA CONOVER-HARRIS","AMANDA MILLER","CRAIG JENSEN","DALE WATSON"
"SP289","XIMENA M. BISHOP","AMANDA MILLER","MARCIA CONOVER-HARRIS","CRAIG CONOVER","CRAIG JENSEN","MICHAEL SNELSON","DALE WATSON"
"SP290","CRAIG JENSEN","XIMENA M. BISHOP","MARCIA CONOVER-HARRIS","DALE WATSON","MICHAEL SNELSON","CRAIG CONOVER","AMANDA MILLER"
"SP291","DALE WATSON","CRAIG JENSEN","AMANDA MILLER","MARCIA CONOVER-HARRIS","XIMENA M. BISHOP","MICHAEL SNELSON","CRAIG CONOVER"
"SP292","DALE WATSON","CRAIG CONOVER","CRAIG JENSEN","MICHAEL SNELSON","MARCIA CONOVER-HARRIS","AMANDA MILLER","XIMENA M. BISHOP"
"SP293","MICHAEL SNELSON","CRAIG JENSEN","XIMENA M. BISHOP","CRAIG CONOVER","MARCIA CONOVER-HARRIS","DALE WATSON","AMANDA MILLER"
"SP294","CRAIG CONOVER","MARCIA CONOVER-HARRIS","MICHAEL SNELSON","XIMENA M. BISHOP","CRAIG JENSEN","AMANDA MILLER","DALE WATSON"
"SP295","AMANDA MILLER","DALE WATSON","MICHAEL SNELSON","CRAIG JENSEN","CRAIG CONOVER","MARCIA CONOVER-HARRIS","XIMENA M. BISHOP"
"SP296","XIMENA M. BISHOP","MARCIA CONOVER-HARRIS","CRAIG CONOVER","CRAIG JENSEN","skipped","skipped","skipped"
"SP297","XIMENA M. BISHOP","CRAIG CONOVER","MARCIA CONOVER-HARRIS","AMANDA MILLER","CRAIG JENSEN","MICHAEL SNELSON","DALE WATSON"
"SP298","XIMENA M. BISHOP","MARCIA CONOVER-HARRIS","AMANDA MILLER","MICHAEL SNELSON","DALE WATSON","CRAIG CONOVER","CRAIG JENSEN"
"SP299","MARCIA CONOVER-HARRIS","XIMENA M. BISHOP","DALE WATSON","MICHAEL SNELSON","CRAIG CONOVER","CRAIG JENSEN","AMANDA MILLER"
"SP300","XIMENA M. BISHOP","MARCIA CONOVER-HARRIS","MICHAEL SNELSON","CRAIG JENSEN","AMANDA MILLER","CRAIG CONOVER","DALE WATSON"
"SP301","MARCIA CONOVER-HARRIS","CRAIG CONOVER","MICHAEL SNELSON","skipped","skipped","skipped","skipped"
"SP302","XIMENA M. BISHOP","MICHAEL SNELSON","AMANDA MILLER","DALE WATSON","CRAIG JENSEN","MARCIA CONOVER-HARRIS","CRAIG CONOVER"
"SP303","MICHAEL SNELSON","CRAIG JENSEN","DALE WATSON","AMANDA MILLER","CRAIG CONOVER","MARCIA CONOVER-HARRIS","XIMENA M. BISHOP"
"SP304","CRAIG CONOVER","DALE WATSON","CRAIG JENSEN","MICHAEL SNELSON","MARCIA CONOVER-HARRIS","XIMENA M. BISHOP","AMANDA MILLER"
"SP305","MICHAEL SNELSON","CRAIG JENSEN","CRAIG CONOVER","AMANDA MILLER","MARCIA CONOVER-HARRIS","DALE WATSON","XIMENA M. BISHOP"
"SP306","MICHAEL SNELSON","XIMENA M. BISHOP","CRAIG JENSEN","DALE WATSON","AMANDA MILLER","MARCIA CONOVER-HARRIS","CRAIG CONOVER"
"SP307","MARCIA CONOVER-HARRIS","CRAIG JENSEN","MICHAEL SNELSON","XIMENA M. BISHOP","CRAIG CONOVER","DALE WATSON","AMANDA MILLER"
"SP308","CRAIG JENSEN","AMANDA MILLER","MICHAEL SNELSON","XIMENA M. BISHOP","DALE WATSON","CRAIG CONOVER","MARCIA CONOVER-HARRIS"
"SP309","CRAIG JENSEN","MICHAEL SNELSON","DALE WATSON","CRAIG CONOVER","MARCIA CONOVER-HARRIS","AMANDA MILLER","XIMENA M. BISHOP"
"SP310","CRAIG JENSEN","CRAIG CONOVER","MICHAEL SNELSON","XIMENA M. BISHOP","DALE WATSON","MARCIA CONOVER-HARRIS","AMANDA MILLER"
"SP311","MICHAEL SNELSON","CRAIG JENSEN","DALE WATSON","CRAIG CONOVER","MARCIA CONOVER-HARRIS","AMANDA MILLER","XIMENA M. BISHOP"
"SP312","MARCIA CONOVER-HARRIS","CRAIG CONOVER","MICHAEL SNELSON","XIMENA M. BISHOP","AMANDA MILLER","CRAIG JENSEN","DALE WATSON"
"SP313","DALE WATSON","MICHAEL SNELSON","CRAIG JENSEN","CRAIG CONOVER","MARCIA CONOVER-HARRIS","AMANDA MILLER","XIMENA M. BISHOP"
"SP314","XIMENA M. BISHOP","DALE WATSON","MICHAEL SNELSON","CRAIG CONOVER","CRAIG JENSEN","MARCIA CONOVER-HARRIS","AMANDA MILLER"
"SP315","CRAIG CONOVER","AMANDA MILLER","DALE WATSON","MARCIA CONOVER-HARRIS","CRAIG JENSEN","MICHAEL SNELSON","XIMENA M. BISHOP"
"SP316","MICHAEL SNELSON","AMANDA MILLER","CRAIG CONOVER","CRAIG JENSEN","MARCIA CONOVER-HARRIS","XIMENA M. BISHOP","DALE WATSON"
"SP317","CRAIG CONOVER","MARCIA CONOVER-HARRIS","skipped","skipped","skipped","skipped","skipped"
"SP318","MICHAEL SNELSON","XIMENA M. BISHOP","CRAIG JENSEN","DALE WATSON","AMANDA MILLER","CRAIG CONOVER","MARCIA CONOVER-HARRIS"
"SP319","MARCIA CONOVER-HARRIS","MICHAEL SNELSON","XIMENA M. BISHOP","CRAIG JENSEN","DALE WATSON","AMANDA MILLER","CRAIG CONOVER"
"SP320","DALE WATSON","MICHAEL SNELSON","CRAIG JENSEN","AMANDA MILLER","CRAIG CONOVER","XIMENA M. BISHOP","MARCIA CONOVER-HARRIS"
"SP321","MICHAEL SNELSON","CRAIG JENSEN","CRAIG CONOVER","XIMENA M. BISHOP","DALE WATSON","skipped","skipped"
"SP322","XIMENA M. BISHOP","CRAIG CONOVER","MICHAEL SNELSON","CRAIG JENSEN","MARCIA CONOVER-HARRIS","DALE WATSON","AMANDA MILLER"
"SP323","XIMENA M. BISHOP","DALE WATSON","MICHAEL SNELSON","CRAIG JENSEN","MARCIA CONOVER-HARRIS","CRAIG CONOVER","AMANDA MILLER"
"SP324","skipped","skipped","skipped","skipped","skipped","skipped","skipped"
"SP325","MICHAEL SNELSON","CRAIG JENSEN","AMANDA MILLER","MARCIA CONOVER-HARRIS","XIMENA M. BISHOP","DALE WATSON","CRAIG CONOVER"
"SP326","XIMENA M. BISHOP","AMANDA MILLER","DALE WATSON","MICHAEL SNELSON","CRAIG JENSEN","CRAIG CONOVER","MARCIA CONOVER-HARRIS"
"SP327","MICHAEL SNELSON","CRAIG CONOVER","skipped","skipped","skipped","skipped","skipped"
"SP328","DALE WATSON","CRAIG JENSEN","MICHAEL SNELSON","CRAIG CONOVER","MARCIA CONOVER-HARRIS","XIMENA M. BISHOP","AMANDA MILLER"
"SP329","DALE WATSON","AMANDA MILLER","MICHAEL SNELSON","CRAIG JENSEN","CRAIG CONOVER","XIMENA M. BISHOP","MARCIA CONOVER-HARRIS"
"SP330","MICHAEL SNELSON","skipped","skipped","skipped","skipped","skipped","skipped"
"SP331","MICHAEL SNELSON","CRAIG JENSEN","DALE WATSON","CRAIG CONOVER","MARCIA CONOVER-HARRIS","XIMENA M. BISHOP","AMANDA MILLER"
"SP332","MICHAEL SNELSON","XIMENA M. BISHOP","MARCIA CONOVER-HARRIS","CRAIG CONOVER","DALE WATSON","AMANDA MILLER","CRAIG JENSEN"
"SP333","CRAIG JENSEN","MICHAEL SNELSON","DALE WATSON","XIMENA M. BISHOP","MARCIA CONOVER-HARRIS","CRAIG CONOVER","AMANDA MILLER"
"SP334","MICHAEL SNELSON","CRAIG JENSEN","DALE WATSON","AMANDA MILLER","XIMENA M. BISHOP","MARCIA CONOVER-HARRIS","CRAIG CONOVER"
"SP335","MICHAEL SNELSON","CRAIG CONOVER","DALE WATSON","MARCIA CONOVER-HARRIS","CRAIG JENSEN","XIMENA M. BISHOP","AMANDA MILLER"
"SP336","XIMENA M. BISHOP","MICHAEL SNELSON","CRAIG CONOVER","MARCIA CONOVER-HARRIS","CRAIG JENSEN","AMANDA MILLER","DALE WATSON"
"SP337","AMANDA MILLER","XIMENA M. BISHOP","DALE WATSON","skipped","skipped","skipped","skipped"
"SP338","DALE WATSON","MICHAEL SNELSON","CRAIG CONOVER","AMANDA MILLER","CRAIG JENSEN","MARCIA CONOVER-HARRIS","XIMENA M. BISHOP"
"SP339","MICHAEL SNELSON","CRAIG CONOVER","DALE WATSON","MARCIA CONOVER-HARRIS","CRAIG JENSEN","XIMENA M. BISHOP","AMANDA MILLER"
"SP340","DALE WATSON","MICHAEL SNELSON","CRAIG CONOVER","AMANDA MILLER","CRAIG JENSEN","MARCIA CONOVER-HARRIS","XIMENA M. BISHOP"
"SP341","AMANDA MILLER","MARCIA CONOVER-HARRIS","CRAIG CONOVER","skipped","skipped","skipped","overvote"
"SP342","CRAIG CONOVER","XIMENA M. BISHOP","MICHAEL SNELSON","CRAIG JENSEN","AMANDA MILLER","MARCIA CONOVER-HARRIS","DALE WATSON"
"SP343","AMANDA MILLER","MARCIA CONOVER-HARRIS","CRAIG CONOVER","skipped","skipped","skipped","overvote"
"SP344","CRAIG CONOVER","skipped","skipped","skipped","skipped","skipped","skipped"
"SP345","skipped","skipped","skipped","skipped","skipped","skipped","skipped"
"SP346","XIMENA M. BISHOP","CRAIG JENSEN","MICHAEL SNELSON","DALE WATSON","CRAIG CONOVER","MARCIA CONOVER-HARRIS","AMANDA MILLER"
"SP347","CRAIG JENSEN","DALE WATSON","AMANDA MILLER","XIMENA M. BISHOP","MICHAEL SNELSON","MARCIA CONOVER-HARRIS","CRAIG CONOVER"
"SP348","CRAIG JENSEN","MICHAEL SNELSON","DALE WATSON","XIMENA M. BISHOP","AMANDA MILLER","CRAIG CONOVER","MARCIA CONOVER-HARRIS"
"SP349","XIMENA M. BISHOP","CRAIG JENSEN","MICHAEL SNELSON","DALE WATSON","CRAIG CONOVER","MARCIA CONOVER-HARRIS","AMANDA MILLER"
"SP350","CRAIG JENSEN","CRAIG CONOVER","MARCIA CONOVER-HARRIS","XIMENA M. BISHOP","DALE WATSON","AMANDA MILLER","MICHAEL SNELSON"
"SP351","CRAIG CONOVER","XIMENA M. BISHOP","CRAIG JENSEN","AMANDA MILLER","MICHAEL SNELSON","DALE WATSON","AMANDA MILLER"
"SP352","CRAIG CONOVER","MICHAEL SNELSON","XIMENA M. BISHOP","DALE WATSON","CRAIG JENSEN","AMANDA MILLER","MARCIA CONOVER-HARRIS"
"SP353","XIMENA M. BISHOP","CRAIG CONOVER","DALE WATSON","MARCIA CONOVER-HARRIS","AMANDA MILLER","CRAIG JENSEN","MICHAEL SNELSON"
"SP354","CRAIG CONOVER","skipped","skipped","skipped","skipped","skipped","skipped"
"SP355","XIMENA M. BISHOP","CRAIG JENSEN","CRAIG CONOVER","DALE WATSON","MICHAEL SNELSON","AMANDA MILLER","MARCIA CONOVER-HARRIS"
"SP356","MARCIA CONOVER-HARRIS","XIMENA M. BISHOP","DALE WATSON","CRAIG CONOVER","MICHAEL SNELSON","CRAIG JENSEN","AMANDA MILLER"
"SP357","MICHAEL SNELSON","skipped","skipped","skipped","skipped","skipped","skipped"
"SP358","MARCIA CONOVER-HARRIS","skipped","skipped","skipped","skipped","skipped","skipped"
"SP359","CRAIG CONOVER","MARCIA CONOVER-HARRIS","skipped","skipped","skipped","skipped","skipped"
"SP360","CRAIG CONOVER","MARCIA CONOVER-HARRIS","CRAIG JENSEN","MICHAEL SNELSON","AMANDA MILLER","DALE WATSON","XIMENA M. BISHOP"
"SP361","CRAIG JENSEN","skipped","skipped","skipped","skipped","skipped","skipped"
"SP362","XIMENA M. BISHOP","CRAIG JENSEN","MICHAEL SNELSON","MARCIA CONOVER-HARRIS","CRAIG CONOVER","DALE WATSON","AMANDA MILLER"
"SP363","CRAIG JENSEN","AMANDA MILLER","CRAIG CONOVER","DALE WATSON","MICHAEL SNELSON","MARCIA CONOVER-HARRIS","XIMENA M. BISHOP"
"SP364","CRAIG CONOVER","MARCIA CONOVER-HARRIS","CRAIG JENSEN","DALE WATSON","AMANDA MILLER","MICHAEL SNELSON","XIMENA M. BISHOP"
"SP365","MICHAEL SNELSON","DALE WATSON","CRAIG JENSEN","CRAIG CONOVER","skipped","skipped","skipped"
"SP366","CRAIG CONOVER","skipped","skipped","skipped","skipped","skipped","skipped"
"SP367","XIMENA M. BISHOP","MICHAEL SNELSON","DALE WATSON","CRAIG JENSEN","AMANDA MILLER","MARCIA CONOVER-HARRIS","CRAIG CONOVER"
"SP368","CRAIG CONOVER","skipped","skipped","skipped","skipped","skipped","skipped"
"SP369","MICHAEL SNELSON","XIMENA M. BISHOP","CRAIG JENSEN","DALE WATSON","AMANDA MILLER","MARCIA CONOVER-HARRIS","CRAIG CONOVER"
"SP370","AMANDA MILLER","CRAIG JENSEN","CRAIG CONOVER","MICHAEL SNELSON","MARCIA CONOVER-HARRIS","XIMENA M. BISHOP","DALE WATSON"
"SP371","MICHAEL SNELSON","DALE WATSON","CRAIG JENSEN","CRAIG CONOVER","MARCIA CONOVER-HARRIS","XIMENA M. BISHOP","AMANDA MILLER"
"SP372","AMANDA MILLER","MICHAEL SNELSON","skipped","skipped","skipped","skipped","skipped"
"SP373","XIMENA M. BISHOP","MARCIA CONOVER-HARRIS","AMANDA MILLER","skipped","skipped","skipped","skipped"
"SP374","DALE WATSON","CRAIG CONOVER","CRAIG JENSEN","MICHAEL SNELSON","MARCIA CONOVER-HARRIS","XIMENA M. BISHOP","AMANDA MILLER"
"SP375","MARCIA CONOVER-HARRIS","XIMENA M. BISHOP","AMANDA MILLER","CRAIG CONOVER","skipped","skipped","skipped"
"SP376","MICHAEL SNELSON","XIMENA M. BISHOP","CRAIG JENSEN","MARCIA CONOVER-HARRIS","CRAIG CONOVER","DALE WATSON","AMANDA MILLER"
"SP377","XIMENA M. BISHOP","CRAIG CONOVER","CRAIG JENSEN","MARCIA CONOVER-HARRIS","MICHAEL SNELSON","DALE WATSON","AMANDA MILLER"
"SP378","CRAIG JENSEN","DALE WATSON","AMANDA MILLER","XIMENA M. BISHOP","MICHAEL SNELSON","CRAIG JENSEN","CRAIG CONOVER"
"SP379","MICHAEL SNELSON","XIMENA M. BISHOP","CRAIG JENSEN","skipped","skipped","skipped","skipped"
"SP380","MICHAEL SNELSON","CRAIG JENSEN","CRAIG CONOVER","XIMENA M. BISHOP","DALE WATSON","MARCIA CONOVER-HARRIS","AMANDA MILLER"
"SP381","CRAIG CONOVER","CRAIG JENSEN","MARCIA CONOVER-HARRIS","AMANDA MILLER","XIMENA M. BISHOP","MICHAEL SNELSON","DALE WATSON"
"SP382","AMANDA MILLER","XIMENA M. BISHOP","skipped","skipped","skipped","skipped","skipped"
"SP383","MICHAEL SNELSON","skipped","skipped","skipped","skipped","skipped","skipped"
"SP384","XIMENA M. BISHOP","MICHAEL SNELSON","MARCIA CONOVER-HARRIS","skipped","skipped","skipped","skipped"
"SP385","MARCIA CONOVER-HARRIS","DALE WATSON","CRAIG CONOVER","MICHAEL SNELSON","CRAIG JENSEN","XIMENA M. BISHOP","AMANDA MILLER"
"SP386","MICHAEL SNELSON","CRAIG JENSEN","CRAIG CONOVER","MARCIA CONOVER-HARRIS","AMANDA MILLER","XIMENA M. BISHOP","DALE WATSON"
"SP387","XIMENA M. BISHOP","MARCIA CONOVER-HARRIS","MICHAEL SNELSON","CRAIG JENSEN","CRAIG CONOVER","AMANDA MILLER","DALE WATSON"
"SP388","CRAIG JENSEN","MICHAEL SNELSON","CRAIG CONOVER","DALE WATSON","skipped","skipped","skipped"
"SP389","MARCIA CONOVER-HARRIS","CRAIG JENSEN","DALE WATSON","XIMENA M. BISHOP","CRAIG CONOVER","MICHAEL SNELSON","AMANDA MILLER"
"SP390","CRAIG JENSEN","MICHAEL SNELSON","DALE WATSON","CRAIG CONOVER","skipped","skipped","skipped"
"SP391","XIMENA M. BISHOP","MARCIA CONOVER-HARRIS","AMANDA MILLER","DALE WATSON","CRAIG CONOVER","CRAIG JENSEN","MICHAEL SNELSON"
"SP392","skipped","skipped","skipped","skipped","skipped","skipped","skipped"
"SP393","AMANDA MILLER","skipped","skipped","skipped","skipped","skipped","skipped"
"SP394","MICHAEL SNELSON","CRAIG JENSEN","XIMENA M. BISHOP","MARCIA CONOVER-HARRIS","CRAIG CONOVER","DALE WATSON","AMANDA MILLER"
"SP395","CRAIG JENSEN","MICHAEL SNELSON","DALE WATSON","CRAIG CONOVER","MARCIA CONOVER-HARRIS","AMANDA MILLER","XIMENA M. BISHOP"
"SP396","CRAIG CONOVER","AMANDA MILLER","MARCIA CONOVER-HARRIS","CRAIG JENSEN","MICHAEL SNELSON","XIMENA M. BISHOP","DALE WATSON"
"SP397","CRAIG CONOVER","MARCIA CONOVER-HARRIS","skipped","skipped","skipped","skipped","skipped"
"SP398","CRAIG JENSEN","DALE WATSON","XIMENA M. BISHOP","MICHAEL SNELSON","CRAIG CONOVER","MARCIA CONOVER-HARRIS","AMANDA MILLER"
"SP399","CRAIG JENSEN","DALE WATSON","XIMENA M. BISHOP","MICHAEL SNELSON","CRAIG CONOVER","MARCIA CONOVER-HARRIS","AMANDA MILLER"
"SP400","XIMENA M. BISHOP","CRAIG JENSEN","MARCIA CONOVER-HARRIS","AMANDA MILLER","MICHAEL SNELSON","CRAIG CONOVER","DALE WATSON"
"SP401","CRAIG JENSEN","MARCIA CONOVER-HARRIS","CRAIG CONOVER","MICHAEL SNELSON","DALE WATSON","AMANDA MILLER","XIMENA M. BISHOP"
"SP402","MARCIA CONOVER-HARRIS","DALE WATSON","MICHAEL SNELSON","CRAIG JENSEN","CRAIG CONOVER","AMANDA MILLER","XIMENA M. BISHOP"
"SP403","MICHAEL SNELSON","CRAIG CONOVER","CRAIG JENSEN","MARCIA CONOVER-HARRIS","DALE WATSON","XIMENA M. BISHOP","AMANDA MILLER"
"SP404","MICHAEL SNELSON","XIMENA M. BISHOP","DALE WATSON","CRAIG JENSEN","CRAIG CONOVER","AMANDA MILLER","MARCIA CONOVER-HARRIS"
"SP405","XIMENA M. BISHOP","MARCIA CONOVER-HARRIS","CRAIG CONOVER","MICHAEL SNELSON","CRAIG JENSEN","AMANDA MILLER","DALE WATSON"
"SP406","MICHAEL SNELSON","XIMENA M. BISHOP","CRAIG CONOVER","CRAIG JENSEN","MARCIA CONOVER-HARRIS","AMANDA MILLER","DALE WATSON"
"SP407","XIMENA M. BISHOP","MARCIA CONOVER-HARRIS","CRAIG CONOVER","MICHAEL SNELSON","CRAIG JENSEN","AMANDA MILLER","DALE WATSON"
"SP408","DALE WATSON","AMANDA MILLER","MICHAEL SNELSON","MARCIA CONOVER-HARRIS","CRAIG JENSEN","CRAIG CONOVER","XIMENA M. BISHOP"
"SP409","CRAIG CONOVER","MARCIA CONOVER-HARRIS","XIMENA M. BISHOP","AMANDA MILLER","CRAIG JENSEN","MICHAEL SNELSON","DALE WATSON"
"SP410","AMANDA MILLER","MICHAEL SNELSON","CRAIG CONOVER","MARCIA CONOVER-HARRIS","CRAIG JENSEN","XIMENA M. BISHOP","DALE WATSON"
"SP411","MICHAEL SNELSON","XIMENA M. BISHOP","CRAIG CONOVER","CRAIG JENSEN","DALE WATSON","MARCIA CONOVER-HARRIS","AMANDA MILLER"
"SP412","CRAIG JENSEN","AMANDA MILLER","MICHAEL SNELSON","XIMENA M. BISHOP","MARCIA CONOVER-HARRIS","DALE WATSON","CRAIG CONOVER"
"SP413","MICHAEL SNELSON","CRAIG CONOVER","MARCIA CONOVER-HARRIS","XIMENA M. BISHOP","CRAIG JENSEN","AMANDA MILLER","DALE WATSON"
"SP414","DALE WATSON","CRAIG CONOVER","XIMENA M. BISHOP","skipped","skipped","skipped","skipped"
"SP415","MICHAEL SNELSON","XIMENA M. BISHOP","CRAIG JENSEN","CRAIG CONOVER","MARCIA CONOVER-HARRIS","AMANDA MILLER","DALE WATSON"
"SP416","CRAIG CONOVER","MARCIA CONOVER-HARRIS","MICHAEL SNELSON","XIMENA M. BISHOP","CRAIG JENSEN","AMANDA MILLER","DALE WATSON"
"SP417","AMANDA MILLER","MICHAEL SNELSON","DALE WATSON","CRAIG JENSEN","XIMENA M. BISHOP","MARCIA CONOVER-HARRIS","CRAIG CONOVER"
"SP418","DALE WATSON","MICHAEL SNELSON","CRAIG JENSEN","CRAIG CONOVER","MARCIA CONOVER-HARRIS","AMANDA MILLER","XIMENA M. BISHOP"
"SP419","XIMENA M. BISHOP","MARCIA CONOVER-HARRIS","CRAIG CONOVER","CRAIG JENSEN","MICHAEL SNELSON","AMANDA MILLER","DALE WATSON"
"SP420","CRAIG JENSEN","CRAIG CONOVER","AMANDA MILLER","MICHAEL SNELSON","DALE WATSON","MARCIA CONOVER-HARRIS","XIMENA M. BISHOP"
"SP421","DALE WATSON","MICHAEL SNELSON","CRAIG CONOVER","MARCIA CONOVER-HARRIS","CRAIG JENSEN","AMANDA MILLER","XIMENA M. BISHOP"
"SP422","MICHAEL SNELSON","CRAIG CONOVER","CRAIG JENSEN","XIMENA M. BISHOP","AMANDA MILLER","DALE WATSON","MARCIA CONOVER-HARRIS"
"SP423","DALE WATSON","MICHAEL SNELSON","CRAIG JENSEN","MARCIA CONOVER-HARRIS","XIMENA M. BISHOP","CRAIG CONOVER","AMANDA MILLER"
"SP424","CRAIG JENSEN","MICHAEL SNELSON","XIMENA M. BISHOP","CRAIG CONOVER","DALE WATSON","AMANDA MILLER","MARCIA CONOVER-HARRIS"
"SP425","DALE WATSON","MICHAEL SNELSON","CRAIG JENSEN","MARCIA CONOVER-HARRIS","XIMENA M. BISHOP","CRAIG CONOVER","AMANDA MILLER"
"SP426","DALE WATSON","MICHAEL SNELSON","CRAIG CONOVER","MARCIA CONOVER-HARRIS","CRAIG JENSEN","AMANDA MILLER","XIMENA M. BISHOP"
"SP427","skipped","skipped","skipped","skipped","skipped","skipped","skipped"
"SP428","AMANDA MILLER","MARCIA CONOVER-HARRIS","DALE WATSON","XIMENA M. BISHOP","CRAIG CONOVER","MICHAEL SNELSON","CRAIG JENSEN"
"SP429","CRAIG JENSEN","MICHAEL SNELSON","XIMENA M. BISHOP","DALE WATSON","AMANDA MILLER","MARCIA CONOVER-HARRIS","CRAIG CONOVER"
"SP430","skipped","skipped","skipped","skipped","skipped","skipped","skipped"
"SP431","XIMENA M. BISHOP","MARCIA CONOVER-HARRIS","AMANDA MILLER","CRAIG CONOVER","DALE WATSON","MICHAEL SNELSON","CRAIG JENSEN"
"SP432","MICHAEL SNELSON","CRAIG JENSEN","MARCIA CONOVER-HARRIS","AMANDA MILLER","skipped","skipped","skipped"
"SP433","CRAIG JENSEN","MICHAEL SNELSON","XIMENA M. BISHOP","AMANDA MILLER","DALE WATSON","CRAIG CONOVER","MARCIA CONOVER-HARRIS"
"SP434","CRAIG CONOVER","MARCIA CONOVER-HARRIS","CRAIG JENSEN","MICHAEL SNELSON","AMANDA MILLER","DALE WATSON","XIMENA M. BISHOP"
"SP435","MICHAEL SNELSON","CRAIG CONOVER","CRAIG JENSEN","DALE WATSON","AMANDA MILLER","MARCIA CONOVER-HARRIS","XIMENA M. BISHOP"
"SP436","MICHAEL SNELSON","MARCIA CONOVER-HARRIS","AMANDA MILLER","CRAIG CONOVER","CRAIG JENSEN","XIMENA M. BISHOP","DALE WATSON"
"SP437","XIMENA M. BISHOP","DALE WATSON","MICHAEL SNELSON","CRAIG CONOVER","skipped","skipped","skipped"
"SP438","skipped","skipped","skipped","skipped","skipped","skipped","skipped"
"SP439","MARCIA CONOVER-HARRIS","AMANDA MILLER","MICHAEL SNELSON","CRAIG JENSEN","XIMENA M. BISHOP","CRAIG CONOVER","DALE WATSON"
"SP440","CRAIG CONOVER","DALE WATSON","MICHAEL SNELSON","CRAIG JENSEN","CRAIG CONOVER","AMANDA MILLER","skipped"
"SP441","AMANDA MILLER","MARCIA CONOVER-HARRIS","XIMENA M. BISHOP","MICHAEL SNELSON","CRAIG CONOVER","CRAIG JENSEN","DALE WATSON"
"SP442","CRAIG JENSEN","CRAIG CONOVER","MICHAEL SNELSON","DALE WATSON","MARCIA CONOVER-HARRIS","AMANDA MILLER","XIMENA M. BISHOP"
"SP443","skipped","skipped","skipped","skipped","skipped","skipped","skipped"
"SP444","CRAIG CONOVER","MICHAEL SNELSON","CRAIG JENSEN","MARCIA CONOVER-HARRIS","AMANDA MILLER","XIMENA M. BISHOP","DALE WATSON"
"SP445","MICHAEL SNELSON","CRAIG CONOVER","CRAIG JENSEN","XIMENA M. BISHOP","AMANDA MILLER","MARCIA CONOVER-HARRIS","DALE WATSON"
"SP446","CRAIG CONOVER","CRAIG JENSEN","MICHAEL SNELSON","XIMENA M. BISHOP","MARCIA CONOVER-HARRIS","AMANDA MILLER","DALE WATSON"
"SP447","XIMENA M. BISHOP","CRAIG JENSEN","MARCIA CONOVER-HARRIS","AMANDA MILLER","MICHAEL SNELSON","DALE WATSON","CRAIG CONOVER"
"SP448","CRAIG CONOVER","XIMENA M. BISHOP","MICHAEL SNELSON","MARCIA CONOVER-HARRIS","DALE WATSON","AMANDA MILLER","CRAIG JENSEN"
"SP449","CRAIG JENSEN","MICHAEL SNELSON","CRAIG CONOVER","CRAIG CONOVER","DALE WATSON","AMANDA MILLER","MARCIA CONOVER-HARRIS"
"SP450","DALE WATSON","MARCIA CONOVER-HARRIS","XIMENA M. BISHOP","CRAIG CONOVER","MICHAEL SNELSON","CRAIG JENSEN","AMANDA MILLER"
"SP451","CRAIG JENSEN","MARCIA CONOVER-HARRIS","MICHAEL SNELSON","XIMENA M. BISHOP","CRAIG CONOVER","AMANDA MILLER","DALE WATSON"
"SP452","skipped","skipped","skipped","skipped","skipped","skipped","skipped"
"SP453","CRAIG CONOVER","CRAIG JENSEN","DALE WATSON","MICHAEL SNELSON","XIMENA M. BISHOP","MARCIA CONOVER-HARRIS","AMANDA MILLER"
"SP454","CRAIG JENSEN","MICHAEL SNELSON","DALE WATSON","skipped","skipped","skipped","skipped"
"SP455","CRAIG JENSEN","MICHAEL SNELSON","AMANDA MILLER","MARCIA CONOVER-HARRIS","XIMENA M. BISHOP","DALE WATSON","CRAIG CONOVER"
"SP456","MICHAEL SNELSON","AMANDA MILLER","XIMENA M. BISHOP","DALE WATSON","MARCIA CONOVER-HARRIS","CRAIG JENSEN","CRAIG CONOVER"
"SP457","MICHAEL SNELSON","MARCIA CONOVER-HARRIS","skipped","skipped","skipped","skipped","skipped"
"SP458","CRAIG JENSEN","MICHAEL SNELSON","skipped","skipped","skipped","skipped","skipped"
"SP459","MARCIA CONOVER-HARRIS","AMANDA MILLER","DALE WATSON","MICHAEL SNELSON","CRAIG JENSEN","CRAIG CONOVER","XIMENA M. BISHOP"
"SP460","CRAIG JENSEN","MICHAEL SNELSON","skipped","skipped","skipped","skipped","skipped"
"SP461","CRAIG JENSEN","skipped","skipped","skipped","skipped","skipped","skipped"
"SP462","XIMENA M. BISHOP","MARCIA CONOVER-HARRIS","MICHAEL SNELSON","CRAIG CONOVER","CRAIG JENSEN","skipped","skipped"
"SP463","CRAIG JENSEN","skipped","skipped","skipped","skipped","skipped","skipped"
"SP464","MARCIA CONOVER-HARRIS","CRAIG CONOVER","skipped","skipped","skipped","skipped","skipped"
"SP465","MICHAEL SNELSON","CRAIG JENSEN","DALE WATSON","AMANDA MILLER","XIMENA M. BISHOP","CRAIG CONOVER","MARCIA CONOVER-HARRIS"
"SP466","XIMENA M. BISHOP","MARCIA CONOVER-HARRIS","MICHAEL SNELSON","CRAIG CONOVER","CRAIG JENSEN","AMANDA MILLER","DALE WATSON"
"SP467","MICHAEL SNELSON","CRAIG JENSEN","XIMENA M. BISHOP","CRAIG CONOVER","MARCIA CONOVER-HARRIS","DALE WATSON","AMANDA MILLER"
"SP468","MICHAEL SNELSON","XIMENA M. BISHOP","CRAIG CONOVER","MARCIA CONOVER-HARRIS","CRAIG JENSEN","AMANDA MILLER","DALE WATSON"
"SP469","CRAIG CONOVER","DALE WATSON","XIMENA M. BISHOP","CRAIG JENSEN","skipped","skipped","skipped"
"SP470","CRAIG JENSEN","CRAIG CONOVER","MICHAEL SNELSON","XIMENA M. BISHOP","MARCIA CONOVER-HARRIS","AMANDA MILLER","DALE WATSON"
"SP471","MICHAEL SNELSON","skipped","skipped","skipped","skipped","skipped","skipped"
"SP472","CRAIG JENSEN","CRAIG CONOVER","MICHAEL SNELSON","MARCIA CONOVER-HARRIS","XIMENA M. BISHOP","AMANDA MILLER","DALE WATSON"
"SP473","MICHAEL SNELSON","XIMENA M. BISHOP","AMANDA MILLER","CRAIG CONOVER","MARCIA CONOVER-HARRIS","CRAIG JENSEN","DALE WATSON"
"SP474","MICHAEL SNELSON","XIMENA M. BISHOP","DALE WATSON","CRAIG JENSEN","CRAIG CONOVER","MARCIA CONOVER-HARRIS","AMANDA MILLER"
"SP475","CRAIG CONOVER","XIMENA M. BISHOP","DALE WATSON","MICHAEL SNELSON","CRAIG JENSEN","MARCIA CONOVER-HARRIS","AMANDA MILLER"
"SP476","CRAIG JENSEN","MICHAEL SNELSON","XIMENA M. BISHOP","DALE WATSON","AMANDA MILLER","MARCIA CONOVER-HARRIS","CRAIG CONOVER"
"SP477","MICHAEL SNELSON","skipped","skipped","skipped","skipped","skipped","skipped"
"SP478","CRAIG CONOVER","MARCIA CONOVER-HARRIS","DALE WATSON","AMANDA MILLER","CRAIG JENSEN","MICHAEL SNELSON","XIMENA M. BISHOP"
"SP479","XIMENA M. BISHOP","CRAIG CONOVER","CRAIG JENSEN","MARCIA CONOVER-HARRIS","MICHAEL SNELSON","AMANDA MILLER","DALE WATSON"
"SP480","CRAIG JENSEN","DALE WATSON","MICHAEL SNELSON","XIMENA M. BISHOP","CRAIG CONOVER","AMANDA MILLER","MARCIA CONOVER-HARRIS"
"SP481","CRAIG CONOVER","MARCIA CONOVER-HARRIS","skipped","skipped","skipped","skipped","skipped"
"SP482","MICHAEL SNELSON","CRAIG CONOVER","MARCIA CONOVER-HARRIS","CRAIG JENSEN","DALE WATSON","AMANDA MILLER","XIMENA M. BISHOP"
"SP483","CRAIG JENSEN","MICHAEL SNELSON","XIMENA M. BISHOP","DALE WATSON","CRAIG CONOVER","MARCIA CONOVER-HARRIS","AMANDA MILLER"
"SP484","MARCIA CONOVER-HARRIS","CRAIG CONOVER","AMANDA MILLER","CRAIG JENSEN","MICHAEL SNELSON","XIMENA M. BISHOP","DALE WATSON"
"SP485","XIMENA M. BISHOP","MARCIA CONOVER-HARRIS","MICHAEL SNELSON","CRAIG JENSEN","DALE WATSON","CRAIG CONOVER","AMANDA MILLER"
"SP486","XIMENA M. BISHOP","CRAIG JENSEN","MICHAEL SNELSON","DALE WATSON","CRAIG CONOVER","MARCIA CONOVER-HARRIS","AMANDA MILLER"
"SP487","XIMENA M. BISHOP","MICHAEL SNELSON","CRAIG JENSEN","DALE WATSON","AMANDA MILLER","CRAIG CONOVER","MARCIA CONOVER-HARRIS"
"SP488","skipped","skipped","skipped","skipped","skipped","skipped","skipped"
"SP489","CRAIG CONOVER","CRAIG CONOVER","CRAIG CONOVER","MARCIA CONOVER-HARRIS","MARCIA CONOVER-HARRIS","MARCIA CONOVER-HARRIS","CRAIG CONOVER"
"SP490","MICHAEL SNELSON","CRAIG JENSEN","CRAIG CONOVER","DALE WATSON","XIMENA M. BISHOP","MARCIA CONOVER-HARRIS","AMANDA MILLER"
"SP491","AMANDA MILLER","DALE WATSON","MICHAEL SNELSON","XIMENA M. BISHOP","CRAIG CONOVER","MARCIA CONOVER-HARRIS","CRAIG JENSEN"
"SP492","XIMENA M. BISHOP","skipped","skipped","skipped","skipped","skipped","skipped"
"SP493","MICHAEL SNELSON","AMANDA MILLER","MARCIA CONOVER-HARRIS","CRAIG CONOVER","DALE WATSON","CRAIG JENSEN","XIMENA M. BISHOP"
"SP494","overvote","overvote","MICHAEL SNELSON","XIMENA M. BISHOP","skipped","skipped","skipped"
"SP495","MARCIA CONOVER-HARRIS","XIMENA M. BISHOP","DALE WATSON","CRAIG CONOVER","MICHAEL SNELSON","AMANDA MILLER","CRAIG JENSEN"
"SP496","MICHAEL SNELSON","XIMENA M. BISHOP","AMANDA MILLER","MARCIA CONOVER-HARRIS","CRAIG CONOVER","CRAIG JENSEN","DALE WATSON"
"SP497","MICHAEL SNELSON","XIMENA M. BISHOP","CRAIG CONOVER","DALE WATSON","CRAIG JENSEN","MARCIA CONOVER-HARRIS","AMANDA MILLER"
"SP498","MICHAEL SNELSON","CRAIG CONOVER","AMANDA MILLER","XIMENA M. BISHOP","DALE WATSON","CRAIG JENSEN","MARCIA CONOVER-HARRIS"
"SP499","AMANDA MILLER","DALE WATSON","MICHAEL SNELSON","CRAIG JENSEN","CRAIG CONOVER","skipped","skipped"
"SP500","XIMENA M. BISHOP","CRAIG JENSEN","MARCIA CONOVER-HARRIS","AMANDA MILLER","CRAIG CONOVER","MICHAEL SNELSON","DALE WATSON"
"SP501","MARCIA CONOVER-HARRIS","CRAIG CONOVER","MICHAEL SNELSON","AMANDA MILLER","XIMENA M. BISHOP","CRAIG JENSEN","DALE WATSON"
"SP502","XIMENA M. BISHOP","MICHAEL SNELSON","CRAIG JENSEN","DALE WATSON","MARCIA CONOVER-HARRIS","CRAIG CONOVER","AMANDA MILLER"
"SP503","CRAIG CONOVER","CRAIG JENSEN","DALE WATSON","MICHAEL SNELSON","MARCIA CONOVER-HARRIS","XIMENA M. BISHOP","AMANDA MILLER"
"SP504","CRAIG CONOVER","MARCIA CONOVER-HARRIS","XIMENA M. BISHOP","MICHAEL SNELSON","CRAIG JENSEN","AMANDA MILLER","DALE WATSON"
"SP505","DALE WATSON","CRAIG CONOVER","CRAIG JENSEN","XIMENA M. BISHOP","MICHAEL SNELSON","MARCIA CONOVER-HARRIS","AMANDA MILLER"
"SP506","CRAIG JENSEN","DALE WATSON","XIMENA M. BISHOP","CRAIG CONOVER","AMANDA MILLER","MARCIA CONOVER-HARRIS","MICHAEL SNELSON"
"SP507","CRAIG JENSEN","DALE WATSON","MICHAEL SNELSON","MARCIA CONOVER-HARRIS","AMANDA MILLER","XIMENA M. BISHOP","CRAIG CONOVER"
"SP508","AMANDA MILLER","MARCIA CONOVER-HARRIS","XIMENA M. BISHOP","MICHAEL SNELSON","CRAIG JENSEN","CRAIG CONOVER","DALE WATSON"
"SP509","MICHAEL SNELSON","XIMENA M. BISHOP","DALE WATSON","AMANDA MILLER","MARCIA CONOVER-HARRIS","CRAIG CONOVER","CRAIG JENSEN"
"SP510","AMANDA MILLER","skipped","overvote","MARCIA CONOVER-HARRIS","overvote","skipped","skipped"
"SP511","MICHAEL SNELSON","CRAIG JENSEN","XIMENA M. BISHOP","CRAIG CONOVER","MARCIA CONOVER-HARRIS","AMANDA MILLER","DALE WATSON"
"SP512","CRAIG CONOVER","CRAIG CONOVER","CRAIG CONOVER","MARCIA CONOVER-HARRIS","MARCIA CONOVER-HARRIS","MARCIA CONOVER-HARRIS","CRAIG CONOVER"
"SP513","MICHAEL SNELSON","CRAIG JENSEN","CRAIG CONOVER","XIMENA M. BISHOP","MARCIA CONOVER-HARRIS","AMANDA MILLER","DALE WATSON"
"SP514","AMANDA MILLER","MARCIA CONOVER-HARRIS","CRAIG CONOVER","CRAIG JENSEN","MICHAEL SNELSON","XIMENA M. BISHOP","DALE WATSON"
"SP515","XIMENA M. BISHOP","MARCIA CONOVER-HARRIS","CRAIG CONOVER","CRAIG JENSEN","AMANDA MILLER","MICHAEL SNELSON","DALE WATSON"
"SP516","MICHAEL SNELSON","CRAIG JENSEN","CRAIG CONOVER","XIMENA M. BISHOP","MARCIA CONOVER-HARRIS","AMANDA MILLER","DALE WATSON"
"SP517","CRAIG JENSEN","XIMENA M. BISHOP","DALE WATSON","MICHAEL SNELSON","AMANDA MILLER","MARCIA CONOVER-HARRIS","CRAIG CONOVER"
"SP518","CRAIG JENSEN","MICHAEL SNELSON","XIMENA M. BISHOP","DALE WATSON","CRAIG CONOVER","AMANDA MILLER","MARCIA CONOVER-HARRIS"
"SP519","CRAIG JENSEN","DALE WATSON","XIMENA M. BISHOP","AMANDA MILLER","CRAIG CONOVER","MICHAEL SNELSON","MARCIA CONOVER-HARRIS"
"SP520","CRAIG JENSEN","XIMENA M. BISHOP","DALE WATSON","MICHAEL SNELSON","AMANDA MILLER","MARCIA CONOVER-HARRIS","CRAIG CONOVER"
"SP521","CRAIG JENSEN","MICHAEL SNELSON","XIMENA M. BISHOP","DALE WATSON","AMANDA MILLER","MARCIA CONOVER-HARRIS","CRAIG CONOVER"
"SP522","CRAIG CONOVER","CRAIG JENSEN","MARCIA CONOVER-HARRIS","skipped","skipped","skipped","skipped"
"SP523","MICHAEL SNELSON","CRAIG CONOVER","skipped","skipped","skipped","skipped","skipped"
"SP524","MICHAEL SNELSON","CRAIG JENSEN","XIMENA M. BISHOP","MARCIA CONOVER-HARRIS","CRAIG CONOVER","DALE WATSON","AMANDA MILLER"
"SP525","MICHAEL SNELSON","CRAIG JENSEN","AMANDA MILLER","DALE WATSON","XIMENA M. BISHOP","MARCIA CONOVER-HARRIS","CRAIG CONOVER"
"SP526","MICHAEL SNELSON","CRAIG JENSEN","MARCIA CONOVER-HARRIS","CRAIG CONOVER","XIMENA M. BISHOP","AMANDA MILLER","DALE WATSON"
"SP527","MARCIA CONOVER-HARRIS","CRAIG CONOVER","XIMENA M. BISHOP","MICHAEL SNELSON","CRAIG JENSEN","AMANDA MILLER","DALE WATSON"
"SP528","skipped","skipped","skipped","skipped","skipped","skipped","skipped"
"SP529","CRAIG JENSEN","CRAIG CONOVER","MICHAEL SNELSON","XIMENA M. BISHOP","DALE WATSON","AMANDA MILLER","MARCIA CONOVER-HARRIS"
"SP530","DALE WATSON","MICHAEL SNELSON","CRAIG JENSEN","CRAIG CONOVER","skipped","skipped","overvote"
"SP531","MICHAEL SNELSON","CRAIG JENSEN","XIMENA M. BISHOP","DALE WATSON","CRAIG CONOVER","MARCIA CONOVER-HARRIS","AMANDA MILLER"
"SP532","CRAIG JENSEN","CRAIG CONOVER","MICHAEL SNELSON","XIMENA M. BISHOP","DALE WATSON","MARCIA CONOVER-HARRIS","AMANDA MILLER"
"SP533","MARCIA CONOVER-HARRIS","AMANDA MILLER","XIMENA M. BISHOP","MICHAEL SNELSON","CRAIG JENSEN","CRAIG CONOVER","DALE WATSON"
"SP534","AMANDA MILLER","CRAIG CONOVER","MARCIA CONOVER-HARRIS","XIMENA M. BISHOP","MICHAEL SNELSON","CRAIG JENSEN","DALE WATSON"
"SP535","CRAIG JENSEN","AMANDA MILLER","MICHAEL SNELSON","DALE WATSON","MARCIA CONOVER-HARRIS","CRAIG CONOVER","XIMENA M. BISHOP"
"SP536","AMANDA MILLER","MICHAEL SNELSON","DALE WATSON","CRAIG JENSEN","XIMENA M. BISHOP","MARCIA CONOVER-HARRIS","CRAIG CONOVER"
"SP537","XIMENA M. BISHOP","MICHAEL SNELSON","CRAIG JENSEN","MARCIA CONOVER-HARRIS","AMANDA MILLER","CRAIG CONOVER","DALE WATSON"
"SP538","MICHAEL SNELSON","CRAIG JENSEN","CRAIG CONOVER","AMANDA MILLER","MARCIA CONOVER-HARRIS","XIMENA M. BISHOP","DALE WATSON"
"SP539","AMANDA MILLER","CRAIG CONOVER","CRAIG JENSEN","XIMENA M. BISHOP","MICHAEL SNELSON","DALE WATSON","MARCIA CONOVER-HARRIS"
"SP540","XIMENA M. BISHOP","MARCIA CONOVER-HARRIS","AMANDA MILLER","MICHAEL SNELSON","CRAIG JENSEN","CRAIG CONOVER","DALE WATSON"
"SP541","MARCIA CONOVER-HARRIS","CRAIG CONOVER","XIMENA M. BISHOP","CRAIG JENSEN","DALE WATSON","MICHAEL SNELSON","AMANDA MILLER"
"SP542","CRAIG JENSEN","DALE WATSON","MICHAEL SNELSON","AMANDA MILLER","MARCIA CONOVER-HARRIS","CRAIG CONOVER","XIMENA M. BISHOP"
"SP543","overvote","skipped","skipped","skipped","skipped","skipped","skipped"
"SP544","CRAIG JENSEN","DALE WATSON","MICHAEL SNELSON","AMANDA MILLER","MARCIA CONOVER-HARRIS","CRAIG CONOVER","XIMENA M. BISHOP"
"SP545","overvote","skipped","skipped","skipped","skipped","skipped","skipped"
"SP546","CRAIG JENSEN","MICHAEL SNELSON","AMANDA MILLER","DALE WATSON","XIMENA M. BISHOP","MARCIA CONOVER-HARRIS","CRAIG CONOVER"
"SP547","MICHAEL SNELSON","CRAIG CONOVER","CRAIG JENSEN","MARCIA CONOVER-HARRIS","skipped","skipped","skipped"
"SP548","MARCIA CONOVER-HARRIS","CRAIG JENSEN","XIMENA M. BISHOP","MICHAEL SNELSON","CRAIG CONOVER","DALE WATSON","AMANDA MILLER"
"SP549","CRAIG JENSEN","MICHAEL SNELSON","XIMENA M. BISHOP","DALE WATSON","AMANDA MILLER","MARCIA CONOVER-HARRIS","CRAIG CONOVER"
"SP550","skipped","skipped","skipped","skipped","skipped","skipped","skipped"
"SP551","DALE WATSON","CRAIG JENSEN","MICHAEL SNELSON","XIMENA M. BISHOP","AMANDA MILLER","MARCIA CONOVER-HARRIS","CRAIG CONOVER"
"SP552","DALE WATSON","XIMENA M. BISHOP","MICHAEL SNELSON","CRAIG JENSEN","CRAIG CONOVER","MARCIA CONOVER-HARRIS","AMANDA MILLER"
"SP553","CRAIG JENSEN","MICHAEL SNELSON","CRAIG CONOVER","DALE WATSON","MARCIA CONOVER-HARRIS","AMANDA MILLER","XIMENA M. BISHOP"
"SP554","MICHAEL SNELSON","CRAIG CONOVER","DALE WATSON","XIMENA M. BISHOP","MARCIA CONOVER-HARRIS","CRAIG JENSEN","AMANDA MILLER"
"SP555","CRAIG CONOVER","MARCIA CONOVER-HARRIS","skipped","skipped","skipped","skipped","skipped"
"SP556","skipped","skipped","skipped","skipped","skipped","skipped","skipped"
"SP557","CRAIG CONOVER","CRAIG JENSEN","CRAIG CONOVER","MARCIA CONOVER-HARRIS","XIMENA M. BISHOP","AMANDA MILLER","DALE WATSON"
"SP558","CRAIG CONOVER","CRAIG JENSEN","DALE WATSON","MICHAEL SNELSON","MARCIA CONOVER-HARRIS","XIMENA M. BISHOP","AMANDA MILLER"
"SP559","MICHAEL SNELSON","CRAIG JENSEN","CRAIG CONOVER","DALE WATSON","XIMENA M. BISHOP","AMANDA MILLER","MARCIA CONOVER-HARRIS"
"SP560","MARCIA CONOVER-HARRIS","CRAIG CONOVER","MICHAEL SNELSON","AMANDA MILLER","XIMENA M. BISHOP","CRAIG JENSEN","DALE WATSON"
"SP561","AMANDA MILLER","MARCIA CONOVER-HARRIS","skipped","skipped","skipped","skipped","skipped"
"SP562","CRAIG JENSEN","XIMENA M. BISHOP","MICHAEL SNELSON","CRAIG CONOVER","MARCIA CONOVER-HARRIS","skipped","skipped"
"SP563","CRAIG JENSEN","CRAIG CONOVER","DALE WATSON","MICHAEL SNELSON","AMANDA MILLER","XIMENA M. BISHOP","MARCIA CONOVER-HARRIS"
"SP564","CRAIG JENSEN","MICHAEL SNELSON","CRAIG JENSEN","CRAIG CONOVER","AMANDA MILLER","DALE WATSON","MARCIA CONOVER-HARRIS"
"SP565","XIMENA M. BISHOP","CRAIG JENSEN","DALE WATSON","MICHAEL SNELSON","AMANDA MILLER","CRAIG CONOVER","MARCIA CONOVER-HARRIS"
"SP566","DALE WATSON","CRAIG JENSEN","MICHAEL SNELSON","XIMENA M. BISHOP","CRAIG CONOVER","MARCIA CONOVER-HARRIS","AMANDA MILLER"
"SP567","MARCIA CONOVER-HARRIS","CRAIG CONOVER","CRAIG JENSEN","overvote","skipped","skipped","skipped"
"SP568","DALE WATSON","CRAIG JENSEN","MICHAEL SNELSON","XIMENA M. BISHOP","CRAIG CONOVER","MARCIA CONOVER-HARRIS","AMANDA MILLER"
"SP569","MARCIA CONOVER-HARRIS","XIMENA M. BISHOP","AMANDA MILLER","CRAIG CONOVER","DALE WATSON","CRAIG JENSEN","MICHAEL SNELSON"
"SP570","MARCIA CONOVER-HARRIS","CRAIG CONOVER","skipped","skipped","skipped","skipped","skipped"
"SP571","MICHAEL SNELSON","CRAIG JENSEN","skipped","skipped","skipped","skipped","skipped"
"SP572","DALE WATSON","XIMENA M. BISHOP","AMANDA MILLER","MICHAEL SNELSON","CRAIG CONOVER","CRAIG JENSEN","MARCIA CONOVER-HARRIS"
"SP573","XIMENA M. BISHOP","MICHAEL SNELSON","CRAIG JENSEN","MARCIA CONOVER-HARRIS","DALE WATSON","AMANDA MILLER","CRAIG CONOVER"
"SP574","XIMENA M. BISHOP","skipped","skipped","skipped","skipped","skipped","skipped"
"SP575","MICHAEL SNELSON","CRAIG JENSEN","DALE WATSON","MARCIA CONOVER-HARRIS","XIMENA M. BISHOP","CRAIG CONOVER","AMANDA MILLER"
"SP576","MICHAEL SNELSON","CRAIG CONOVER","CRAIG JENSEN","MARCIA CONOVER-HARRIS","skipped","skipped","skipped"
"SP577","MARCIA CONOVER-HARRIS","DALE WATSON","MICHAEL SNELSON","CRAIG JENSEN","CRAIG CONOVER","AMANDA MILLER","XIMENA M. BISHOP"
"SP578","XIMENA M. BISHOP","MARCIA CONOVER-HARRIS","AMANDA MILLER","CRAIG JENSEN","DALE WATSON","CRAIG CONOVER","MICHAEL SNELSON"
"SP579","MICHAEL SNELSON","CRAIG JENSEN","skipped","skipped","skipped","skipped","skipped"
"SP580","MICHAEL SNELSON","CRAIG CONOVER","MARCIA CONOVER-HARRIS","CRAIG JENSEN","AMANDA MILLER","DALE WATSON","XIMENA M. BISHOP"
"SP581","MICHAEL SNELSON","CRAIG JENSEN","skipped","skipped","skipped","skipped","skipped"
"SP582","XIMENA M. BISHOP","CRAIG CONOVER","MARCIA CONOVER-HARRIS","AMANDA MILLER","CRAIG JENSEN","MICHAEL SNELSON","DALE WATSON"
"SP583","DALE WATSON","MICHAEL SNELSON","CRAIG JENSEN","CRAIG CONOVER","AMANDA MILLER","MARCIA CONOVER-HARRIS","XIMENA M. BISHOP"
"SP584","XIMENA M. BISHOP","MICHAEL SNELSON","DALE WATSON","skipped","skipped","skipped","skipped"
"SP585","CRAIG JENSEN","XIMENA M. BISHOP","MICHAEL SNELSON","CRAIG CONOVER","MARCIA CONOVER-HARRIS","AMANDA MILLER","DALE WATSON"
"SP586","CRAIG CONOVER","MARCIA CONOVER-HARRIS","skipped","skipped","skipped","skipped","skipped"
"SP587","DALE WATSON","XIMENA M. BISHOP","MARCIA CONOVER-HARRIS","MICHAEL SNELSON","CRAIG CONOVER","CRAIG JENSEN","skipped"
"SP588","DALE WATSON","skipped","skipped","skipped","skipped","skipped","skipped"
"SP589","overvote","skipped","skipped","skipped","skipped","skipped","skipped"
"SP590","MICHAEL SNELSON","CRAIG JENSEN","CRAIG CONOVER","DALE WATSON","XIMENA M. BISHOP","MARCIA CONOVER-HARRIS","AMANDA MILLER"
"SP591","AMANDA MILLER","skipped","skipped","skipped","skipped","skipped","skipped"
"SP592","XIMENA M. BISHOP","MARCIA CONOVER-HARRIS","MICHAEL SNELSON","CRAIG JENSEN","CRAIG CONOVER","skipped","skipped"
"SP593","XIMENA M. BISHOP","MICHAEL SNELSON","MARCIA CONOVER-HARRIS","CRAIG JENSEN","AMANDA MILLER","DALE WATSON","CRAIG CONOVER"
"SP594","CRAIG CONOVER","MARCIA CONOVER-HARRIS","MICHAEL SNELSON","XIMENA M. BISHOP","CRAIG JENSEN","DALE WATSON","AMANDA MILLER"
"SP595","CRAIG JENSEN","MICHAEL SNELSON","CRAIG CONOVER","XIMENA M. BISHOP","DALE WATSON","MARCIA CONOVER-HARRIS","AMANDA MILLER"
"SP596","MARCIA CONOVER-HARRIS","CRAIG CONOVER","XIMENA M. BISHOP","DALE WATSON","MICHAEL SNELSON","CRAIG JENSEN","AMANDA MILLER"
"SP597","MARCIA CONOVER-HARRIS","CRAIG CONOVER","skipped","skipped","skipped","skipped","skipped"
"SP598","MICHAEL SNELSON","CRAIG JENSEN","XIMENA M. BISHOP","DALE WATSON","skipped","skipped","skipped"
"SP599","MARCIA CONOVER-HARRIS","CRAIG CONOVER","skipped","skipped","skipped","skipped","skipped"
"SP600","CRAIG JENSEN","CRAIG CONOVER","MARCIA CONOVER-HARRIS","AMANDA MILLER","MICHAEL SNELSON","DALE WATSON","XIMENA M. BISHOP"
"SP601","MICHAEL SNELSON","XIMENA M. BISHOP","CRAIG JENSEN","DALE WATSON","skipped","skipped","skipped"
"SP602","CRAIG JENSEN","CRAIG CONOVER","MARCIA CONOVER-HARRIS","AMANDA MILLER","DALE WATSON","MICHAEL SNELSON","XIMENA M. BISHOP"
"SP603","MICHAEL SNELSON","CRAIG JENSEN","MARCIA CONOVER-HARRIS","CRAIG CONOVER","XIMENA M. BISHOP","DALE WATSON","AMANDA MILLER"
"SP604","CRAIG CONOVER","CRAIG JENSEN","MICHAEL SNELSON","DALE WATSON","AMANDA MILLER","MARCIA CONOVER-HARRIS","XIMENA M. BISHOP"
"SP605","MICHAEL SNELSON","CRAIG CONOVER","XIMENA M. BISHOP","skipped","skipped","skipped","skipped"
"SP606","CRAIG JENSEN","CRAIG CONOVER","AMANDA MILLER","MARCIA CONOVER-HARRIS","MICHAEL SNELSON","XIMENA M. BISHOP","DALE WATSON"
"SP607","XIMENA M. BISHOP","MICHAEL SNELSON","MARCIA CONOVER-HARRIS","CRAIG JENSEN","skipped","skipped","skipped"
"SP608","CRAIG JENSEN","CRAIG CONOVER","skipped","skipped","skipped","skipped","skipped"
"SP609","MARCIA CONOVER-HARRIS","CRAIG CONOVER","skipped","skipped","skipped","skipped","skipped"
"SP610","MICHAEL SNELSON","CRAIG JENSEN","XIMENA M. BISHOP","CRAIG CONOVER","MARCIA CONOVER-HARRIS","DALE WATSON","AMANDA MILLER"
"SP611","AMANDA MILLER","DALE WATSON","CRAIG JENSEN","MICHAEL SNELSON","CRAIG CONOVER","XIMENA M. BISHOP","MARCIA CONOVER-HARRIS"
"SP612","MICHAEL SNELSON","MARCIA CONOVER-HARRIS","CRAIG CONOVER","DALE WATSON","AMANDA MILLER","XIMENA M. BISHOP","CRAIG JENSEN"
"SP613","MICHAEL SNELSON","DALE WATSON","MARCIA CONOVER-HARRIS","CRAIG JENSEN","CRAIG CONOVER","skipped","skipped"
"SP614","DALE WATSON","MICHAEL SNELSON","MARCIA CONOVER-HARRIS","XIMENA M. BISHOP","CRAIG CONOVER","CRAIG JENSEN","AMANDA MILLER"
"SP615","MARCIA CONOVER-HARRIS","DALE WATSON","MICHAEL SNELSON","CRAIG JENSEN","CRAIG CONOVER","skipped","skipped"
"SP616","XIMENA M. BISHOP","CRAIG CONOVER","MICHAEL SNELSON","MARCIA CONOVER-HARRIS","AMANDA MILLER","CRAIG JENSEN","DALE WATSON"
"SP617","MARCIA CONOVER-HARRIS","XIMENA M. BISHOP","MICHAEL SNELSON","CRAIG CONOVER","CRAIG JENSEN","AMANDA MILLER","DALE WATSON"
"SP618","MICHAEL SNELSON","CRAIG JENSEN","skipped","skipped","skipped","skipped","skipped"
"SP619","MICHAEL SNELSON","CRAIG JENSEN","skipped","skipped","skipped","skipped","skipped"
"SP620","MICHAEL SNELSON","CRAIG JENSEN","skipped","skipped","skipped","skipped","skipped"
"SP621","CRAIG CONOVER","MICHAEL SNELSON","skipped","skipped","skipped","skipped","skipped"
"SP622","skipped","AMANDA MILLER","skipped","skipped","skipped","skipped","skipped"
"SP623","MARCIA CONOVER-HARRIS","CRAIG CONOVER","DALE WATSON","MICHAEL SNELSON","AMANDA MILLER","XIMENA M. BISHOP","CRAIG JENSEN"
"SP624","CRAIG CONOVER","MARCIA CONOVER-HARRIS","skipped","skipped","skipped","skipped","skipped"
"SP625","MICHAEL SNELSON","CRAIG JENSEN","AMANDA MILLER","MARCIA CONOVER-HARRIS","CRAIG CONOVER","XIMENA M. BISHOP","DALE WATSON"
"SP626","skipped","skipped","skipped","skipped","skipped","skipped","skipped"
"SP627","AMANDA MILLER","MICHAEL SNELSON","MARCIA CONOVER-HARRIS","CRAIG JENSEN","CRAIG CONOVER","DALE WATSON","XIMENA M. BISHOP"
"SP628","CRAIG CONOVER","MICHAEL SNELSON","XIMENA M. BISHOP","MARCIA CONOVER-HARRIS","skipped","skipped","skipped"
"SP629","CRAIG CONOVER","XIMENA M. BISHOP","MICHAEL SNELSON","DALE WATSON","CRAIG JENSEN","AMANDA MILLER","MARCIA CONOVER-HARRIS"
"SP630","XIMENA M. BISHOP","DALE WATSON","CRAIG JENSEN","AMANDA MILLER","CRAIG CONOVER","MICHAEL SNELSON","MARCIA CONOVER-HARRIS"
"SP631","CRAIG JENSEN","XIMENA M. BISHOP","MICHAEL SNELSON","AMANDA MILLER","DALE WATSON","MARCIA CONOVER-HARRIS","CRAIG CONOVER"
"SP632","DALE WATSON","XIMENA M. BISHOP","MICHAEL SNELSON","CRAIG JENSEN","skipped","skipped","skipped"
"SP633","MICHAEL SNELSON","CRAIG JENSEN","XIMENA M. BISHOP","CRAIG CONOVER","overvote","skipped","AMANDA MILLER"
"SP634","CRAIG JENSEN","CRAIG CONOVER","MICHAEL SNELSON","skipped","skipped","skipped","skipped"
"SP635","MICHAEL SNELSON","AMANDA MILLER","XIMENA M. BISHOP","MARCIA CONOVER-HARRIS","CRAIG JENSEN","CRAIG CONOVER","DALE WATSON"
"SP636","MICHAEL SNELSON","skipped","skipped","skipped","skipped","skipped","skipped"
"SP637","MICHAEL SNELSON","CRAIG JENSEN","MARCIA CONOVER-HARRIS","CRAIG CONOVER","skipped","skipped","skipped"
"SP638","AMANDA MILLER","XIMENA M. BISHOP","MICHAEL SNELSON","CRAIG CONOVER","skipped","skipped","skipped"
"SP639","CRAIG CONOVER","MARCIA CONOVER-HARRIS","XIMENA M. BISHOP","CRAIG JENSEN","MICHAEL SNELSON","AMANDA MILLER","DALE WATSON"
"SP640","MARCIA CONOVER-HARRIS","CRAIG CONOVER","XIMENA M. BISHOP","AMANDA MILLER","CRAIG JENSEN","MICHAEL SNELSON","DALE WATSON"
"SP641","overvote","AMANDA MILLER","skipped","skipped","skipped","skipped","skipped"
"SP642","skipped","skipped","skipped","skipped","skipped","skipped","skipped"
"SP643","XIMENA M. BISHOP","CRAIG CONOVER","CRAIG JENSEN","MICHAEL SNELSON","MARCIA CONOVER-HARRIS","DALE WATSON","AMANDA MILLER"
"SP644","DALE WATSON","MARCIA CONOVER-HARRIS","MICHAEL SNELSON","CRAIG JENSEN","CRAIG CONOVER","AMANDA MILLER","XIMENA M. BISHOP"
"SP645","skipped","skipped","skipped","skipped","skipped","skipped","skipped"
"SP646","MARCIA CONOVER-HARRIS","CRAIG JENSEN","XIMENA M. BISHOP","AMANDA MILLER","DALE WATSON","MICHAEL SNELSON","CRAIG CONOVER"
"SP647","CRAIG CONOVER","CRAIG JENSEN","DALE WATSON","AMANDA MILLER","MARCIA CONOVER-HARRIS","MICHAEL SNELSON","XIMENA M. BISHOP"
"SP648","CRAIG JENSEN","MICHAEL SNELSON","XIMENA M. BISHOP","AMANDA MILLER","DALE WATSON","CRAIG CONOVER","MARCIA CONOVER-HARRIS"
"SP649","skipped","skipped","skipped","skipped","skipped","skipped","skipped"
"SP650","CRAIG JENSEN","MICHAEL SNELSON","XIMENA M. BISHOP","DALE WATSON","AMANDA MILLER","MARCIA CONOVER-HARRIS","CRAIG CONOVER"
"SP651","MICHAEL SNELSON","skipped","skipped","skipped","skipped","skipped","skipped"
"SP652","CRAIG CONOVER","MICHAEL SNELSON","DALE WATSON","XIMENA M. BISHOP","CRAIG JENSEN","AMANDA MILLER","MARCIA CONOVER-HARRIS"
"SP653","CRAIG CONOVER","MICHAEL SNELSON","XIMENA M. BISHOP","CRAIG JENSEN","AMANDA MILLER","MARCIA CONOVER-HARRIS","DALE WATSON"
"SP654","MICHAEL SNELSON","CRAIG CONOVER","DALE WATSON","CRAIG JENSEN","MARCIA CONOVER-HARRIS","XIMENA M. BISHOP","AMANDA MILLER"
"SP655","DALE WATSON","MARCIA CONOVER-HARRIS","CRAIG JENSEN","AMANDA MILLER","XIMENA M. BISHOP","MICHAEL SNELSON","CRAIG CONOVER"
"SP656","XIMENA M. BISHOP","MICHAEL SNELSON","MARCIA CONOVER-HARRIS","CRAIG JENSEN","AMANDA MILLER","CRAIG CONOVER","DALE WATSON"
"SP657","MICHAEL SNELSON","CRAIG JENSEN","DALE WATSON","CRAIG CONOVER","AMANDA MILLER","MARCIA CONOVER-HARRIS","XIMENA M. BISHOP"
"SP658","CRAIG CONOVER","MARCIA CONOVER-HARRIS","CRAIG JENSEN","MICHAEL SNELSON","DALE WATSON","AMANDA MILLER","XIMENA M. BISHOP"
"SP659","skipped","skipped","skipped","skipped","skipped","skipped","skipped"
"SP660","DALE WATSON","MARCIA CONOVER-HARRIS","MICHAEL SNELSON","CRAIG JENSEN","AMANDA MILLER","CRAIG CONOVER","XIMENA M. BISHOP"
"SP661","MICHAEL SNELSON","CRAIG JENSEN","skipped","skipped","skipped","skipped","skipped"
"SP662","MARCIA CONOVER-HARRIS","CRAIG CONOVER","XIMENA M. BISHOP","MICHAEL SNELSON","CRAIG JENSEN","AMANDA MILLER","DALE WATSON"
"SP663","CRAIG CONOVER","CRAIG JENSEN","MICHAEL SNELSON","XIMENA M. BISHOP","MARCIA CONOVER-HARRIS","DALE WATSON","AMANDA MILLER"
"SP664","MICHAEL SNELSON","CRAIG CONOVER","CRAIG JENSEN","skipped","skipped","skipped","skipped"
"SP665","MARCIA CONOVER-HARRIS","CRAIG CONOVER","DALE WATSON","CRAIG JENSEN","MICHAEL SNELSON","XIMENA M. BISHOP","AMANDA MILLER"
"SP666","MICHAEL SNELSON","DALE WATSON","CRAIG JENSEN","AMANDA MILLER","MARCIA CONOVER-HARRIS","CRAIG CONOVER","XIMENA M. BISHOP"
"SP667","MICHAEL SNELSON","MARCIA CONOVER-HARRIS","CRAIG CONOVER","XIMENA M. BISHOP","CRAIG JENSEN","DALE WATSON","AMANDA MILLER"
"SP668","CRAIG JENSEN","CRAIG CONOVER","MICHAEL SNELSON","DALE WATSON","MARCIA CONOVER-HARRIS","AMANDA MILLER","XIMENA M. BISHOP"
"SP669","CRAIG JENSEN","CRAIG CONOVER","MICHAEL SNELSON","DALE WATSON","MARCIA CONOVER-HARRIS","AMANDA MILLER","XIMENA M. BISHOP"
"SP670","MARCIA CONOVER-HARRIS","CRAIG CONOVER","AMANDA MILLER","DALE WATSON","XIMENA M. BISHOP","CRAIG JENSEN","MICHAEL SNELSON"
"SP671","DALE WATSON","CRAIG JENSEN","MICHAEL SNELSON","CRAIG CONOVER","AMANDA MILLER","XIMENA M. BISHOP","MARCIA CONOVER-HARRIS"
"SP672","skipped","skipped","skipped","skipped","skipped","skipped","skipped"
"SP673","MARCIA CONOVER-HARRIS","MICHAEL SNELSON","CRAIG CONOVER","AMANDA MILLER","DALE WATSON","CRAIG JENSEN","XIMENA M. BISHOP"
"SP674","MICHAEL SNELSON","CRAIG CONOVER","XIMENA M. BISHOP","CRAIG JENSEN","MARCIA CONOVER-HARRIS","AMANDA MILLER","DALE WATSON"
"SP675","DALE WATSON","XIMENA M. BISHOP","MICHAEL SNELSON","CRAIG JENSEN","CRAIG CONOVER","MARCIA CONOVER-HARRIS","AMANDA MILLER"
"SP676","AMANDA MILLER","XIMENA M. BISHOP","DALE WATSON","CRAIG JENSEN","MICHAEL SNELSON","CRAIG CONOVER","MARCIA CONOVER-HARRIS"
"SP677","CRAIG CONOVER","XIMENA M. BISHOP","CRAIG JENSEN","DALE WATSON","AMANDA MILLER","MICHAEL SNELSON","MARCIA CONOVER-HARRIS"
"SP678","CRAIG CONOVER","XIMENA M. BISHOP","MICHAEL SNELSON","MARCIA CONOVER-HARRIS","AMANDA MILLER","CRAIG JENSEN","DALE WATSON"
"SP679","MICHAEL SNELSON","CRAIG JENSEN","MARCIA CONOVER-HARRIS","CRAIG CONOVER","DALE WATSON","AMANDA MILLER","XIMENA M. BISHOP"
"SP680","MICHAEL SNELSON","XIMENA M. BISHOP","MARCIA CONOVER-HARRIS","CRAIG JENSEN","CRAIG CONOVER","AMANDA MILLER","DALE WATSON"
"SP681","CRAIG CONOVER","CRAIG JENSEN","MARCIA CONOVER-HARRIS","MICHAEL SNELSON","DALE WATSON","AMANDA MILLER","XIMENA M. BISHOP"
"SP682","XIMENA M. BISHOP","MICHAEL SNELSON","CRAIG JENSEN","CRAIG CONOVER","MARCIA CONOVER-HARRIS","DALE WATSON","AMANDA MILLER"
"SP683","MICHAEL SNELSON","CRAIG CONOVER","XIMENA M. BISHOP","CRAIG JENSEN","AMANDA MILLER","MARCIA CONOVER-HARRIS","DALE WATSON"
"SP684","XIMENA M. BISHOP","DALE WATSON","CRAIG JENSEN","AMANDA MILLER","CRAIG CONOVER","MICHAEL SNELSON","MARCIA CONOVER-HARRIS"
"SP685","MICHAEL SNELSON","CRAIG CONOVER","CRAIG JENSEN","MARCIA CONOVER-HARRIS","XIMENA M. BISHOP","DALE WATSON","AMANDA MILLER"
"SP686","CRAIG CONOVER","CRAIG JENSEN","MICHAEL SNELSON","skipped","skipped","skipped","skipped"
"SP687","CRAIG JENSEN","DALE WATSON","overvote","MARCIA CONOVER-HARRIS","CRAIG CONOVER","skipped","skipped"
"SP688","MICHAEL SNELSON","XIMENA M. BISHOP","MARCIA CONOVER-HARRIS","CRAIG JENSEN","CRAIG CONOVER","AMANDA MILLER","DALE WATSON"
"SP689","MICHAEL SNELSON","CRAIG CONOVER","MARCIA CONOVER-HARRIS","DALE WATSON","CRAIG JENSEN","AMANDA MILLER","XIMENA M. BISHOP"
"SP690","MICHAEL SNELSON","CRAIG JENSEN","skipped","skipped","skipped","skipped","skipped"
"SP691","DALE WATSON","AMANDA MILLER","skipped","skipped","skipped","skipped","skipped"
"SP692","skipped","skipped","skipped","skipped","skipped","skipped","skipped"
"SP693","AMANDA MILLER","XIMENA M. BISHOP","CRAIG JENSEN","DALE WATSON","CRAIG CONOVER","MARCIA CONOVER-HARRIS","MICHAEL SNELSON"
"SP694","MICHAEL SNELSON","CRAIG JENSEN","skipped","skipped","skipped","skipped","skipped"
"SP695","DALE WATSON","AMANDA MILLER","MICHAEL SNELSON","XIMENA M. BISHOP","MARCIA CONOVER-HARRIS","CRAIG JENSEN","CRAIG CONOVER"
"SP696","XIMENA M. BISHOP","DALE WATSON","CRAIG JENSEN","AMANDA MILLER","CRAIG CONOVER","MARCIA CONOVER-HARRIS","MICHAEL SNELSON"
"SP697","DALE WATSON","CRAIG JENSEN","XIMENA M. BISHOP","MICHAEL SNELSON","CRAIG CONOVER","MARCIA CONOVER-HARRIS","AMANDA MILLER"
"SP698","DALE WATSON","XIMENA M. BISHOP","MICHAEL SNELSON","CRAIG CONOVER","CRAIG JENSEN","AMANDA MILLER","MARCIA CONOVER-HARRIS"
"SP699","DALE WATSON","XIMENA M. BISHOP","MICHAEL SNELSON","CRAIG JENSEN","CRAIG CONOVER","MARCIA CONOVER-HARRIS","AMANDA MILLER"
"SP700","CRAIG CONOVER","CRAIG JENSEN","MARCIA CONOVER-HARRIS","MICHAEL SNELSON","DALE WATSON","XIMENA M. BISHOP","AMANDA MILLER"
"SP701","CRAIG CONOVER","skipped","skipped","skipped","skipped","skipped","skipped"
"SP702","CRAIG JENSEN","CRAIG CONOVER","MARCIA CONOVER-HARRIS","MICHAEL SNELSON","DALE WATSON","XIMENA M. BISHOP","AMANDA MILLER"
"SP703","CRAIG CONOVER","CRAIG JENSEN","MARCIA CONOVER-HARRIS","MICHAEL SNELSON","DALE WATSON","XIMENA M. BISHOP","AMANDA MILLER"
"SP704","MICHAEL SNELSON","XIMENA M. BISHOP","DALE WATSON","CRAIG JENSEN","CRAIG CONOVER","MARCIA CONOVER-HARRIS","AMANDA MILLER"
"SP705","overvote","skipped","skipped","skipped","skipped","skipped","skipped"
"SP706","CRAIG CONOVER","skipped","skipped","skipped","skipped","skipped","skipped"
"SP707","MICHAEL SNELSON","CRAIG CONOVER","AMANDA MILLER","MARCIA CONOVER-HARRIS","XIMENA M. BISHOP","CRAIG JENSEN","DALE WATSON"
"SP708","MARCIA CONOVER-HARRIS","CRAIG CONOVER","XIMENA M. BISHOP","AMANDA MILLER","MICHAEL SNELSON","CRAIG JENSEN","DALE WATSON"
"SP709","MARCIA CONOVER-HARRIS","MICHAEL SNELSON","CRAIG CONOVER","CRAIG JENSEN","AMANDA MILLER","DALE WATSON","XIMENA M. BISHOP"
"SP710","CRAIG JENSEN","CRAIG CONOVER","XIMENA M. BISHOP","AMANDA MILLER","MICHAEL SNELSON","MARCIA CONOVER-HARRIS","DALE WATSON"
"SP711","MICHAEL SNELSON","CRAIG JENSEN","DALE WATSON","CRAIG CONOVER","AMANDA MILLER","skipped","skipped"
"SP712","MICHAEL SNELSON","CRAIG CONOVER","MARCIA CONOVER-HARRIS","CRAIG JENSEN","AMANDA MILLER","XIMENA M. BISHOP","DALE WATSON"
"SP713","CRAIG CONOVER","CRAIG JENSEN","MICHAEL SNELSON","DALE WATSON","MARCIA CONOVER-HARRIS","AMANDA MILLER","XIMENA M. BISHOP"
"SP714","XIMENA M. BISHOP","MICHAEL SNELSON","DALE WATSON","skipped","skipped","skipped","skipped"
"SP715","XIMENA M. BISHOP","MICHAEL SNELSON","CRAIG CONOVER","CRAIG JENSEN","MARCIA CONOVER-HARRIS","DALE WATSON","AMANDA MILLER"
"SP716","MICHAEL SNELSON","CRAIG CONOVER","CRAIG JENSEN","MARCIA CONOVER-HARRIS","AMANDA MILLER","XIMENA M. BISHOP","DALE WATSON"
"SP717","MICHAEL SNELSON","CRAIG CONOVER","DALE WATSON","MARCIA CONOVER-HARRIS","CRAIG JENSEN","XIMENA M. BISHOP","AMANDA MILLER"
"SP718","XIMENA M. BISHOP","MARCIA CONOVER-HARRIS","AMANDA MILLER","CRAIG JENSEN","CRAIG CONOVER","MICHAEL SNELSON","DALE WATSON"
"SP719","MARCIA CONOVER-HARRIS","MICHAEL SNELSON","XIMENA M. BISHOP","CRAIG JENSEN","DALE WATSON","AMANDA MILLER","CRAIG CONOVER"
"SP720","MARCIA CONOVER-HARRIS","XIMENA M. BISHOP","CRAIG CONOVER","CRAIG JENSEN","MICHAEL SNELSON","AMANDA MILLER","DALE WATSON"
"SP721","CRAIG JENSEN","XIMENA M. BISHOP","MICHAEL SNELSON","AMANDA MILLER","MARCIA CONOVER-HARRIS","DALE WATSON","CRAIG CONOVER"
"SP722","skipped","skipped","skipped","skipped","skipped","skipped","skipped"
"SP723","XIMENA M. BISHOP","AMANDA MILLER","CRAIG CONOVER","MARCIA CONOVER-HARRIS","DALE WATSON","MICHAEL SNELSON","CRAIG JENSEN"
"SP724","MICHAEL SNELSON","CRAIG JENSEN","DALE WATSON","CRAIG CONOVER","skipped","skipped","skipped"
"SP725","skipped","skipped","skipped","skipped","skipped","skipped","skipped"
"SP726","MICHAEL SNELSON","CRAIG JENSEN","DALE WATSON","XIMENA M. BISHOP","CRAIG CONOVER","AMANDA MILLER","MARCIA CONOVER-HARRIS"
"SP727","MICHAEL SNELSON","skipped","skipped","skipped","skipped","skipped","skipped"
"SP728","overvote","XIMENA M. BISHOP","skipped","skipped","skipped","skipped","skipped"
"SP729","DALE WATSON","MICHAEL SNELSON","CRAIG JENSEN","XIMENA M. BISHOP","CRAIG CONOVER","MARCIA CONOVER-HARRIS","AMANDA MILLER"
"SP730","MICHAEL SNELSON","CRAIG CONOVER","AMANDA MILLER","MARCIA CONOVER-HARRIS","CRAIG JENSEN","XIMENA M. BISHOP","DALE WATSON"
"SP731","XIMENA M. BISHOP","MARCIA CONOVER-HARRIS","skipped","skipped","skipped","skipped","skipped"
"SP732","CRAIG JENSEN","MICHAEL SNELSON","AMANDA MILLER","XIMENA M. BISHOP","CRAIG CONOVER","MARCIA CONOVER-HARRIS","DALE WATSON"
"SP733","AMANDA MILLER","MARCIA CONOVER-HARRIS","XIMENA M. BISHOP","CRAIG CONOVER","CRAIG JENSEN","MICHAEL SNELSON","DALE WATSON"
"SP734","MICHAEL SNELSON","CRAIG JENSEN","skipped","skipped","skipped","skipped","skipped"
"SP735","DALE WATSON","skipped","skipped","skipped","skipped","skipped","skipped"
"SP736","DALE WATSON","AMANDA MILLER","MARCIA CONOVER-HARRIS","MICHAEL SNELSON","XIMENA M. BISHOP","CRAIG CONOVER","CRAIG JENSEN"
"SP737","MICHAEL SNELSON","CRAIG JENSEN","CRAIG CONOVER","DALE WATSON","MARCIA CONOVER-HARRIS","XIMENA M. BISHOP","AMANDA MILLER"
"SP738","MICHAEL SNELSON","DALE WATSON","CRAIG JENSEN","CRAIG CONOVER","MARCIA CONOVER-HARRIS","XIMENA M. BISHOP","AMANDA MILLER"
"SP739","XIMENA M. BISHOP","CRAIG CONOVER","MARCIA CONOVER-HARRIS","CRAIG JENSEN","MICHAEL SNELSON","AMANDA MILLER","DALE WATSON"
"SP740","MICHAEL SNELSON","CRAIG JENSEN","XIMENA M. BISHOP","MARCIA CONOVER-HARRIS","skipped","skipped","skipped"
"SP741","MICHAEL SNELSON","CRAIG JENSEN","DALE WATSON","CRAIG CONOVER","AMANDA MILLER","MARCIA CONOVER-HARRIS","XIMENA M. BISHOP"
"SP742","XIMENA M. BISHOP","MICHAEL SNELSON","CRAIG CONOVER","CRAIG JENSEN","AMANDA MILLER","DALE WATSON","MARCIA CONOVER-HARRIS"
"SP743","skipped","skipped","skipped","skipped","skipped","skipped","skipped"
"SP744","CRAIG CONOVER","MICHAEL SNELSON","XIMENA M. BISHOP","MARCIA CONOVER-HARRIS","DALE WATSON","CRAIG JENSEN","AMANDA MILLER"
"SP745","CRAIG CONOVER","MARCIA CONOVER-HARRIS","CRAIG JENSEN","XIMENA M. BISHOP","MICHAEL SNELSON","DALE WATSON","AMANDA MILLER"
"SP746","MICHAEL SNELSON","overvote","DALE WATSON","AMANDA MILLER","skipped","CRAIG CONOVER","MARCIA CONOVER-HARRIS"
"SP747","DALE WATSON","CRAIG CONOVER","AMANDA MILLER","MICHAEL SNELSON","CRAIG JENSEN","XIMENA M. BISHOP","MARCIA CONOVER-HARRIS"
"SP748","XIMENA M. BISHOP","skipped","skipped","skipped","skipped","skipped","skipped"
"SP749","MICHAEL SNELSON","AMANDA MILLER","MARCIA CONOVER-HARRIS","CRAIG CONOVER","CRAIG JENSEN","XIMENA M. BISHOP","DALE WATSON"
"SP750","MICHAEL SNELSON","DALE WATSON","CRAIG JENSEN","CRAIG CONOVER","MARCIA CONOVER-HARRIS","AMANDA MILLER","skipped"
"SP751","CRAIG JENSEN","MICHAEL SNELSON","skipped","skipped","skipped","skipped","skipped"
"SP752","CRAIG JENSEN","CRAIG CONOVER","MICHAEL SNELSON","MARCIA CONOVER-HARRIS","XIMENA M. BISHOP","AMANDA MILLER","DALE WATSON"
"SP753","MICHAEL SNELSON","CRAIG JENSEN","MARCIA CONOVER-HARRIS","CRAIG CONOVER","XIMENA M. BISHOP","DALE WATSON","AMANDA MILLER"
"SP754","MICHAEL SNELSON","CRAIG JENSEN","MARCIA CONOVER-HARRIS","CRAIG CONOVER","XIMENA M. BISHOP","AMANDA MILLER","DALE WATSON"
"SP755","AMANDA MILLER","XIMENA M. BISHOP","MARCIA CONOVER-HARRIS","CRAIG CONOVER","MICHAEL SNELSON","CRAIG JENSEN","DALE WATSON"
"SP756","CRAIG JENSEN","XIMENA M. BISHOP","DALE WATSON","CRAIG CONOVER","MICHAEL SNELSON","MARCIA CONOVER-HARRIS","AMANDA MILLER"
"SP757","CRAIG JENSEN","CRAIG CONOVER","XIMENA M. BISHOP","MARCIA CONOVER-HARRIS","AMANDA MILLER","MICHAEL SNELSON","DALE WATSON"
"SP758","MARCIA CONOVER-HARRIS","CRAIG CONOVER","DALE WATSON","XIMENA M. BISHOP","MICHAEL SNELSON","AMANDA MILLER","CRAIG JENSEN"
"SP759","CRAIG JENSEN","XIMENA M. BISHOP","AMANDA MILLER","CRAIG CONOVER","MICHAEL SNELSON","DALE WATSON","MARCIA CONOVER-HARRIS"
"SP760","MICHAEL SNELSON","CRAIG JENSEN","skipped","skipped","skipped","skipped","skipped"
"SP761","skipped","skipped","skipped","skipped","skipped","skipped","skipped"
"SP762","CRAIG JENSEN","MICHAEL SNELSON","CRAIG CONOVER","MARCIA CONOVER-HARRIS","DALE WATSON","AMANDA MILLER","XIMENA M. BISHOP"
"SP763","MICHAEL SNELSON","XIMENA M. BISHOP","MARCIA CONOVER-HARRIS","CRAIG CONOVER","AMANDA MILLER","DALE WATSON","CRAIG JENSEN"
"SP764","CRAIG JENSEN","MICHAEL SNELSON","CRAIG CONOVER","MARCIA CONOVER-HARRIS","DALE WATSON","AMANDA MILLER","XIMENA M. BISHOP"
"SP765","skipped","skipped","skipped","skipped","skipped","skipped","skipped"
"SP766","CRAIG JENSEN","MICHAEL SNELSON","CRAIG CONOVER","MARCIA CONOVER-HARRIS","DALE WATSON","AMANDA MILLER","XIMENA M. BISHOP"
"SP767","AMANDA MILLER","CRAIG JENSEN","skipped","skipped","skipped","skipped","skipped"
"SP768","XIMENA M. BISHOP","MICHAEL SNELSON","CRAIG JENSEN","skipped","skipped","skipped","skipped"
"SP769","AMANDA MILLER","skipped","skipped","skipped","skipped","skipped","skipped"
"SP770","XIMENA M. BISHOP","MICHAEL SNELSON","CRAIG JENSEN","skipped","skipped","skipped","skipped"
"SP771","MICHAEL SNELSON","CRAIG JENSEN","skipped","skipped","skipped","skipped","skipped"
"SP772","AMANDA MILLER","DALE WATSON","CRAIG JENSEN","skipped","skipped","skipped","skipped"
"SP773","CRAIG JENSEN","CRAIG CONOVER","XIMENA M. BISHOP","MICHAEL SNELSON","MARCIA CONOVER-HARRIS","DALE WATSON","AMANDA MILLER"
"SP774","MICHAEL SNELSON","CRAIG CONOVER","MARCIA CONOVER-HARRIS","AMANDA MILLER","CRAIG JENSEN","XIMENA M. BISHOP","DALE WATSON"
"SP775","MICHAEL SNELSON","CRAIG JENSEN","XIMENA M. BISHOP","MARCIA CONOVER-HARRIS","CRAIG CONOVER","DALE WATSON","AMANDA MILLER"
"SP776","CRAIG CONOVER","MARCIA CONOVER-HARRIS","CRAIG JENSEN","AMANDA MILLER","DALE WATSON","MICHAEL SNELSON","XIMENA M. BISHOP"
"SP777","MARCIA CONOVER-HARRIS","MICHAEL SNELSON","AMANDA MILLER","CRAIG CONOVER","DALE WATSON","DALE WATSON","XIMENA M. BISHOP"
"SP778","MICHAEL SNELSON","CRAIG CONOVER","MARCIA CONOVER-HARRIS","AMANDA MILLER","skipped","skipped","skipped"
"SP779","MICHAEL SNELSON","XIMENA M. BISHOP","CRAIG JENSEN","DALE WATSON","AMANDA MILLER","CRAIG CONOVER","MARCIA CONOVER-HARRIS"
"SP780","CRAIG CONOVER","XIMENA M. BISHOP","MARCIA CONOVER-HARRIS","CRAIG JENSEN","AMANDA MILLER","DALE WATSON","MICHAEL SNELSON"
"SP781","CRAIG JENSEN","DALE WATSON","AMANDA MILLER","XIMENA M. BISHOP","MICHAEL SNELSON","MARCIA CONOVER-HARRIS","CRAIG CONOVER"
"SP782","DALE WATSON","XIMENA M. BISHOP","MICHAEL SNELSON","CRAIG JENSEN","AMANDA MILLER","MARCIA CONOVER-HARRIS","CRAIG CONOVER"
"SP783","XIMENA M. BISHOP","MICHAEL SNELSON","AMANDA MILLER","CRAIG JENSEN","MARCIA CONOVER-HARRIS","CRAIG CONOVER","DALE WATSON"
"SP784","MICHAEL SNELSON","skipped","skipped","skipped","skipped","skipped","skipped"
"SP785","AMANDA MILLER","DALE WATSON","CRAIG CONOVER","MICHAEL SNELSON","MARCIA CONOVER-HARRIS","CRAIG JENSEN","XIMENA M. BISHOP"
"SP786","MICHAEL SNELSON","skipped","skipped","skipped","skipped","skipped","skipped"
"SP787","DALE WATSON","AMANDA MILLER","MARCIA CONOVER-HARRIS","XIMENA M. BISHOP","MICHAEL SNELSON","CRAIG JENSEN","CRAIG CONOVER"
"SP788","MICHAEL SNELSON","CRAIG JENSEN","AMANDA MILLER","MARCIA CONOVER-HARRIS","CRAIG CONOVER","XIMENA M. BISHOP","DALE WATSON"
"SP789","CRAIG CONOVER","MARCIA CONOVER-HARRIS","CRAIG JENSEN","XIMENA M. BISHOP","MICHAEL SNELSON","DALE WATSON","AMANDA MILLER"
"SP790","MICHAEL SNELSON","XIMENA M. BISHOP","DALE WATSON","MARCIA CONOVER-HARRIS","CRAIG CONOVER","CRAIG JENSEN","AMANDA MILLER"
"SP791","MICHAEL SNELSON","CRAIG JENSEN","MARCIA CONOVER-HARRIS","XIMENA M. BISHOP","CRAIG CONOVER","AMANDA MILLER","DALE WATSON"
"SP792","XIMENA M. BISHOP","MICHAEL SNELSON","DALE WATSON","CRAIG JENSEN","CRAIG CONOVER","MARCIA CONOVER-HARRIS","AMANDA MILLER"
"SP793","CRAIG CONOVER","MARCIA CONOVER-HARRIS","XIMENA M. BISHOP","MICHAEL SNELSON","CRAIG JENSEN","AMANDA MILLER","DALE WATSON"
"SP794","CRAIG CONOVER","MARCIA CONOVER-HARRIS","DALE WATSON","AMANDA MILLER","MICHAEL SNELSON","XIMENA M. BISHOP","skipped"
"SP795","MICHAEL SNELSON","CRAIG JENSEN","XIMENA M. BISHOP","MARCIA CONOVER-HARRIS","CRAIG CONOVER","DALE WATSON","AMANDA MILLER"
"SP796","XIMENA M. BISHOP","CRAIG JENSEN","MICHAEL SNELSON","skipped","skipped","skipped","skipped"
"SP797","CRAIG CONOVER","MICHAEL SNELSON","CRAIG JENSEN","DALE WATSON","MARCIA CONOVER-HARRIS","AMANDA MILLER","XIMENA M. BISHOP"
"SP798","CRAIG JENSEN","MICHAEL SNELSON","skipped","skipped","skipped","skipped","skipped"
"SP799","XIMENA M. BISHOP","MICHAEL SNELSON","DALE WATSON","CRAIG JENSEN","CRAIG CONOVER","MARCIA CONOVER-HARRIS","AMANDA MILLER"
"SP800","AMANDA MILLER","skipped","skipped","skipped","skipped","skipped","skipped"
"SP801","MICHAEL SNELSON","CRAIG JENSEN","AMANDA MILLER","MARCIA CONOVER-HARRIS","CRAIG CONOVER","XIMENA M. BISHOP","DALE WATSON"
"SP802","AMANDA MILLER","CRAIG JENSEN","DALE WATSON","skipped","skipped","skipped","skipped"
"SP803","XIMENA M. BISHOP","AMANDA MILLER","CRAIG CONOVER","MICHAEL SNELSON","MARCIA CONOVER-HARRIS","CRAIG JENSEN","DALE WATSON"
"SP804","CRAIG JENSEN","MICHAEL SNELSON","AMANDA MILLER","XIMENA M. BISHOP","DALE WATSON","MARCIA CONOVER-HARRIS","CRAIG CONOVER"
"SP805","DALE WATSON","MARCIA CONOVER-HARRIS","AMANDA MILLER","MICHAEL SNELSON","CRAIG JENSEN","CRAIG CONOVER","XIMENA M. BISHOP"
"SP806","MICHAEL SNELSON","CRAIG JENSEN","DALE WATSON","CRAIG CONOVER","AMANDA MILLER","MARCIA CONOVER-HARRIS","XIMENA M. BISHOP"
"SP807","DALE WATSON","AMANDA MILLER","CRAIG JENSEN","CRAIG CONOVER","MICHAEL SNELSON","XIMENA M. BISHOP","MARCIA CONOVER-HARRIS"
"SP808","MICHAEL SNELSON","DALE WATSON","CRAIG CONOVER","AMANDA MILLER","XIMENA M. BISHOP","MARCIA CONOVER-HARRIS","CRAIG JENSEN"
"SP809","DALE WATSON","AMANDA MILLER","CRAIG JENSEN","XIMENA M. BISHOP","MICHAEL SNELSON","CRAIG CONOVER","MARCIA CONOVER-HARRIS"
"SP810","AMANDA MILLER","MICHAEL SNELSON","CRAIG JENSEN","DALE WATSON","XIMENA M. BISHOP","MARCIA CONOVER-HARRIS","CRAIG CONOVER"
"SP811","MICHAEL SNELSON","CRAIG JENSEN","XIMENA M. BISHOP","MARCIA CONOVER-HARRIS","DALE WATSON","skipped","skipped"
"SP812","MICHAEL SNELSON","CRAIG JENSEN","XIMENA M. BISHOP","skipped","skipped","skipped","skipped"
"SP813","MICHAEL SNELSON","CRAIG JENSEN","XIMENA M. BISHOP","MARCIA CONOVER-HARRIS","CRAIG CONOVER","DALE WATSON","AMANDA MILLER"
"SP814","CRAIG CONOVER","MARCIA CONOVER-HARRIS","MICHAEL SNELSON","AMANDA MILLER","DALE WATSON","XIMENA M. BISHOP","CRAIG JENSEN"
"SP815","MICHAEL SNELSON","XIMENA M. BISHOP","AMANDA MILLER","CRAIG JENSEN","DALE WATSON","CRAIG CONOVER","MARCIA CONOVER-HARRIS"
"SP816","MICHAEL SNELSON","skipped","skipped","skipped","skipped","skipped","skipped"
"SP817","AMANDA MILLER","MARCIA CONOVER-HARRIS","CRAIG CONOVER","MICHAEL SNELSON","CRAIG JENSEN","XIMENA M. BISHOP","DALE WATSON"
"SP818","CRAIG CONOVER","MARCIA CONOVER-HARRIS","DALE WATSON","MICHAEL SNELSON","CRAIG JENSEN","XIMENA M. BISHOP","AMANDA MILLER"
"SP819","XIMENA M. BISHOP","CRAIG JENSEN","DALE WATSON","CRAIG CONOVER","skipped","MARCIA CONOVER-HARRIS","AMANDA MILLER"
"SP820","MARCIA CONOVER-HARRIS","CRAIG CONOVER","CRAIG JENSEN","AMANDA MILLER","XIMENA M. BISHOP","MICHAEL SNELSON","DALE WATSON"
"SP821","XIMENA M. BISHOP","CRAIG JENSEN","MICHAEL SNELSON","CRAIG CONOVER","DALE WATSON","MARCIA CONOVER-HARRIS","AMANDA MILLER"
"SP822","MARCIA CONOVER-HARRIS","skipped","skipped","skipped","skipped","skipped","skipped"
"SP823","MICHAEL SNELSON","CRAIG CONOVER","MARCIA CONOVER-HARRIS","DALE WATSON","CRAIG JENSEN","AMANDA MILLER","XIMENA M. BISHOP"
"SP824","CRAIG JENSEN","DALE WATSON","MICHAEL SNELSON","CRAIG CONOVER","AMANDA MILLER","MARCIA CONOVER-HARRIS","XIMENA M. BISHOP"
"SP825","MICHAEL SNELSON","XIMENA M. BISHOP","CRAIG JENSEN","DALE WATSON","skipped","skipped","skipped"
"SP826","MARCIA CONOVER-HARRIS","XIMENA M. BISHOP","skipped","skipped","skipped","skipped","skipped"
"SP827","CRAIG CONOVER","MARCIA CONOVER-HARRIS","skipped","skipped","skipped","skipped","skipped"
"SP828","CRAIG JENSEN","AMANDA MILLER","skipped","skipped","skipped","skipped","skipped"
"SP829","MICHAEL SNELSON","CRAIG JENSEN","DALE WATSON","CRAIG CONOVER","AMANDA MILLER","MARCIA CONOVER-HARRIS","XIMENA M. BISHOP"
"SP830","CRAIG JENSEN","AMANDA MILLER","DALE WATSON","MICHAEL SNELSON","XIMENA M. BISHOP","CRAIG CONOVER","MARCIA CONOVER-HARRIS"
"SP831","CRAIG CONOVER","MARCIA CONOVER-HARRIS","MICHAEL SNELSON","DALE WATSON","skipped","skipped","skipped"
"SP832","DALE WATSON","MICHAEL SNELSON","CRAIG JENSEN","CRAIG CONOVER","MARCIA CONOVER-HARRIS","AMANDA MILLER","XIMENA M. BISHOP"
"SP833","CRAIG JENSEN","skipped","skipped","skipped","skipped","skipped","skipped"
"SP834","CRAIG CONOVER","MARCIA CONOVER-HARRIS","CRAIG JENSEN","XIMENA M. BISHOP","DALE WATSON","MICHAEL SNELSON","AMANDA MILLER"
"SP835","CRAIG CONOVER","MARCIA CONOVER-HARRIS","AMANDA MILLER","CRAIG JENSEN","MICHAEL SNELSON","XIMENA M. BISHOP","DALE WATSON"
"SP836","MARCIA CONOVER-HARRIS","XIMENA M. BISHOP","MICHAEL SNELSON","skipped","skipped","skipped","skipped"
"SP837","AMANDA MILLER","MARCIA CONOVER-HARRIS","CRAIG CONOVER","MICHAEL SNELSON","CRAIG JENSEN","XIMENA M. BISHOP","skipped"
"SP838","MICHAEL SNELSON","XIMENA M. BISHOP","MARCIA CONOVER-HARRIS","AMANDA MILLER","skipped","skipped","skipped"
"SP839","XIMENA M. BISHOP","MICHAEL SNELSON","CRAIG JENSEN","CRAIG CONOVER","MARCIA CONOVER-HARRIS","AMANDA MILLER","DALE WATSON"
"SP840","CRAIG CONOVER","XIMENA M. BISHOP","MICHAEL SNELSON","CRAIG JENSEN","DALE WATSON","MARCIA CONOVER-HARRIS","AMANDA MILLER"
"SP841","DALE WATSON","MARCIA CONOVER-HARRIS","MICHAEL SNELSON","skipped","skipped","skipped","skipped"
"SP842","MICHAEL SNELSON","DALE WATSON","CRAIG JENSEN","skipped","skipped","skipped","skipped"
"SP843","MARCIA CONOVER-HARRIS","MICHAEL SNELSON","XIMENA M. BISHOP","skipped","skipped","skipped","skipped"
"SP844","XIMENA M. BISHOP","AMANDA MILLER","MICHAEL SNELSON","DALE WATSON","CRAIG JENSEN","MARCIA CONOVER-HARRIS","CRAIG CONOVER"
"SP845","XIMENA M. BISHOP","AMANDA MILLER","MARCIA CONOVER-HARRIS","MICHAEL SNELSON","CRAIG CONOVER","CRAIG JENSEN","DALE WATSON"
"SP846","CRAIG JENSEN","MICHAEL SNELSON","XIMENA M. BISHOP","AMANDA MILLER","DALE WATSON","MARCIA CONOVER-HARRIS","CRAIG CONOVER"
"SP847","XIMENA M. BISHOP","CRAIG CONOVER","AMANDA MILLER","MARCIA CONOVER-HARRIS","CRAIG JENSEN","MICHAEL SNELSON","DALE WATSON"
"SP848","MICHAEL SNELSON","CRAIG CONOVER","CRAIG JENSEN","overvote","MARCIA CONOVER-HARRIS","CRAIG CONOVER","XIMENA M. BISHOP"
"SP849","DALE WATSON","AMANDA MILLER","MARCIA CONOVER-HARRIS","XIMENA M. BISHOP","MICHAEL SNELSON","CRAIG JENSEN","CRAIG CONOVER"
"SP850","XIMENA M. BISHOP","CRAIG CONOVER","MICHAEL SNELSON","CRAIG JENSEN","MARCIA CONOVER-HARRIS","DALE WATSON","skipped"
"SP851","DALE WATSON","AMANDA MILLER","MARCIA CONOVER-HARRIS","XIMENA M. BISHOP","MICHAEL SNELSON","CRAIG JENSEN","CRAIG CONOVER"
"SP852","MICHAEL SNELSON","XIMENA M. BISHOP","CRAIG JENSEN","DALE WATSON","CRAIG CONOVER","MARCIA CONOVER-HARRIS","AMANDA MILLER"
"SP853","MICHAEL SNELSON","CRAIG JENSEN","skipped","skipped","skipped","skipped","skipped"
"SP854","MICHAEL SNELSON","DALE WATSON","CRAIG JENSEN","XIMENA M. BISHOP","CRAIG CONOVER","AMANDA MILLER","MARCIA CONOVER-HARRIS"
"SP855","DALE WATSON","MICHAEL SNELSON","CRAIG CONOVER","CRAIG JENSEN","AMANDA MILLER","XIMENA M. BISHOP","MARCIA CONOVER-HARRIS"
"SP856","XIMENA M. BISHOP","MICHAEL SNELSON","CRAIG JENSEN","MARCIA CONOVER-HARRIS","CRAIG CONOVER","DALE WATSON","AMANDA MILLER"
"SP857","MICHAEL SNELSON","CRAIG CONOVER","CRAIG JENSEN","DALE WATSON","MARCIA CONOVER-HARRIS","AMANDA MILLER","XIMENA M. BISHOP"
"SP858","XIMENA M. BISHOP","MICHAEL SNELSON","MARCIA CONOVER-HARRIS","DALE WATSON","CRAIG CONOVER","CRAIG JENSEN","AMANDA MILLER"
"SP859","MICHAEL SNELSON","MARCIA CONOVER-HARRIS","XIMENA M. BISHOP","CRAIG JENSEN","AMANDA MILLER","CRAIG CONOVER","DALE WATSON"
"SP860","XIMENA M. BISHOP","MICHAEL SNELSON","CRAIG JENSEN","MARCIA CONOVER-HARRIS","DALE WATSON","CRAIG CONOVER","AMANDA MILLER"
"SP861","AMANDA MILLER","CRAIG CONOVER","MICHAEL SNELSON","CRAIG JENSEN","MARCIA CONOVER-HARRIS","DALE WATSON","XIMENA M. BISHOP"
"SP862","CRAIG CONOVER","DALE WATSON","MARCIA CONOVER-HARRIS","CRAIG JENSEN","MICHAEL SNELSON","XIMENA M. BISHOP","AMANDA MILLER"
"SP863","CRAIG JENSEN","CRAIG CONOVER","MICHAEL SNELSON","MARCIA CONOVER-HARRIS","XIMENA M. BISHOP","DALE WATSON","AMANDA MILLER"
"SP864","MARCIA CONOVER-HARRIS","MICHAEL SNELSON","CRAIG JENSEN","CRAIG CONOVER","DALE WATSON","XIMENA M. BISHOP","AMANDA MILLER"
"SP865","MICHAEL SNELSON","CRAIG JENSEN","AMANDA MILLER","DALE WATSON","XIMENA M. BISHOP","MARCIA CONOVER-HARRIS","CRAIG CONOVER"
"SP866","CRAIG JENSEN","DALE WATSON","AMANDA MILLER","MICHAEL SNELSON","MARCIA CONOVER-HARRIS","CRAIG CONOVER","XIMENA M. BISHOP"
"SP867","CRAIG CONOVER","XIMENA M. BISHOP","CRAIG JENSEN","MICHAEL SNELSON","MARCIA CONOVER-HARRIS","AMANDA MILLER","DALE WATSON"
"SP868","MICHAEL SNELSON","CRAIG JENSEN","CRAIG CONOVER","AMANDA MILLER","DALE WATSON","XIMENA M. BISHOP","MARCIA CONOVER-HARRIS"
"SP869","MICHAEL SNELSON","AMANDA MILLER","XIMENA M. BISHOP","DALE WATSON","CRAIG JENSEN","CRAIG CONOVER","MARCIA CONOVER-HARRIS"
"SP870","DALE WATSON","AMANDA MILLER","MICHAEL SNELSON","CRAIG JENSEN","CRAIG CONOVER","XIMENA M. BISHOP","MARCIA CONOVER-HARRIS"
"SP871","MARCIA CONOVER-HARRIS","CRAIG CONOVER","skipped","skipped","skipped","skipped","skipped"
"SP872","CRAIG CONOVER","MARCIA CONOVER-HARRIS","DALE WATSON","MICHAEL SNELSON","CRAIG JENSEN","XIMENA M. BISHOP","AMANDA MILLER"
"SP873","MICHAEL SNELSON","CRAIG CONOVER","skipped","skipped","skipped","skipped","skipped"
"SP874","DALE WATSON","AMANDA MILLER","MICHAEL SNELSON","CRAIG JENSEN","CRAIG CONOVER","XIMENA M. BISHOP","MARCIA CONOVER-HARRIS"
"SP875","DALE WATSON","CRAIG CONOVER","CRAIG JENSEN","XIMENA M. BISHOP","MICHAEL SNELSON","MARCIA CONOVER-HARRIS","AMANDA MILLER"
"SP876","CRAIG CONOVER","MARCIA CONOVER-HARRIS","XIMENA M. BISHOP","CRAIG JENSEN","DALE WATSON","MICHAEL SNELSON","AMANDA MILLER"
"SP877","CRAIG CONOVER","AMANDA MILLER","CRAIG JENSEN","MICHAEL SNELSON","MARCIA CONOVER-HARRIS","XIMENA M. BISHOP","DALE WATSON"
"SP878","CRAIG CONOVER","XIMENA M. BISHOP","MARCIA CONOVER-HARRIS","MICHAEL SNELSON","CRAIG JENSEN","skipped","skipped"
"SP879","MICHAEL SNELSON","XIMENA M. BISHOP","DALE WATSON","CRAIG JENSEN","CRAIG CONOVER","AMANDA MILLER","MARCIA CONOVER-HARRIS"
"SP880","XIMENA M. BISHOP","AMANDA MILLER","CRAIG JENSEN","DALE WATSON","MICHAEL SNELSON","MARCIA CONOVER-HARRIS","CRAIG CONOVER"
"SP881","AMANDA MILLER","XIMENA M. BISHOP","MARCIA CONOVER-HARRIS","CRAIG JENSEN","DALE WATSON","MICHAEL SNELSON","CRAIG CONOVER"
"SP882","MICHAEL SNELSON","CRAIG CONOVER","MARCIA CONOVER-HARRIS","AMANDA MILLER","CRAIG JENSEN","XIMENA M. BISHOP","DALE WATSON"
"SP883","CRAIG CONOVER","XIMENA M. BISHOP","MARCIA CONOVER-HARRIS","MICHAEL SNELSON","AMANDA MILLER","CRAIG JENSEN","DALE WATSON"
"SP884","MICHAEL SNELSON","DALE WATSON","CRAIG JENSEN","CRAIG CONOVER","MARCIA CONOVER-HARRIS","AMANDA MILLER","XIMENA M. BISHOP"
"SP885","DALE WATSON","CRAIG CONOVER","MARCIA CONOVER-HARRIS","MICHAEL SNELSON","XIMENA M. BISHOP","CRAIG JENSEN","AMANDA MILLER"
"SP886","overvote","CRAIG CONOVER","skipped","skipped","skipped","skipped","skipped"
"SP887","DALE WATSON","CRAIG CONOVER","MARCIA CONOVER-HARRIS","MICHAEL SNELSON","skipped","skipped","skipped"
"SP888","CRAIG CONOVER","XIMENA M. BISHOP","MARCIA CONOVER-HARRIS","CRAIG JENSEN","MICHAEL SNELSON","AMANDA MILLER","DALE WATSON"
"SP889","CRAIG CONOVER","CRAIG JENSEN","MICHAEL SNELSON","skipped","skipped","skipped","skipped"
"SP890","AMANDA MILLER","MARCIA CONOVER-HARRIS","CRAIG CONOVER","MICHAEL SNELSON","XIMENA M. BISHOP","DALE WATSON","overvote"
"SP891","skipped","skipped","skipped","skipped","skipped","skipped","skipped"
"SP892","CRAIG CONOVER","AMANDA MILLER","MICHAEL SNELSON","CRAIG JENSEN","MARCIA CONOVER-HARRIS","DALE WATSON","XIMENA M. BISHOP"
"SP893","XIMENA M. BISHOP","MARCIA CONOVER-HARRIS","CRAIG CONOVER","CRAIG JENSEN","skipped","skipped","skipped"
"SP894","DALE WATSON","MICHAEL SNELSON","CRAIG JENSEN","CRAIG CONOVER","MARCIA CONOVER-HARRIS","AMANDA MILLER","XIMENA M. BISHOP"
"SP895","CRAIG JENSEN","MARCIA CONOVER-HARRIS","MICHAEL SNELSON","CRAIG CONOVER","XIMENA M. BISHOP","AMANDA MILLER","DALE WATSON"
"SP896","MICHAEL SNELSON","CRAIG JENSEN","AMANDA MILLER","DALE WATSON","skipped","XIMENA M. BISHOP","CRAIG CONOVER"
"SP897","MICHAEL SNELSON","XIMENA M. BISHOP","CRAIG CONOVER","MARCIA CONOVER-HARRIS","CRAIG JENSEN","AMANDA MILLER","DALE WATSON"
"SP898","MICHAEL SNELSON","skipped","skipped","skipped","skipped","skipped","skipped"
"SP899","MICHAEL SNELSON","DALE WATSON","XIMENA M. BISHOP","CRAIG CONOVER","MARCIA CONOVER-HARRIS","AMANDA MILLER","CRAIG JENSEN"
"SP900","MARCIA CONOVER-HARRIS","CRAIG CONOVER","AMANDA MILLER","CRAIG JENSEN","DALE WATSON","MICHAEL SNELSON","XIMENA M. BISHOP"
"SP901","CRAIG CONOVER","AMANDA MILLER","MICHAEL SNELSON","XIMENA M. BISHOP","CRAIG JENSEN","DALE WATSON","MARCIA CONOVER-HARRIS"
"SP902","XIMENA M. BISHOP","MICHAEL SNELSON","CRAIG JENSEN","MARCIA CONOVER-HARRIS","CRAIG CONOVER","skipped","AMANDA MILLER"
"SP903","XIMENA M. BISHOP","MARCIA CONOVER-HARRIS","CRAIG CONOVER","CRAIG JENSEN","MICHAEL SNELSON","AMANDA MILLER","DALE WATSON"
"SP904","CRAIG JENSEN","MARCIA CONOVER-HARRIS","XIMENA M. BISHOP","CRAIG CONOVER","DALE WATSON","AMANDA MILLER","MICHAEL SNELSON"
"SP905","MARCIA CONOVER-HARRIS","CRAIG CONOVER","XIMENA M. BISHOP","MICHAEL SNELSON","CRAIG JENSEN","AMANDA MILLER","DALE WATSON"
"SP906","MARCIA CONOVER-HARRIS","CRAIG JENSEN","XIMENA M. BISHOP","CRAIG CONOVER","AMANDA MILLER","DALE WATSON","MICHAEL SNELSON"
"SP907","MICHAEL SNELSON","XIMENA M. BISHOP","CRAIG JENSEN","CRAIG CONOVER","DALE WATSON","MARCIA CONOVER-HARRIS","AMANDA MILLER"
"SP908","XIMENA M. BISHOP","CRAIG CONOVER","CRAIG JENSEN","DALE WATSON","MICHAEL SNELSON","MARCIA CONOVER-HARRIS","AMANDA MILLER"
"SP909","MICHAEL SNELSON","XIMENA M. BISHOP","CRAIG CONOVER","CRAIG JENSEN","MARCIA CONOVER-HARRIS","skipped","skipped"
"SP910","CRAIG JENSEN","MICHAEL SNELSON","XIMENA M. BISHOP","DALE WATSON","AMANDA MILLER","MARCIA CONOVER-HARRIS","CRAIG CONOVER"
"SP911","MARCIA CONOVER-HARRIS","CRAIG CONOVER","MICHAEL SNELSON","AMANDA MILLER","XIMENA M. BISHOP","DALE WATSON","CRAIG JENSEN"
"SP912","XIMENA M. BISHOP","MARCIA CONOVER-HARRIS","MICHAEL SNELSON","DALE WATSON","CRAIG JENSEN","AMANDA MILLER","CRAIG CONOVER"
"SP913","CRAIG JENSEN","XIMENA M. BISHOP","CRAIG CONOVER","MICHAEL SNELSON","DALE WATSON","MARCIA CONOVER-HARRIS","AMANDA MILLER"
"SP914","CRAIG CONOVER","XIMENA M. BISHOP","MICHAEL SNELSON","CRAIG JENSEN","MARCIA CONOVER-HARRIS","AMANDA MILLER","DALE WATSON"
"SP915","AMANDA MILLER","MICHAEL SNELSON","CRAIG JENSEN","CRAIG CONOVER","MARCIA CONOVER-HARRIS","DALE WATSON","XIMENA M. BISHOP"
"SP916","MICHAEL SNELSON","CRAIG JENSEN","CRAIG CONOVER","MARCIA CONOVER-HARRIS","DALE WATSON","XIMENA M. BISHOP","AMANDA MILLER"
"SP917","MICHAEL SNELSON","CRAIG CONOVER","MARCIA CONOVER-HARRIS","CRAIG JENSEN","XIMENA M. BISHOP","DALE WATSON","skipped"
"SP918","XIMENA M. BISHOP","MICHAEL SNELSON","DALE WATSON","CRAIG JENSEN","MARCIA CONOVER-HARRIS","CRAIG CONOVER","AMANDA MILLER"
"SP919","XIMENA M. BISHOP","MICHAEL SNELSON","CRAIG CONOVER","CRAIG JENSEN","MARCIA CONOVER-HARRIS","AMANDA MILLER","DALE WATSON"
"SP920","MICHAEL SNELSON","skipped","skipped","skipped","skipped","skipped","skipped"
"SP921","CRAIG CONOVER","MARCIA CONOVER-HARRIS","XIMENA M. BISHOP","MICHAEL SNELSON","DALE WATSON","AMANDA MILLER","CRAIG JENSEN"
"SP922","CRAIG CONOVER","DALE WATSON","AMANDA MILLER","XIMENA M. BISHOP","MICHAEL SNELSON","MARCIA CONOVER-HARRIS","CRAIG JENSEN"
"SP923","MICHAEL SNELSON","XIMENA M. BISHOP","CRAIG JENSEN","skipped","skipped","skipped","skipped"
"SP924","MICHAEL SNELSON","DALE WATSON","CRAIG JENSEN","skipped","skipped","skipped","skipped"
"SP925","DALE WATSON","XIMENA M. BISHOP","CRAIG CONOVER","AMANDA MILLER","MICHAEL SNELSON","CRAIG JENSEN","MARCIA CONOVER-HARRIS"
"SP926","MICHAEL SNELSON","AMANDA MILLER","MARCIA CONOVER-HARRIS","CRAIG JENSEN","DALE WATSON","skipped","skipped"
"SP927","CRAIG JENSEN","CRAIG CONOVER","XIMENA M. BISHOP","AMANDA MILLER","MARCIA CONOVER-HARRIS","MICHAEL SNELSON","skipped"
"SP928","AMANDA MILLER","skipped","skipped","skipped","skipped","skipped","skipped"
"SP929","CRAIG JENSEN","skipped","skipped","skipped","skipped","skipped","skipped"
"SP930","MICHAEL SNELSON","skipped","skipped","skipped","skipped","skipped","skipped"
"SP931","CRAIG JENSEN","DALE WATSON","AMANDA MILLER","MICHAEL SNELSON","MARCIA CONOVER-HARRIS","CRAIG CONOVER","XIMENA M. BISHOP"
"SP932","MICHAEL SNELSON","XIMENA M. BISHOP","CRAIG JENSEN","DALE WATSON","MARCIA CONOVER-HARRIS","CRAIG CONOVER","AMANDA MILLER"
"SP933","XIMENA M. BISHOP","MICHAEL SNELSON","AMANDA MILLER","CRAIG JENSEN","DALE WATSON","MARCIA CONOVER-HARRIS","CRAIG CONOVER"
"SP934","XIMENA M. BISHOP","MICHAEL SNELSON","MARCIA CONOVER-HARRIS","CRAIG JENSEN","CRAIG CONOVER","AMANDA MILLER","DALE WATSON"
"SP935","CRAIG CONOVER","MICHAEL SNELSON","CRAIG JENSEN","MARCIA CONOVER-HARRIS","AMANDA MILLER","DALE WATSON","XIMENA M. BISHOP"
"SP936","XIMENA M. BISHOP","MARCIA CONOVER-HARRIS","MICHAEL SNELSON","CRAIG CONOVER","CRAIG JENSEN","DALE WATSON","AMANDA MILLER"
"SP937","XIMENA M. BISHOP","MARCIA CONOVER-HARRIS","MICHAEL SNELSON","CRAIG JENSEN","CRAIG CONOVER","DALE WATSON","skipped"
"SP938","AMANDA MILLER","MARCIA CONOVER-HARRIS","CRAIG JENSEN","DALE WATSON","XIMENA M. BISHOP","MICHAEL SNELSON","CRAIG CONOVER"
"SP939","AMANDA MILLER","MARCIA CONOVER-HARRIS","XIMENA M. BISHOP","CRAIG CONOVER","MICHAEL SNELSON","DALE WATSON","CRAIG JENSEN"
"SP940","CRAIG CONOVER","MICHAEL SNELSON","CRAIG JENSEN","MARCIA CONOVER-HARRIS","XIMENA M. BISHOP","AMANDA MILLER","DALE WATSON"
"SP941","MICHAEL SNELSON","CRAIG CONOVER","skipped","skipped","skipped","skipped","skipped"
"SP942","AMANDA MILLER","MICHAEL SNELSON","DALE WATSON","XIMENA M. BISHOP","CRAIG CONOVER","MARCIA CONOVER-HARRIS","CRAIG JENSEN"
"SP943","CRAIG CONOVER","MARCIA CONOVER-HARRIS","XIMENA M. BISHOP","MICHAEL SNELSON","CRAIG JENSEN","AMANDA MILLER","DALE WATSON"
"SP944","overvote","CRAIG CONOVER","AMANDA MILLER","XIMENA M. BISHOP","DALE WATSON","skipped","MARCIA CONOVER-HARRIS"
"SP945","XIMENA M. BISHOP","MARCIA CONOVER-HARRIS","DALE WATSON","MICHAEL SNELSON","CRAIG CONOVER","AMANDA MILLER","skipped"
"SP946","MICHAEL SNELSON","XIMENA M. BISHOP","CRAIG JENSEN","skipped","skipped","skipped","skipped"
"SP947","MICHAEL SNELSON","AMANDA MILLER","CRAIG JENSEN","DALE WATSON","XIMENA M. BISHOP","CRAIG CONOVER","MARCIA CONOVER-HARRIS"
"SP948","MICHAEL SNELSON","CRAIG CONOVER","CRAIG JENSEN","DALE WATSON","MARCIA CONOVER-HARRIS","AMANDA MILLER","XIMENA M. BISHOP"
"SP949","CRAIG JENSEN","MICHAEL SNELSON","XIMENA M. BISHOP","DALE WATSON","MARCIA CONOVER-HARRIS","AMANDA MILLER","CRAIG CONOVER"
"SP950","AMANDA MILLER","MARCIA CONOVER-HARRIS","MICHAEL SNELSON","CRAIG JENSEN","CRAIG CONOVER","DALE WATSON","XIMENA M. BISHOP"
"SP951","CRAIG JENSEN","CRAIG CONOVER","DALE WATSON","AMANDA MILLER","MICHAEL SNELSON","MARCIA CONOVER-HARRIS","XIMENA M. BISHOP"
"SP952","DALE WATSON","skipped","skipped","skipped","skipped","skipped","skipped"
"SP953","CRAIG CONOVER","MARCIA CONOVER-HARRIS","AMANDA MILLER","DALE WATSON","XIMENA M. BISHOP","MICHAEL SNELSON","CRAIG JENSEN"
"SP954","CRAIG CONOVER","MARCIA CONOVER-HARRIS","CRAIG JENSEN","MICHAEL SNELSON","XIMENA M. BISHOP","AMANDA MILLER","DALE WATSON"
"SP955","XIMENA M. BISHOP","MICHAEL SNELSON","MARCIA CONOVER-HARRIS","CRAIG JENSEN","CRAIG CONOVER","DALE WATSON","AMANDA MILLER"
"SP956","MICHAEL SNELSON","XIMENA M. BISHOP","CRAIG JENSEN","DALE WATSON","skipped","skipped","skipped"
"SP957","MICHAEL SNELSON","MARCIA CONOVER-HARRIS","CRAIG CONOVER","DALE WATSON","CRAIG JENSEN","XIMENA M. BISHOP","AMANDA MILLER"
"SP958","MICHAEL SNELSON","MARCIA CONOVER-HARRIS","CRAIG JENSEN","CRAIG CONOVER","XIMENA M. BISHOP","skipped","skipped"
"SP959","MICHAEL SNELSON","MARCIA CONOVER-HARRIS","DALE WATSON","CRAIG CONOVER","CRAIG JENSEN","AMANDA MILLER","XIMENA M. BISHOP"
"SP960","CRAIG CONOVER","MICHAEL SNELSON","DALE WATSON","CRAIG JENSEN","MARCIA CONOVER-HARRIS","XIMENA M. BISHOP","AMANDA MILLER"
"SP961","MICHAEL SNELSON","skipped","skipped","skipped","skipped","skipped","skipped"
"SP962","AMANDA MILLER","MARCIA CONOVER-HARRIS","XIMENA M. BISHOP","DALE WATSON","MICHAEL SNELSON","CRAIG JENSEN","CRAIG CONOVER"
"SP963","overvote","skipped","skipped","skipped","skipped","skipped","overvote"
"SP964","MARCIA CONOVER-HARRIS","MICHAEL SNELSON","CRAIG JENSEN","CRAIG CONOVER","AMANDA MILLER","DALE WATSON","DALE WATSON"
"SP965","DALE WATSON","MARCIA CONOVER-HARRIS","CRAIG CONOVER","AMANDA MILLER","MICHAEL SNELSON","CRAIG JENSEN","XIMENA M. BISHOP"
"SP966","skipped","skipped","skipped","skipped","skipped","skipped","skipped"
"SP967","XIMENA M. BISHOP","MICHAEL SNELSON","CRAIG JENSEN","CRAIG CONOVER","MARCIA CONOVER-HARRIS","AMANDA MILLER","DALE WATSON"
"SP968","MARCIA CONOVER-HARRIS","MICHAEL SNELSON","CRAIG JENSEN","CRAIG CONOVER","XIMENA M. BISHOP","AMANDA MILLER","DALE WATSON"
"SP969","MARCIA CONOVER-HARRIS","CRAIG CONOVER","MICHAEL SNELSON","CRAIG JENSEN","AMANDA MILLER","DALE WATSON","XIMENA M. BISHOP"
"SP970","XIMENA M. BISHOP","MARCIA CONOVER-HARRIS","MICHAEL SNELSON","CRAIG JENSEN","skipped","skipped","skipped"
"SP971","XIMENA M. BISHOP","MICHAEL SNELSON","MARCIA CONOVER-HARRIS","CRAIG JENSEN","skipped","skipped","skipped"
"SP972","MARCIA CONOVER-HARRIS","CRAIG CONOVER","MICHAEL SNELSON","XIMENA M. BISHOP","CRAIG JENSEN","AMANDA MILLER","DALE WATSON"
"SP973","XIMENA M. BISHOP","MARCIA CONOVER-HARRIS","CRAIG CONOVER","CRAIG JENSEN","MICHAEL SNELSON","AMANDA MILLER","DALE WATSON"
"SP974","MICHAEL SNELSON","skipped","skipped","skipped","skipped","skipped","skipped"
"SP975","CRAIG CONOVER","CRAIG JENSEN","MICHAEL SNELSON","XIMENA M. BISHOP","DALE WATSON","MARCIA CONOVER-HARRIS","AMANDA MILLER"
"SP976","CRAIG JENSEN","MICHAEL SNELSON","AMANDA MILLER","DALE WATSON","XIMENA M. BISHOP","skipped","skipped"
"SP977","MICHAEL SNELSON","XIMENA M. BISHOP","CRAIG CONOVER","MARCIA CONOVER-HARRIS","CRAIG JENSEN","AMANDA MILLER","DALE WATSON"
"SP978","MICHAEL SNELSON","CRAIG JENSEN","CRAIG CONOVER","XIMENA M. BISHOP","skipped","skipped","skipped"
"SP979","XIMENA M. BISHOP","MICHAEL SNELSON","CRAIG CONOVER","MARCIA CONOVER-HARRIS","CRAIG JENSEN","AMANDA MILLER","DALE WATSON"
"SP980","CRAIG JENSEN","MICHAEL SNELSON","CRAIG CONOVER","MARCIA CONOVER-HARRIS","XIMENA M. BISHOP","AMANDA MILLER","DALE WATSON"
"SP981","XIMENA M. BISHOP","MARCIA CONOVER-HARRIS","CRAIG JENSEN","CRAIG CONOVER","MICHAEL SNELSON","AMANDA MILLER","DALE WATSON"
"SP982","CRAIG CONOVER","MARCIA CONOVER-HARRIS","XIMENA M. BISHOP","skipped","skipped","skipped","skipped"
"SP983","MICHAEL SNELSON","CRAIG CONOVER","CRAIG JENSEN","AMANDA MILLER","DALE WATSON","MARCIA CONOVER-HARRIS","XIMENA M. BISHOP"
"SP984","CRAIG JENSEN","CRAIG CONOVER","MICHAEL SNELSON","AMANDA MILLER","DALE WATSON","MARCIA CONOVER-HARRIS","XIMENA M. BISHOP"
"SP985","CRAIG CONOVER","CRAIG JENSEN","MICHAEL SNELSON","XIMENA M. BISHOP","MARCIA CONOVER-HARRIS","DALE WATSON","AMANDA MILLER"
"SP986","MICHAEL SNELSON","XIMENA M. BISHOP","DALE WATSON","CRAIG JENSEN","CRAIG CONOVER","MARCIA CONOVER-HARRIS","AMANDA MILLER"
"SP987","XIMENA M. BISHOP","MARCIA CONOVER-HARRIS","AMANDA MILLER","CRAIG JENSEN","CRAIG CONOVER","DALE WATSON","MICHAEL SNELSON"
"SP988","XIMENA M. BISHOP","MICHAEL SNELSON","MARCIA CONOVER-HARRIS","CRAIG CONOVER","CRAIG JENSEN","AMANDA MILLER","DALE WATSON"
"SP989","CRAIG CONOVER","MICHAEL SNELSON","XIMENA M. BISHOP","CRAIG JENSEN","MARCIA CONOVER-HARRIS","DALE WATSON","AMANDA MILLER"
"SP990","MARCIA CONOVER-HARRIS","CRAIG CONOVER","AMANDA MILLER","DALE WATSON","CRAIG JENSEN","XIMENA M. BISHOP","MICHAEL SNELSON"
"SP991","CRAIG CONOVER","MICHAEL SNELSON","XIMENA M. BISHOP","CRAIG JENSEN","MARCIA CONOVER-HARRIS","DALE WATSON","AMANDA MILLER"
"SP992","CRAIG CONOVER","MARCIA CONOVER-HARRIS","CRAIG JENSEN","XIMENA M. BISHOP","MICHAEL SNELSON","AMANDA MILLER","DALE WATSON"
"SP993","AMANDA MILLER","MARCIA CONOVER-HARRIS","XIMENA M. BISHOP","CRAIG JENSEN","CRAIG CONOVER","DALE WATSON","MICHAEL SNELSON"
"SP994","CRAIG JENSEN","MICHAEL SNELSON","DALE WATSON","AMANDA MILLER","XIMENA M. BISHOP","MARCIA CONOVER-HARRIS","CRAIG CONOVER"
"SP995","CRAIG JENSEN","MICHAEL SNELSON","DALE WATSON","XIMENA M. BISHOP","AMANDA MILLER","MARCIA CONOVER-HARRIS","CRAIG CONOVER"
"SP996","CRAIG JENSEN","XIMENA M. BISHOP","MICHAEL SNELSON","skipped","skipped","skipped","skipped"
"SP997","MARCIA CONOVER-HARRIS","AMANDA MILLER","CRAIG CONOVER","XIMENA M. BISHOP","CRAIG JENSEN","MICHAEL SNELSON","DALE WATSON"
"SP998","XIMENA M. BISHOP","AMANDA MILLER","MARCIA CONOVER-HARRIS","CRAIG CONOVER","MICHAEL SNELSON","CRAIG JENSEN","DALE WATSON"
"SP999","MARCIA CONOVER-HARRIS","AMANDA MILLER","CRAIG CONOVER","XIMENA M. BISHOP","CRAIG JENSEN","MICHAEL SNELSON","DALE WATSON"
"SP1000","MICHAEL SNELSON","CRAIG CONOVER","AMANDA MILLER","XIMENA M. BISHOP","CRAIG JENSEN","MARCIA CONOVER-HARRIS","DALE WATSON"
"SP1001","DALE WATSON","MICHAEL SNELSON","CRAIG CONOVER","CRAIG JENSEN","AMANDA MILLER","MARCIA CONOVER-HARRIS","XIMENA M. BISHOP"
"SP1002","DALE WATSON","AMANDA MILLER","MICHAEL SNELSON","CRAIG CONOVER","CRAIG JENSEN","MARCIA CONOVER-HARRIS","XIMENA M. BISHOP"
"SP1003","MICHAEL SNELSON","CRAIG CONOVER","CRAIG JENSEN","DALE WATSON","XIMENA M. BISHOP","MARCIA CONOVER-HARRIS","AMANDA MILLER"
"SP1004","CRAIG JENSEN","CRAIG CONOVER","MARCIA CONOVER-HARRIS","DALE WATSON","XIMENA M. BISHOP","AMANDA MILLER","MICHAEL SNELSON"
"SP1005","MICHAEL SNELSON","XIMENA M. BISHOP","DALE WATSON","CRAIG JENSEN","CRAIG CONOVER","MARCIA CONOVER-HARRIS","AMANDA MILLER"
"SP1006","AMANDA MILLER","MARCIA CONOVER-HARRIS","CRAIG CONOVER","CRAIG JENSEN","MICHAEL SNELSON","XIMENA M. BISHOP","DALE WATSON"
"SP1007","CRAIG JENSEN","CRAIG CONOVER","MICHAEL SNELSON","AMANDA MILLER","MARCIA CONOVER-HARRIS","DALE WATSON","XIMENA M. BISHOP"
"SP1008","MICHAEL SNELSON","CRAIG CONOVER","MARCIA CONOVER-HARRIS","XIMENA M. BISHOP","CRAIG JENSEN","AMANDA MILLER","DALE WATSON"
"SP1009","skipped","skipped","skipped","skipped","skipped","skipped","skipped"
"SP1010","MARCIA CONOVER-HARRIS","MICHAEL SNELSON","DALE WATSON","CRAIG JENSEN","CRAIG CONOVER","AMANDA MILLER","XIMENA M. BISHOP"
"SP1011","CRAIG CONOVER","MARCIA CONOVER-HARRIS","XIMENA M. BISHOP","MICHAEL SNELSON","CRAIG JENSEN","AMANDA MILLER","DALE WATSON"
"SP1012","CRAIG JENSEN","MICHAEL SNELSON","CRAIG CONOVER","skipped","skipped","skipped","skipped"
"SP1013","MICHAEL SNELSON","skipped","skipped","skipped","skipped","skipped","skipped"
"SP1014","CRAIG CONOVER","MARCIA CONOVER-HARRIS","MICHAEL SNELSON","AMANDA MILLER","CRAIG JENSEN","DALE WATSON","XIMENA M. BISHOP"
"SP1015","MARCIA CONOVER-HARRIS","XIMENA M. BISHOP","DALE WATSON","AMANDA MILLER","CRAIG JENSEN","MICHAEL SNELSON","CRAIG CONOVER"
"SP1016","XIMENA M. BISHOP","CRAIG CONOVER","MICHAEL SNELSON","DALE WATSON","MARCIA CONOVER-HARRIS","CRAIG JENSEN","AMANDA MILLER"
"SP1017","CRAIG CONOVER","CRAIG JENSEN","XIMENA M. BISHOP","MARCIA CONOVER-HARRIS","AMANDA MILLER","DALE WATSON","MICHAEL SNELSON"
"SP1018","XIMENA M. BISHOP","MARCIA CONOVER-HARRIS","MICHAEL SNELSON","CRAIG CONOVER","DALE WATSON","AMANDA MILLER","CRAIG JENSEN"
"SP1019","CRAIG CONOVER","CRAIG JENSEN","skipped","skipped","skipped","skipped","skipped"
"SP1020","CRAIG CONOVER","MARCIA CONOVER-HARRIS","skipped","skipped","skipped","skipped","skipped"
"SP1021","CRAIG CONOVER","MICHAEL SNELSON","XIMENA M. BISHOP","MARCIA CONOVER-HARRIS","CRAIG JENSEN","AMANDA MILLER","DALE WATSON"
"SP1022","overvote","skipped","skipped","skipped","skipped","skipped","skipped"
"SP1023","DALE WATSON","CRAIG JENSEN","XIMENA M. BISHOP","MICHAEL SNELSON","CRAIG CONOVER","MARCIA CONOVER-HARRIS","AMANDA MILLER"
"SP1024","MICHAEL SNELSON","CRAIG JENSEN","skipped","skipped","skipped","skipped","skipped"
"SP1025","DALE WATSON","MICHAEL SNELSON","CRAIG JENSEN","CRAIG CONOVER","XIMENA M. BISHOP","MARCIA CONOVER-HARRIS","AMANDA MILLER"
"SP1026","DALE WATSON","CRAIG CONOVER","MICHAEL SNELSON","skipped","skipped","skipped","skipped"
"SP1027","AMANDA MILLER","XIMENA M. BISHOP","MARCIA CONOVER-HARRIS","CRAIG JENSEN","CRAIG CONOVER","MICHAEL SNELSON","DALE WATSON"
"SP1028","CRAIG CONOVER","MICHAEL SNELSON","MARCIA CONOVER-HARRIS","DALE WATSON","XIMENA M. BISHOP","CRAIG JENSEN","AMANDA MILLER"
"SP1029","AMANDA MILLER","CRAIG JENSEN","skipped","skipped","skipped","skipped","skipped"
"SP1030","CRAIG CONOVER","XIMENA M. BISHOP","DALE WATSON","AMANDA MILLER","MARCIA CONOVER-HARRIS","MICHAEL SNELSON","CRAIG JENSEN"
"SP1031","AMANDA MILLER","DALE WATSON","CRAIG CONOVER","MICHAEL SNELSON","MARCIA CONOVER-HARRIS","CRAIG JENSEN","XIMENA M. BISHOP"
"SP1032","CRAIG CONOVER","MARCIA CONOVER-HARRIS","DALE WATSON","AMANDA MILLER","skipped","skipped","skipped"
"SP1033","CRAIG JENSEN","MICHAEL SNELSON","skipped","skipped","skipped","skipped","skipped"
"SP1034","CRAIG CONOVER","XIMENA M. BISHOP","MICHAEL SNELSON","DALE WATSON","CRAIG JENSEN","MARCIA CONOVER-HARRIS","AMANDA MILLER"
"SP1035","CRAIG JENSEN","DALE WATSON","AMANDA MILLER","XIMENA M. BISHOP","CRAIG CONOVER","MICHAEL SNELSON","MARCIA CONOVER-HARRIS"
"SP1036","CRAIG CONOVER","MARCIA CONOVER-HARRIS","XIMENA M. BISHOP","MICHAEL SNELSON","CRAIG JENSEN","AMANDA MILLER","DALE WATSON"
"SP1037","AMANDA MILLER","CRAIG JENSEN","MICHAEL SNELSON","DALE WATSON","MARCIA CONOVER-HARRIS","CRAIG CONOVER","XIMENA M. BISHOP"
"SP1038","AMANDA MILLER","XIMENA M. BISHOP","DALE WATSON","MICHAEL SNELSON","CRAIG JENSEN","MARCIA CONOVER-HARRIS","CRAIG CONOVER"
"SP1039","XIMENA M. BISHOP","CRAIG CONOVER","MARCIA CONOVER-HARRIS","DALE WATSON","MICHAEL SNELSON","CRAIG JENSEN","AMANDA MILLER"
"SP1040","MICHAEL SNELSON","CRAIG JENSEN","CRAIG CONOVER","XIMENA M. BISHOP","MARCIA CONOVER-HARRIS","AMANDA MILLER","DALE WATSON"
"SP1041","MARCIA CONOVER-HARRIS","CRAIG CONOVER","skipped","skipped","skipped","skipped","skipped"
"SP1042","CRAIG CONOVER","MARCIA CONOVER-HARRIS","DALE WATSON","skipped","skipped","skipped","skipped"
"SP1043","MARCIA CONOVER-HARRIS","AMANDA MILLER","XIMENA M. BISHOP","MICHAEL SNELSON","CRAIG JENSEN","CRAIG CONOVER","DALE WATSON"
"SP1044","CRAIG CONOVER","MARCIA CONOVER-HARRIS","DALE WATSON","XIMENA M. BISHOP","AMANDA MILLER","MICHAEL SNELSON","CRAIG JENSEN"
"SP1045","CRAIG CONOVER","MICHAEL SNELSON","CRAIG JENSEN","MARCIA CONOVER-HARRIS","DALE WATSON","AMANDA MILLER","XIMENA M. BISHOP"
"SP1046","CRAIG CONOVER","MARCIA CONOVER-HARRIS","skipped","skipped","skipped","skipped","skipped"
"SP1047","DALE WATSON","AMANDA MILLER","CRAIG CONOVER","XIMENA M. BISHOP","MICHAEL SNELSON","CRAIG JENSEN","MARCIA CONOVER-HARRIS"
"SP1048","CRAIG CONOVER","MARCIA CONOVER-HARRIS","skipped","skipped","skipped","skipped","skipped"
"SP1049","CRAIG JENSEN","CRAIG CONOVER","MARCIA CONOVER-HARRIS","XIMENA M. BISHOP","DALE WATSON","MICHAEL SNELSON","AMANDA MILLER"
"SP1050","CRAIG JENSEN","CRAIG CONOVER","MICHAEL SNELSON","XIMENA M. BISHOP","DALE WATSON","MARCIA CONOVER-HARRIS","AMANDA MILLER"
"SP1051","DALE WATSON","CRAIG JENSEN","AMANDA MILLER","MICHAEL SNELSON","CRAIG CONOVER","MARCIA CONOVER-HARRIS","XIMENA M. BISHOP"
"SP1052","MICHAEL SNELSON","XIMENA M. BISHOP","MARCIA CONOVER-HARRIS","AMANDA MILLER","CRAIG CONOVER","CRAIG JENSEN","DALE WATSON"
"SP1053","CRAIG JENSEN","CRAIG CONOVER","MICHAEL SNELSON","MARCIA CONOVER-HARRIS","XIMENA M. BISHOP","AMANDA MILLER","DALE WATSON"
"SP1054","XIMENA M. BISHOP","CRAIG CONOVER","MICHAEL SNELSON","CRAIG JENSEN","AMANDA MILLER","MARCIA CONOVER-HARRIS","DALE WATSON"
"SP1055","XIMENA M. BISHOP","MICHAEL SNELSON","CRAIG CONOVER","CRAIG JENSEN","MARCIA CONOVER-HARRIS","DALE WATSON","AMANDA MILLER"
"SP1056","CRAIG CONOVER","CRAIG JENSEN","XIMENA M. BISHOP","MARCIA CONOVER-HARRIS","MICHAEL SNELSON","AMANDA MILLER","DALE WATSON"
"SP1057","CRAIG JENSEN","DALE WATSON","MICHAEL SNELSON","AMANDA MILLER","XIMENA M. BISHOP","MARCIA CONOVER-HARRIS","CRAIG CONOVER"
"SP1058","skipped","skipped","skipped","skipped","skipped","skipped","skipped"
"SP1059","CRAIG JENSEN","CRAIG CONOVER","MICHAEL SNELSON","MARCIA CONOVER-HARRIS","XIMENA M. BISHOP","AMANDA MILLER","DALE WATSON"
"SP1060","CRAIG JENSEN","AMANDA MILLER","MICHAEL SNELSON","CRAIG CONOVER","MARCIA CONOVER-HARRIS","XIMENA M. BISHOP","DALE WATSON"
"SP1061","skipped","skipped","skipped","skipped","skipped","skipped","skipped"
"SP1062","MICHAEL SNELSON","CRAIG JENSEN","CRAIG CONOVER","DALE WATSON","XIMENA M. BISHOP","MARCIA CONOVER-HARRIS","AMANDA MILLER"
"SP1063","CRAIG CONOVER","MICHAEL SNELSON","MARCIA CONOVER-HARRIS","skipped","skipped","skipped","skipped"
"SP1064","MICHAEL SNELSON","CRAIG CONOVER","skipped","skipped","skipped","skipped","skipped"
"SP1065","MICHAEL SNELSON","CRAIG JENSEN","XIMENA M. BISHOP","AMANDA MILLER","DALE WATSON","MARCIA CONOVER-HARRIS","CRAIG CONOVER"
"SP1066","MICHAEL SNELSON","MARCIA CONOVER-HARRIS","CRAIG CONOVER","AMANDA MILLER","CRAIG JENSEN","XIMENA M. BISHOP","DALE WATSON"
"SP1067","DALE WATSON","CRAIG JENSEN","XIMENA M. BISHOP","MICHAEL SNELSON","CRAIG CONOVER","MARCIA CONOVER-HARRIS","AMANDA MILLER"
"SP1068","DALE WATSON","CRAIG JENSEN","AMANDA MILLER","MICHAEL SNELSON","AMANDA MILLER","MARCIA CONOVER-HARRIS","XIMENA M. BISHOP"
"SP1069","CRAIG CONOVER","MARCIA CONOVER-HARRIS","skipped","skipped","skipped","skipped","skipped"
"SP1070","MICHAEL SNELSON","XIMENA M. BISHOP","CRAIG JENSEN","CRAIG CONOVER","DALE WATSON","MARCIA CONOVER-HARRIS","AMANDA MILLER"
"SP1071","DALE WATSON","MARCIA CONOVER-HARRIS","MICHAEL SNELSON","skipped","skipped","skipped","skipped"
"SP1072","XIMENA M. BISHOP","CRAIG CONOVER","MICHAEL SNELSON","MARCIA CONOVER-HARRIS","CRAIG JENSEN","AMANDA MILLER","DALE WATSON"
"SP1073","MARCIA CONOVER-HARRIS","MICHAEL SNELSON","AMANDA MILLER","CRAIG CONOVER","CRAIG JENSEN","DALE WATSON","XIMENA M. BISHOP"
"SP1074","MICHAEL SNELSON","XIMENA M. BISHOP","AMANDA MILLER","MARCIA CONOVER-HARRIS","CRAIG CONOVER","CRAIG JENSEN","DALE WATSON"
"SP1075","CRAIG CONOVER","AMANDA MILLER","MICHAEL SNELSON","XIMENA M. BISHOP","CRAIG JENSEN","DALE WATSON","MARCIA CONOVER-HARRIS"
"SP1076","XIMENA M. BISHOP","skipped","skipped","skipped","skipped","skipped","skipped"
"SP1077","MICHAEL SNELSON","XIMENA M. BISHOP","CRAIG JENSEN","skipped","skipped","skipped","skipped"
"SP1078","CRAIG JENSEN","CRAIG CONOVER","MARCIA CONOVER-HARRIS","MICHAEL SNELSON","XIMENA M. BISHOP","AMANDA MILLER","DALE WATSON"
"SP1079","skipped","skipped","skipped","skipped","skipped","skipped","skipped"
"SP1080","MICHAEL SNELSON","DALE WATSON","CRAIG JENSEN","CRAIG CONOVER","MARCIA CONOVER-HARRIS","XIMENA M. BISHOP","AMANDA MILLER"
"SP1081","MARCIA CONOVER-HARRIS","XIMENA M. BISHOP","AMANDA MILLER","DALE WATSON","MICHAEL SNELSON","CRAIG JENSEN","CRAIG CONOVER"
"SP1082","XIMENA M. BISHOP","MICHAEL SNELSON","CRAIG JENSEN","DALE WATSON","AMANDA MILLER","MARCIA CONOVER-HARRIS","CRAIG CONOVER"
"SP1083","CRAIG JENSEN","CRAIG CONOVER","MARCIA CONOVER-HARRIS","AMANDA MILLER","MICHAEL SNELSON","XIMENA M. BISHOP","DALE WATSON"
"SP1084","XIMENA M. BISHOP","MICHAEL SNELSON","CRAIG JENSEN","skipped","skipped","skipped","skipped"
"SP1085","DALE WATSON","MICHAEL SNELSON","CRAIG CONOVER","CRAIG JENSEN","AMANDA MILLER","XIMENA M. BISHOP","MARCIA CONOVER-HARRIS"
"SP1086","DALE WATSON","CRAIG CONOVER","AMANDA MILLER","MICHAEL SNELSON","CRAIG JENSEN","MARCIA CONOVER-HARRIS","XIMENA M. BISHOP"
"SP1087","XIMENA M. BISHOP","AMANDA MILLER","MARCIA CONOVER-HARRIS","MICHAEL SNELSON","CRAIG JENSEN","CRAIG CONOVER","DALE WATSON"
"SP1088","MICHAEL SNELSON","CRAIG CONOVER","CRAIG JENSEN","MARCIA CONOVER-HARRIS","XIMENA M. BISHOP","DALE WATSON","AMANDA MILLER"
"SP1089","CRAIG CONOVER","MARCIA CONOVER-HARRIS","skipped","skipped","skipped","skipped","skipped"
"SP1090","XIMENA M. BISHOP","CRAIG JENSEN","CRAIG CONOVER","AMANDA MILLER","MARCIA CONOVER-HARRIS","MICHAEL SNELSON","DALE WATSON"
"SP1091","CRAIG JENSEN","MICHAEL SNELSON","DALE WATSON","CRAIG CONOVER","MARCIA CONOVER-HARRIS","AMANDA MILLER","XIMENA M. BISHOP"
"SP1092","MICHAEL SNELSON","CRAIG CONOVER","MARCIA CONOVER-HARRIS","CRAIG JENSEN","DALE WATSON","XIMENA M. BISHOP","AMANDA MILLER"
"SP1093","XIMENA M. BISHOP","CRAIG CONOVER","MARCIA CONOVER-HARRIS","skipped","skipped","skipped","skipped"
"SP1094","MARCIA CONOVER-HARRIS","CRAIG CONOVER","MICHAEL SNELSON","CRAIG JENSEN","DALE WATSON","AMANDA MILLER","XIMENA M. BISHOP"
"SP1095","skipped","skipped","skipped","skipped","skipped","skipped","skipped"
"SP1096","CRAIG CONOVER","DALE WATSON","skipped","CRAIG JENSEN","skipped","MICHAEL SNELSON","XIMENA M. BISHOP"
"SP1097","XIMENA M. BISHOP","MARCIA CONOVER-HARRIS","CRAIG CONOVER","MICHAEL SNELSON","CRAIG JENSEN","skipped","skipped"
"SP1098","MICHAEL SNELSON","DALE WATSON","CRAIG JENSEN","skipped","skipped","skipped","skipped"
"SP1099","XIMENA M. BISHOP","MARCIA CONOVER-HARRIS","CRAIG CONOVER","AMANDA MILLER","MICHAEL SNELSON","skipped","skipped"
"SP1100","CRAIG CONOVER","XIMENA M. BISHOP","MARCIA CONOVER-HARRIS","MICHAEL SNELSON","skipped","skipped","skipped"
"SP1101","MICHAEL SNELSON","AMANDA MILLER","MARCIA CONOVER-HARRIS","CRAIG JENSEN","CRAIG CONOVER","XIMENA M. BISHOP","DALE WATSON"
"SP1102","MICHAEL SNELSON","DALE WATSON","CRAIG JENSEN","skipped","skipped","skipped","skipped"
"SP1103","MARCIA CONOVER-HARRIS","CRAIG CONOVER","MICHAEL SNELSON","skipped","skipped","skipped","skipped"
"SP1104","XIMENA M. BISHOP","CRAIG CONOVER","MARCIA CONOVER-HARRIS","AMANDA MILLER","DALE WATSON","MICHAEL SNELSON","CRAIG JENSEN"
"SP1105","AMANDA MILLER","MARCIA CONOVER-HARRIS","XIMENA M. BISHOP","DALE WATSON","CRAIG CONOVER","MICHAEL SNELSON","CRAIG JENSEN"
"SP1106","AMANDA MILLER","skipped","skipped","skipped","skipped","skipped","skipped"
"SP1107","XIMENA M. BISHOP","AMANDA MILLER","MICHAEL SNELSON","MARCIA CONOVER-HARRIS","CRAIG JENSEN","CRAIG CONOVER","DALE WATSON"
"SP1108","CRAIG JENSEN","XIMENA M. BISHOP","MICHAEL SNELSON","skipped","skipped","skipped","skipped"
"SP1109","MICHAEL SNELSON","CRAIG JENSEN","XIMENA M. BISHOP","CRAIG CONOVER","DALE WATSON","AMANDA MILLER","CRAIG CONOVER"
"SP1110","XIMENA M. BISHOP","CRAIG CONOVER","MARCIA CONOVER-HARRIS","AMANDA MILLER","DALE WATSON","MICHAEL SNELSON","CRAIG JENSEN"
"SP1111","CRAIG CONOVER","CRAIG JENSEN","MARCIA CONOVER-HARRIS","XIMENA M. BISHOP","MICHAEL SNELSON","AMANDA MILLER","DALE WATSON"
"SP1112","DALE WATSON","MICHAEL SNELSON","MARCIA CONOVER-HARRIS","CRAIG CONOVER","AMANDA MILLER","CRAIG JENSEN","XIMENA M. BISHOP"
"SP1113","skipped","skipped","skipped","skipped","skipped","skipped","skipped"
"SP1114","AMANDA MILLER","MARCIA CONOVER-HARRIS","CRAIG JENSEN","XIMENA M. BISHOP","DALE WATSON","MICHAEL SNELSON","CRAIG CONOVER"
"SP1115","CRAIG JENSEN","MICHAEL SNELSON","DALE WATSON","AMANDA MILLER","XIMENA M. BISHOP","MARCIA CONOVER-HARRIS","CRAIG CONOVER"
"SP1116","CRAIG CONOVER","MARCIA CONOVER-HARRIS","CRAIG JENSEN","XIMENA M. BISHOP","DALE WATSON","MICHAEL SNELSON","AMANDA MILLER"
"SP1117","XIMENA M. BISHOP","MARCIA CONOVER-HARRIS","CRAIG CONOVER","CRAIG JENSEN","MICHAEL SNELSON","DALE WATSON","AMANDA MILLER"
"SP1118","AMANDA MILLER","MARCIA CONOVER-HARRIS","CRAIG JENSEN","DALE WATSON","XIMENA M. BISHOP","CRAIG CONOVER","MICHAEL SNELSON"
"SP1119","CRAIG JENSEN","DALE WATSON","CRAIG CONOVER","MICHAEL SNELSON","XIMENA M. BISHOP","MARCIA CONOVER-HARRIS","AMANDA MILLER"
"SP1120","AMANDA MILLER","DALE WATSON","XIMENA M. BISHOP","skipped","skipped","skipped","skipped"
"SP1121","MICHAEL SNELSON","CRAIG CONOVER","CRAIG JENSEN","MARCIA CONOVER-HARRIS","DALE WATSON","AMANDA MILLER","XIMENA M. BISHOP"
"SP1122","DALE WATSON","MARCIA CONOVER-HARRIS","AMANDA MILLER","MICHAEL SNELSON","CRAIG CONOVER","XIMENA M. BISHOP","CRAIG JENSEN"
"SP1123","XIMENA M. BISHOP","MICHAEL SNELSON","MARCIA CONOVER-HARRIS","CRAIG JENSEN","CRAIG CONOVER","DALE WATSON","AMANDA MILLER"
"SP1124","MARCIA CONOVER-HARRIS","AMANDA MILLER","CRAIG CONOVER","XIMENA M. BISHOP","CRAIG JENSEN","MICHAEL SNELSON","DALE WATSON"
"SP1125","DALE WATSON","MARCIA CONOVER-HARRIS","AMANDA MILLER","MICHAEL SNELSON","CRAIG CONOVER","XIMENA M. BISHOP","CRAIG JENSEN"
"SP1126","MARCIA CONOVER-HARRIS","MICHAEL SNELSON","CRAIG CONOVER","DALE WATSON","CRAIG JENSEN","AMANDA MILLER","XIMENA M. BISHOP"
"SP1127","AMANDA MILLER","MARCIA CONOVER-HARRIS","MICHAEL SNELSON","XIMENA M. BISHOP","CRAIG JENSEN","DALE WATSON","CRAIG CONOVER"
"SP1128","CRAIG JENSEN","AMANDA MILLER","CRAIG CONOVER","DALE WATSON","MICHAEL SNELSON","MARCIA CONOVER-HARRIS","MICHAEL SNELSON"
"SP1129","AMANDA MILLER","DALE WATSON","XIMENA M. BISHOP","CRAIG JENSEN","MICHAEL SNELSON","CRAIG CONOVER","MARCIA CONOVER-HARRIS"
"SP1130","CRAIG JENSEN","MICHAEL SNELSON","CRAIG CONOVER","DALE WATSON","XIMENA M. BISHOP","AMANDA MILLER","MARCIA CONOVER-HARRIS"
"SP1131","CRAIG CONOVER","CRAIG JENSEN","XIMENA M. BISHOP","DALE WATSON","MICHAEL SNELSON","MARCIA CONOVER-HARRIS","AMANDA MILLER"
"SP1132","CRAIG JENSEN","CRAIG CONOVER","MICHAEL SNELSON","MARCIA CONOVER-HARRIS","skipped","skipped","skipped"
"SP1133","CRAIG CONOVER","MICHAEL SNELSON","DALE WATSON","CRAIG JENSEN","MARCIA CONOVER-HARRIS","XIMENA M. BISHOP","AMANDA MILLER"
"SP1134","DALE WATSON","XIMENA M. BISHOP","MICHAEL SNELSON","CRAIG JENSEN","skipped","skipped","skipped"
"SP1135","MICHAEL SNELSON","DALE WATSON","CRAIG JENSEN","skipped","skipped","skipped","skipped"
"SP1136","CRAIG JENSEN","CRAIG CONOVER","MARCIA CONOVER-HARRIS","XIMENA M. BISHOP","MICHAEL SNELSON","AMANDA MILLER","DALE WATSON"
"SP1137","DALE WATSON","CRAIG CONOVER","MICHAEL SNELSON","MARCIA CONOVER-HARRIS","XIMENA M. BISHOP","CRAIG JENSEN","AMANDA MILLER"
"SP1138","XIMENA M. BISHOP","MARCIA CONOVER-HARRIS","DALE WATSON","AMANDA MILLER","MICHAEL SNELSON","CRAIG JENSEN","CRAIG CONOVER"
"SP1139","CRAIG JENSEN","CRAIG CONOVER","MARCIA CONOVER-HARRIS","MICHAEL SNELSON","XIMENA M. BISHOP","AMANDA MILLER","DALE WATSON"
"SP1140","MICHAEL SNELSON","CRAIG JENSEN","skipped","skipped","skipped","skipped","skipped"
"SP1141","MICHAEL SNELSON","XIMENA M. BISHOP","AMANDA MILLER","DALE WATSON","MARCIA CONOVER-HARRIS","CRAIG CONOVER","CRAIG JENSEN"
"SP1142","MICHAEL SNELSON","AMANDA MILLER","DALE WATSON","CRAIG JENSEN","XIMENA M. BISHOP","CRAIG CONOVER","MARCIA CONOVER-HARRIS"
"SP1143","MICHAEL SNELSON","CRAIG JENSEN","DALE WATSON","CRAIG CONOVER","AMANDA MILLER","MARCIA CONOVER-HARRIS","XIMENA M. BISHOP"
"SP1144","skipped","skipped","skipped","skipped","skipped","skipped","skipped"
"SP1145","MICHAEL SNELSON","DALE WATSON","XIMENA M. BISHOP","CRAIG JENSEN","CRAIG CONOVER","MARCIA CONOVER-HARRIS","AMANDA MILLER"
"SP1146","MICHAEL SNELSON","CRAIG JENSEN","AMANDA MILLER","DALE WATSON","XIMENA M. BISHOP","CRAIG CONOVER","MARCIA CONOVER-HARRIS"
"SP1147","AMANDA MILLER","skipped","skipped","skipped","skipped","skipped","skipped"
"SP1148","XIMENA M. BISHOP","AMANDA MILLER","CRAIG JENSEN","MICHAEL SNELSON","DALE WATSON","CRAIG CONOVER","MARCIA CONOVER-HARRIS"
"SP1149","XIMENA M. BISHOP","MARCIA CONOVER-HARRIS","MICHAEL SNELSON","AMANDA MILLER","CRAIG CONOVER","CRAIG JENSEN","DALE WATSON"
"SP1150","CRAIG CONOVER","AMANDA MILLER","MICHAEL SNELSON","CRAIG JENSEN","MARCIA CONOVER-HARRIS","DALE WATSON","XIMENA M. BISHOP"
"SP1151","XIMENA M. BISHOP","AMANDA MILLER","MARCIA CONOVER-HARRIS","skipped","skipped","skipped","skipped"
"SP1152","MICHAEL SNELSON","XIMENA M. BISHOP","MARCIA CONOVER-HARRIS","CRAIG JENSEN","DALE WATSON","CRAIG CONOVER","AMANDA MILLER"
"SP1153","DALE WATSON","MICHAEL SNELSON","CRAIG CONOVER","MARCIA CONOVER-HARRIS","CRAIG JENSEN","skipped","skipped"
"SP1154","XIMENA M. BISHOP","MICHAEL SNELSON","CRAIG JENSEN","DALE WATSON","AMANDA MILLER","MARCIA CONOVER-HARRIS","CRAIG CONOVER"
"SP1155","XIMENA M. BISHOP","MARCIA CONOVER-HARRIS","MICHAEL SNELSON","CRAIG JENSEN","CRAIG CONOVER","skipped","skipped"
"SP1156","XIMENA M. BISHOP","CRAIG CONOVER","MARCIA CONOVER-HARRIS","MICHAEL SNELSON","CRAIG JENSEN","AMANDA MILLER","DALE WATSON"
"SP1157","CRAIG JENSEN","DALE WATSON","CRAIG CONOVER","XIMENA M. BISHOP","MICHAEL SNELSON","AMANDA MILLER","MARCIA CONOVER-HARRIS"
"SP1158","XIMENA M. BISHOP","MICHAEL SNELSON","CRAIG JENSEN","CRAIG CONOVER","DALE WATSON","MARCIA CONOVER-HARRIS","AMANDA MILLER"
"SP1159","CRAIG JENSEN","DALE WATSON","CRAIG CONOVER","XIMENA M. BISHOP","MICHAEL SNELSON","AMANDA MILLER","MARCIA CONOVER-HARRIS"
"SP1160","MICHAEL SNELSON","CRAIG JENSEN","AMANDA MILLER","DALE WATSON","XIMENA M. BISHOP","CRAIG CONOVER","MARCIA CONOVER-HARRIS"
"SP1161","CRAIG JENSEN","DALE WATSON","CRAIG CONOVER","XIMENA M. BISHOP","MICHAEL SNELSON","MARCIA CONOVER-HARRIS","AMANDA MILLER"
"SP1162","CRAIG JENSEN","CRAIG CONOVER","MICHAEL SNELSON","MARCIA CONOVER-HARRIS","DALE WATSON","skipped","skipped"
"SP1163","DALE WATSON","MICHAEL SNELSON","MARCIA CONOVER-HARRIS","CRAIG CONOVER","CRAIG JENSEN","AMANDA MILLER","XIMENA M. BISHOP"
"SP1164","CRAIG CONOVER","MARCIA CONOVER-HARRIS","MICHAEL SNELSON","skipped","skipped","skipped","skipped"
"SP1165","XIMENA M. BISHOP","AMANDA MILLER","MICHAEL SNELSON","CRAIG JENSEN","DALE WATSON","MARCIA CONOVER-HARRIS","CRAIG CONOVER"
"SP1166","MICHAEL SNELSON","CRAIG JENSEN","skipped","skipped","skipped","skipped","skipped"
"SP1167","XIMENA M. BISHOP","MICHAEL SNELSON","CRAIG JENSEN","MARCIA CONOVER-HARRIS","CRAIG CONOVER","DALE WATSON","AMANDA MILLER"
"SP1168","CRAIG CONOVER","MARCIA CONOVER-HARRIS","XIMENA M. BISHOP","CRAIG JENSEN","MICHAEL SNELSON","DALE WATSON","AMANDA MILLER"
"SP1169","skipped","skipped","skipped","skipped","skipped","skipped","skipped"
"SP1170","MICHAEL SNELSON","CRAIG JENSEN","skipped","skipped","skipped","skipped","skipped"
"SP1171","CRAIG JENSEN","DALE WATSON","MICHAEL SNELSON","skipped","skipped","skipped","skipped"
"SP1172","XIMENA M. BISHOP","MICHAEL SNELSON","CRAIG CONOVER","CRAIG JENSEN","MARCIA CONOVER-HARRIS","DALE WATSON","AMANDA MILLER"
"SP1173","skipped","skipped","skipped","skipped","skipped","skipped","skipped"
"SP1174","MICHAEL SNELSON","CRAIG JENSEN","CRAIG CONOVER","skipped","skipped","skipped","skipped"
"SP1175","CRAIG JENSEN","AMANDA MILLER","MICHAEL SNELSON","CRAIG CONOVER","MARCIA CONOVER-HARRIS","XIMENA M. BISHOP","DALE WATSON"
"SP1176","MICHAEL SNELSON","CRAIG JENSEN","XIMENA M. BISHOP","DALE WATSON","CRAIG CONOVER","MARCIA CONOVER-HARRIS","AMANDA MILLER"
"SP1177","CRAIG JENSEN","MICHAEL SNELSON","CRAIG CONOVER","DALE WATSON","XIMENA M. BISHOP","AMANDA MILLER","MARCIA CONOVER-HARRIS"
"SP1178","AMANDA MILLER","CRAIG JENSEN","MICHAEL SNELSON","XIMENA M. BISHOP","MARCIA CONOVER-HARRIS","skipped","skipped"
"SP1179","MICHAEL SNELSON","CRAIG CONOVER","MARCIA CONOVER-HARRIS","AMANDA MILLER","DALE WATSON","XIMENA M. BISHOP","CRAIG JENSEN"
"SP1180","AMANDA MILLER","CRAIG JENSEN","MICHAEL SNELSON","CRAIG CONOVER","MARCIA CONOVER-HARRIS","XIMENA M. BISHOP","skipped"
"SP1181","skipped","skipped","skipped","skipped","skipped","skipped","skipped"
"SP1182","CRAIG CONOVER","XIMENA M. BISHOP","MARCIA CONOVER-HARRIS","MICHAEL SNELSON","CRAIG JENSEN","skipped","skipped"
"SP1183","MARCIA CONOVER-HARRIS","AMANDA MILLER","XIMENA M. BISHOP","MICHAEL SNELSON","DALE WATSON","CRAIG JENSEN","CRAIG CONOVER"
"SP1184","MARCIA CONOVER-HARRIS","CRAIG CONOVER","CRAIG JENSEN","MICHAEL SNELSON","XIMENA M. BISHOP","AMANDA MILLER","DALE WATSON"
"SP1185","CRAIG CONOVER","MARCIA CONOVER-HARRIS","MICHAEL SNELSON","XIMENA M. BISHOP","DALE WATSON","AMANDA MILLER","CRAIG JENSEN"
"SP1186","CRAIG JENSEN","MICHAEL SNELSON","XIMENA M. BISHOP","CRAIG CONOVER","DALE WATSON","MARCIA CONOVER-HARRIS","AMANDA MILLER"
"SP1187","MICHAEL SNELSON","MARCIA CONOVER-HARRIS","CRAIG CONOVER","CRAIG JENSEN","AMANDA MILLER","XIMENA M. BISHOP","DALE WATSON"
"SP1188","CRAIG JENSEN","CRAIG CONOVER","DALE WATSON","MICHAEL SNELSON","AMANDA MILLER","XIMENA M. BISHOP","MARCIA CONOVER-HARRIS"
"SP1189","AMANDA MILLER","CRAIG JENSEN","MICHAEL SNELSON","CRAIG CONOVER","XIMENA M. BISHOP","skipped","skipped"
"SP1190","CRAIG JENSEN","MICHAEL SNELSON","AMANDA MILLER","DALE WATSON","XIMENA M. BISHOP","CRAIG CONOVER","MARCIA CONOVER-HARRIS"
"SP1191","AMANDA MILLER","MARCIA CONOVER-HARRIS","skipped","skipped","skipped","skipped","skipped"
"SP1192","CRAIG CONOVER","MARCIA CONOVER-HARRIS","DALE WATSON","AMANDA MILLER","CRAIG JENSEN","MICHAEL SNELSON","XIMENA M. BISHOP"
"SP1193","AMANDA MILLER","skipped","skipped","skipped","skipped","skipped","skipped"
"SP1194","MARCIA CONOVER-HARRIS","MICHAEL SNELSON","CRAIG CONOVER","CRAIG JENSEN","XIMENA M. BISHOP","DALE WATSON","AMANDA MILLER"
"SP1195","MARCIA CONOVER-HARRIS","CRAIG JENSEN","CRAIG CONOVER","MICHAEL SNELSON","XIMENA M. BISHOP","DALE WATSON","AMANDA MILLER"
"SP1196","XIMENA M. BISHOP","MARCIA CONOVER-HARRIS","MICHAEL SNELSON","skipped","skipped","skipped","skipped"
"SP1197","XIMENA M. BISHOP","CRAIG CONOVER","MICHAEL SNELSON","CRAIG JENSEN","AMANDA MILLER","MARCIA CONOVER-HARRIS","DALE WATSON"
"SP1198","CRAIG JENSEN","MICHAEL SNELSON","DALE WATSON","AMANDA MILLER","XIMENA M. BISHOP","CRAIG CONOVER","MARCIA CONOVER-HARRIS"
"SP1199","XIMENA M. BISHOP","MICHAEL SNELSON","MARCIA CONOVER-HARRIS","CRAIG CONOVER","CRAIG JENSEN","AMANDA MILLER","DALE WATSON"
"SP1200","MICHAEL SNELSON","skipped","skipped","skipped","skipped","skipped","skipped"
"SP1201","MICHAEL SNELSON","skipped","skipped","skipped","skipped","skipped","skipped"
"SP1202","CRAIG JENSEN","DALE WATSON","AMANDA MILLER","MICHAEL SNELSON","CRAIG CONOVER","XIMENA M. BISHOP","MARCIA CONOVER-HARRIS"
"SP1203","XIMENA M. BISHOP","CRAIG JENSEN","CRAIG CONOVER","MARCIA CONOVER-HARRIS","MICHAEL SNELSON","DALE WATSON","AMANDA MILLER"
"SP1204","CRAIG JENSEN","MICHAEL SNELSON","XIMENA M. BISHOP","DALE WATSON","MARCIA CONOVER-HARRIS","AMANDA MILLER","CRAIG CONOVER"
"SP1205","MARCIA CONOVER-HARRIS","AMANDA MILLER","XIMENA M. BISHOP","CRAIG CONOVER","CRAIG JENSEN","MICHAEL SNELSON","skipped"
"SP1206","MICHAEL SNELSON","CRAIG JENSEN","CRAIG CONOVER","MARCIA CONOVER-HARRIS","AMANDA MILLER","XIMENA M. BISHOP","DALE WATSON"
"SP1207","CRAIG JENSEN","MICHAEL SNELSON","DALE WATSON","XIMENA M. BISHOP","AMANDA MILLER","MARCIA CONOVER-HARRIS","CRAIG CONOVER"
"SP1208","MARCIA CONOVER-HARRIS","MICHAEL SNELSON","CRAIG JENSEN","AMANDA MILLER","AMANDA MILLER","CRAIG CONOVER","DALE WATSON"
"SP1209","DALE WATSON","CRAIG CONOVER","MARCIA CONOVER-HARRIS","MICHAEL SNELSON","skipped","skipped","skipped"
"SP1210","MARCIA CONOVER-HARRIS","CRAIG CONOVER","XIMENA M. BISHOP","AMANDA MILLER","MICHAEL SNELSON","DALE WATSON","CRAIG JENSEN"
"SP1211","MARCIA CONOVER-HARRIS","CRAIG CONOVER","CRAIG JENSEN","MICHAEL SNELSON","XIMENA M. BISHOP","DALE WATSON","AMANDA MILLER"
"SP1212","XIMENA M. BISHOP","MICHAEL SNELSON","CRAIG JENSEN","MARCIA CONOVER-HARRIS","DALE WATSON","skipped","skipped"
"SP1213","CRAIG JENSEN","MICHAEL SNELSON","XIMENA M. BISHOP","DALE WATSON","CRAIG CONOVER","MARCIA CONOVER-HARRIS","AMANDA MILLER"
"SP1214","MARCIA CONOVER-HARRIS","AMANDA MILLER","XIMENA M. BISHOP","CRAIG CONOVER","CRAIG JENSEN","DALE WATSON","MICHAEL SNELSON"
"SP1215","CRAIG CONOVER","XIMENA M. BISHOP","MARCIA CONOVER-HARRIS","skipped","skipped","skipped","skipped"
"SP1216","MICHAEL SNELSON","CRAIG JENSEN","skipped","skipped","skipped","skipped","skipped"
"SP1217","XIMENA M. BISHOP","MICHAEL SNELSON","CRAIG JENSEN","MARCIA CONOVER-HARRIS","CRAIG CONOVER","AMANDA MILLER","DALE WATSON"
"SP1218","CRAIG JENSEN","XIMENA M. BISHOP","CRAIG CONOVER","MARCIA CONOVER-HARRIS","DALE WATSON","MICHAEL SNELSON","AMANDA MILLER"
"SP1219","CRAIG CONOVER","XIMENA M. BISHOP","AMANDA MILLER","CRAIG JENSEN","DALE WATSON","MARCIA CONOVER-HARRIS","MICHAEL SNELSON"
"SP1220","DALE WATSON","CRAIG CONOVER","CRAIG JENSEN","XIMENA M. BISHOP","MICHAEL SNELSON","AMANDA MILLER","MARCIA CONOVER-HARRIS"
"SP1221","XIMENA M. BISHOP","MARCIA CONOVER-HARRIS","MICHAEL SNELSON","CRAIG JENSEN","CRAIG CONOVER","DALE WATSON","skipped"
"SP1222","XIMENA M. BISHOP","CRAIG CONOVER","MARCIA CONOVER-HARRIS","MICHAEL SNELSON","CRAIG JENSEN","AMANDA MILLER","skipped"
"SP1223","AMANDA MILLER","MARCIA CONOVER-HARRIS","XIMENA M. BISHOP","CRAIG CONOVER","DALE WATSON","CRAIG JENSEN","MICHAEL SNELSON"
"SP1224","MICHAEL SNELSON","DALE WATSON","CRAIG JENSEN","CRAIG CONOVER","XIMENA M. BISHOP","MARCIA CONOVER-HARRIS","AMANDA MILLER"
"SP1225","CRAIG CONOVER","MARCIA CONOVER-HARRIS","DALE WATSON","AMANDA MILLER","MICHAEL SNELSON","XIMENA M. BISHOP","skipped"
"SP1226","MARCIA CONOVER-HARRIS","CRAIG CONOVER","skipped","skipped","skipped","skipped","skipped"
"SP1227","skipped","skipped","skipped","skipped","skipped","skipped","skipped"
"SP1228","CRAIG CONOVER","DALE WATSON","AMANDA MILLER","MARCIA CONOVER-HARRIS","XIMENA M. BISHOP","MICHAEL SNELSON","CRAIG JENSEN"
"SP1229","CRAIG JENSEN","CRAIG CONOVER","MICHAEL SNELSON","MARCIA CONOVER-HARRIS","XIMENA M. BISHOP","DALE WATSON","AMANDA MILLER"
"SP1230","CRAIG CONOVER","CRAIG JENSEN","AMANDA MILLER","DALE WATSON","MARCIA CONOVER-HARRIS","MICHAEL SNELSON","XIMENA M. BISHOP"
"SP1231","XIMENA M. BISHOP","AMANDA MILLER","skipped","skipped","skipped","skipped","skipped"
"SP1232","skipped","skipped","skipped","skipped","skipped","skipped","skipped"
"SP1233","XIMENA M. BISHOP","AMANDA MILLER","CRAIG JENSEN","DALE WATSON","MICHAEL SNELSON","CRAIG CONOVER","MARCIA CONOVER-HARRIS"
"SP1234","XIMENA M. BISHOP","MARCIA CONOVER-HARRIS","CRAIG CONOVER","CRAIG JENSEN","skipped","skipped","skipped"
"SP1235","skipped","skipped","skipped","skipped","skipped","skipped","skipped"
"SP1236","MARCIA CONOVER-HARRIS","MICHAEL SNELSON","AMANDA MILLER","DALE WATSON","CRAIG CONOVER","CRAIG JENSEN","XIMENA M. BISHOP"
"SP1237","AMANDA MILLER","MICHAEL SNELSON","CRAIG CONOVER","DALE WATSON","XIMENA M. BISHOP","skipped","MARCIA CONOVER-HARRIS"
"SP1238","MICHAEL SNELSON","CRAIG CONOVER","CRAIG JENSEN","MARCIA CONOVER-HARRIS","skipped","skipped","skipped"
"SP1239","XIMENA M. BISHOP","MARCIA CONOVER-HARRIS","CRAIG CONOVER","MICHAEL SNELSON","DALE WATSON","CRAIG JENSEN","AMANDA MILLER"
"SP1240","MICHAEL SNELSON","CRAIG CONOVER","MARCIA CONOVER-HARRIS","CRAIG JENSEN","DALE WATSON","XIMENA M. BISHOP","AMANDA MILLER"
"SP1241","CRAIG JENSEN","DALE WATSON","XIMENA M. BISHOP","overvote","MICHAEL SNELSON","MARCIA CONOVER-HARRIS","AMANDA MILLER"
"SP1242","CRAIG JENSEN","skipped","skipped","skipped","skipped","skipped","skipped"
"SP1243","CRAIG CONOVER","MICHAEL SNELSON","CRAIG JENSEN","MARCIA CONOVER-HARRIS","XIMENA M. BISHOP","AMANDA MILLER","DALE WATSON"
"SP1244","overvote","XIMENA M. BISHOP","DALE WATSON","MICHAEL SNELSON","CRAIG CONOVER","AMANDA MILLER","skipped"
"SP1245","CRAIG JENSEN","DALE WATSON","AMANDA MILLER","skipped","MARCIA CONOVER-HARRIS","XIMENA M. BISHOP","CRAIG CONOVER"
"SP1246","MICHAEL SNELSON","CRAIG JENSEN","CRAIG CONOVER","skipped","skipped","skipped","skipped"
"SP1247","CRAIG JENSEN","MICHAEL SNELSON","CRAIG CONOVER","XIMENA M. BISHOP","MARCIA CONOVER-HARRIS","AMANDA MILLER","DALE WATSON"
"SP1248","XIMENA M. BISHOP","MICHAEL SNELSON","MARCIA CONOVER-HARRIS","CRAIG JENSEN","DALE WATSON","skipped","skipped"
"SP1249","MICHAEL SNELSON","XIMENA M. BISHOP","CRAIG CONOVER","MARCIA CONOVER-HARRIS","DALE WATSON","CRAIG JENSEN","AMANDA MILLER"
"SP1250","MICHAEL SNELSON","DALE WATSON","XIMENA M. BISHOP","CRAIG JENSEN","AMANDA MILLER","CRAIG CONOVER","MARCIA CONOVER-HARRIS"
"SP1251","MICHAEL SNELSON","AMANDA MILLER","CRAIG CONOVER","CRAIG JENSEN","XIMENA M. BISHOP","DALE WATSON","MARCIA CONOVER-HARRIS"
"SP1252","MICHAEL SNELSON","DALE WATSON","CRAIG JENSEN","AMANDA MILLER","skipped","skipped","skipped"
"SP1253","AMANDA MILLER","MICHAEL SNELSON","XIMENA M. BISHOP","CRAIG JENSEN","CRAIG CONOVER","MARCIA CONOVER-HARRIS","DALE WATSON"
"SP1254","AMANDA MILLER","XIMENA M. BISHOP","CRAIG JENSEN","MICHAEL SNELSON","CRAIG CONOVER","MARCIA CONOVER-HARRIS","DALE WATSON"
"SP1255","XIMENA M. BISHOP","AMANDA MILLER","CRAIG JENSEN","skipped","skipped","skipped","skipped"
"SP1256","MICHAEL SNELSON","XIMENA M. BISHOP","CRAIG JENSEN","DALE WATSON","AMANDA MILLER","MARCIA CONOVER-HARRIS","CRAIG CONOVER"
"SP1257","XIMENA M. BISHOP","MICHAEL SNELSON","CRAIG JENSEN","DALE WATSON","MARCIA CONOVER-HARRIS","CRAIG CONOVER","AMANDA MILLER"
"SP1258","DALE WATSON","AMANDA MILLER","skipped","skipped","skipped","skipped","skipped"
"SP1259","XIMENA M. BISHOP","MICHAEL SNELSON","CRAIG JENSEN","DALE WATSON","AMANDA MILLER","MARCIA CONOVER-HARRIS","CRAIG CONOVER"
"SP1260","MICHAEL SNELSON","CRAIG JENSEN","MARCIA CONOVER-HARRIS","CRAIG CONOVER","XIMENA M. BISHOP","AMANDA MILLER","DALE WATSON"
"SP1261","XIMENA M. BISHOP","CRAIG JENSEN","MICHAEL SNELSON","AMANDA MILLER","DALE WATSON","MARCIA CONOVER-HARRIS","CRAIG CONOVER"
"SP1262","MICHAEL SNELSON","CRAIG JENSEN","CRAIG CONOVER","DALE WATSON","MARCIA CONOVER-HARRIS","XIMENA M. BISHOP","AMANDA MILLER"
"SP1263","CRAIG JENSEN","MICHAEL SNELSON","XIMENA M. BISHOP","DALE WATSON","AMANDA MILLER","MARCIA CONOVER-HARRIS","CRAIG CONOVER"
"SP1264","CRAIG JENSEN","MICHAEL SNELSON","XIMENA M. BISHOP","DALE WATSON","AMANDA MILLER","MARCIA CONOVER-HARRIS","CRAIG CONOVER"
"SP1265","CRAIG CONOVER","MARCIA CONOVER-HARRIS","MICHAEL SNELSON","AMANDA MILLER","CRAIG JENSEN","XIMENA M. BISHOP","DALE WATSON"
"SP1266","CRAIG JENSEN","XIMENA M. BISHOP","MICHAEL SNELSON","DALE WATSON","AMANDA MILLER","CRAIG CONOVER","MARCIA CONOVER-HARRIS"
"SP1267","skipped","skipped","skipped","skipped","skipped","skipped","skipped"
"SP1268","MICHAEL SNELSON","CRAIG JENSEN","skipped","skipped","skipped","skipped","skipped"
"SP1269","CRAIG CONOVER","MARCIA CONOVER-HARRIS","MICHAEL SNELSON","AMANDA MILLER","CRAIG JENSEN","XIMENA M. BISHOP","DALE WATSON"
"SP1270","MICHAEL SNELSON","MARCIA CONOVER-HARRIS","AMANDA MILLER","DALE WATSON","CRAIG CONOVER","XIMENA M. BISHOP","CRAIG JENSEN"
"SP1271","CRAIG JENSEN","MICHAEL SNELSON","CRAIG CONOVER","MARCIA CONOVER-HARRIS","XIMENA M. BISHOP","AMANDA MILLER","DALE WATSON"
"SP1272","skipped","skipped","skipped","skipped","skipped","skipped","skipped"
"SP1273","XIMENA M. BISHOP","CRAIG JENSEN","CRAIG CONOVER","MARCIA CONOVER-HARRIS","AMANDA MILLER","MICHAEL SNELSON","DALE WATSON"
"SP1274","CRAIG JENSEN","DALE WATSON","MICHAEL SNELSON","XIMENA M. BISHOP","CRAIG CONOVER","MARCIA CONOVER-HARRIS","AMANDA MILLER"
"SP1275","MICHAEL SNELSON","CRAIG CONOVER","AMANDA MILLER","CRAIG JENSEN","XIMENA M. BISHOP","MARCIA CONOVER-HARRIS","DALE WATSON"
"SP1276","CRAIG CONOVER","MARCIA CONOVER-HARRIS","MICHAEL SNELSON","CRAIG JENSEN","AMANDA MILLER","DALE WATSON","XIMENA M. BISHOP"
"SP1277","overvote","XIMENA M. BISHOP","MARCIA CONOVER-HARRIS","MICHAEL SNELSON","CRAIG JENSEN","CRAIG CONOVER","skipped"
"SP1278","CRAIG CONOVER","MARCIA CONOVER-HARRIS","CRAIG JENSEN","XIMENA M. BISHOP","DALE WATSON","AMANDA MILLER","MICHAEL SNELSON"
"SP1279","skipped","skipped","skipped","skipped","skipped","skipped","skipped"
"SP1280","CRAIG CONOVER","CRAIG JENSEN","MARCIA CONOVER-HARRIS","MICHAEL SNELSON","DALE WATSON","AMANDA MILLER","XIMENA M. BISHOP"
"SP1281","DALE WATSON","MICHAEL SNELSON","CRAIG CONOVER","MARCIA CONOVER-HARRIS","CRAIG JENSEN","XIMENA M. BISHOP","AMANDA MILLER"
"SP1282","MICHAEL SNELSON","DALE WATSON","XIMENA M. BISHOP","CRAIG JENSEN","CRAIG CONOVER","AMANDA MILLER","MARCIA CONOVER-HARRIS"
"SP1283","XIMENA M. BISHOP","MARCIA CONOVER-HARRIS","CRAIG CONOVER","CRAIG JENSEN","DALE WATSON","AMANDA MILLER","MICHAEL SNELSON"
"SP1284","CRAIG JENSEN","XIMENA M. BISHOP","DALE WATSON","MICHAEL SNELSON","CRAIG CONOVER","MARCIA CONOVER-HARRIS","AMANDA MILLER"
"SP1285","CRAIG JENSEN","CRAIG CONOVER","MARCIA CONOVER-HARRIS","AMANDA MILLER","XIMENA M. BISHOP","MICHAEL SNELSON","DALE WATSON"
"SP1286","CRAIG CONOVER","XIMENA M. BISHOP","CRAIG JENSEN","overvote","AMANDA MILLER","skipped","DALE WATSON"
"SP1287","XIMENA M. BISHOP","AMANDA MILLER","MARCIA CONOVER-HARRIS","CRAIG JENSEN","CRAIG CONOVER","MICHAEL SNELSON","DALE WATSON"
"SP1288","MICHAEL SNELSON","CRAIG JENSEN","MARCIA CONOVER-HARRIS","CRAIG CONOVER","skipped","skipped","skipped"
"SP1289","MICHAEL SNELSON","CRAIG JENSEN","AMANDA MILLER","DALE WATSON","XIMENA M. BISHOP","MARCIA CONOVER-HARRIS","CRAIG CONOVER"
"SP1290","MICHAEL SNELSON","CRAIG CONOVER","CRAIG JENSEN","AMANDA MILLER","XIMENA M. BISHOP","MARCIA CONOVER-HARRIS","DALE WATSON"
"SP1291","skipped","XIMENA M. BISHOP","DALE WATSON","MICHAEL SNELSON","AMANDA MILLER","CRAIG CONOVER","CRAIG JENSEN"
"SP1292","CRAIG CONOVER","CRAIG JENSEN","MARCIA CONOVER-HARRIS","AMANDA MILLER","MICHAEL SNELSON","DALE WATSON","XIMENA M. BISHOP"
"SP1293","CRAIG JENSEN","CRAIG CONOVER","MICHAEL SNELSON","AMANDA MILLER","MARCIA CONOVER-HARRIS","XIMENA M. BISHOP","DALE WATSON"
"SP1294","MICHAEL SNELSON","CRAIG JENSEN","CRAIG CONOVER","MARCIA CONOVER-HARRIS","DALE WATSON","XIMENA M. BISHOP","AMANDA MILLER"
"SP1295","MICHAEL SNELSON","MARCIA CONOVER-HARRIS","AMANDA MILLER","DALE WATSON","CRAIG CONOVER","XIMENA M. BISHOP","CRAIG JENSEN"
"SP1296","skipped","skipped","skipped","skipped","skipped","skipped","skipped"
"SP1297","XIMENA M. BISHOP","CRAIG CONOVER","CRAIG JENSEN","MARCIA CONOVER-HARRIS","MICHAEL SNELSON","AMANDA MILLER","DALE WATSON"
"SP1298","MARCIA CONOVER-HARRIS","DALE WATSON","CRAIG CONOVER","MICHAEL SNELSON","CRAIG JENSEN","XIMENA M. BISHOP","AMANDA MILLER"
"SP1299","CRAIG JENSEN","CRAIG CONOVER","MICHAEL SNELSON","MARCIA CONOVER-HARRIS","AMANDA MILLER","DALE WATSON","XIMENA M. BISHOP"
"SP1300","MICHAEL SNELSON","skipped","skipped","skipped","skipped","skipped","skipped"
"SP1301","MICHAEL SNELSON","CRAIG CONOVER","CRAIG JENSEN","DALE WATSON","MARCIA CONOVER-HARRIS","AMANDA MILLER","XIMENA M. BISHOP"
"SP1302","CRAIG JENSEN","CRAIG CONOVER","MICHAEL SNELSON","DALE WATSON","XIMENA M. BISHOP","MARCIA CONOVER-HARRIS","AMANDA MILLER"
"SP1303","MARCIA CONOVER-HARRIS","DALE WATSON","CRAIG CONOVER","MICHAEL SNELSON","XIMENA M. BISHOP","CRAIG JENSEN","AMANDA MILLER"
"SP1304","AMANDA MILLER","XIMENA M. BISHOP","MICHAEL SNELSON","MARCIA CONOVER-HARRIS","CRAIG JENSEN","CRAIG CONOVER","DALE WATSON"
"SP1305","XIMENA M. BISHOP","MARCIA CONOVER-HARRIS","MICHAEL SNELSON","CRAIG CONOVER","CRAIG JENSEN","DALE WATSON","AMANDA MILLER"
"SP1306","DALE WATSON","MICHAEL SNELSON","CRAIG CONOVER","MARCIA CONOVER-HARRIS","CRAIG JENSEN","XIMENA M. BISHOP","AMANDA MILLER"
"SP1307","XIMENA M. BISHOP","MARCIA CONOVER-HARRIS","MICHAEL SNELSON","CRAIG CONOVER","CRAIG JENSEN","DALE WATSON","AMANDA MILLER"
"SP1308","AMANDA MILLER","XIMENA M. BISHOP","MICHAEL SNELSON","CRAIG JENSEN","MARCIA CONOVER-HARRIS","CRAIG CONOVER","DALE WATSON"
"SP1309","CRAIG JENSEN","MICHAEL SNELSON","MARCIA CONOVER-HARRIS","CRAIG CONOVER","DALE WATSON","XIMENA M. BISHOP","AMANDA MILLER"
"SP1310","MICHAEL SNELSON","AMANDA MILLER","skipped","skipped","skipped","skipped","skipped"
"SP1311","MICHAEL SNELSON","CRAIG CONOVER","skipped","skipped","skipped","skipped","skipped"
"SP1312","MICHAEL SNELSON","AMANDA MILLER","skipped","skipped","skipped","skipped","skipped"
"SP1313","CRAIG CONOVER","CRAIG JENSEN","AMANDA MILLER","XIMENA M. BISHOP","MARCIA CONOVER-HARRIS","MICHAEL SNELSON","DALE WATSON"
"SP1314","CRAIG JENSEN","DALE WATSON","XIMENA M. BISHOP","MICHAEL SNELSON","CRAIG CONOVER","MARCIA CONOVER-HARRIS","AMANDA MILLER"
"SP1315","skipped","skipped","skipped","skipped","skipped","skipped","skipped"
"SP1316","MICHAEL SNELSON","CRAIG JENSEN","DALE WATSON","XIMENA M. BISHOP","AMANDA MILLER","CRAIG CONOVER","MARCIA CONOVER-HARRIS"
"SP1317","DALE WATSON","MARCIA CONOVER-HARRIS","CRAIG CONOVER","CRAIG JENSEN","MICHAEL SNELSON","XIMENA M. BISHOP","AMANDA MILLER"
"SP1318","CRAIG JENSEN","MICHAEL SNELSON","DALE WATSON","XIMENA M. BISHOP","AMANDA MILLER","MARCIA CONOVER-HARRIS","CRAIG CONOVER"
"SP1319","MICHAEL SNELSON","AMANDA MILLER","DALE WATSON","CRAIG JENSEN","XIMENA M. BISHOP","MARCIA CONOVER-HARRIS","CRAIG CONOVER"
"SP1320","CRAIG CONOVER","CRAIG JENSEN","MICHAEL SNELSON","DALE WATSON","MARCIA CONOVER-HARRIS","AMANDA MILLER","XIMENA M. BISHOP"
"SP1321","CRAIG JENSEN","MARCIA CONOVER-HARRIS","CRAIG CONOVER","MICHAEL SNELSON","XIMENA M. BISHOP","DALE WATSON","AMANDA MILLER"
"SP1322","MICHAEL SNELSON","CRAIG JENSEN","skipped","skipped","skipped","skipped","skipped"
"SP1323","MICHAEL SNELSON","AMANDA MILLER","CRAIG CONOVER","CRAIG JENSEN","MARCIA CONOVER-HARRIS","XIMENA M. BISHOP","DALE WATSON"
"SP1324","CRAIG CONOVER","CRAIG JENSEN","MICHAEL SNELSON","DALE WATSON","XIMENA M. BISHOP","skipped","skipped"
"SP1325","MICHAEL SNELSON","CRAIG JENSEN","skipped","skipped","skipped","skipped","skipped"
"SP1326","CRAIG CONOVER","MICHAEL SNELSON","MARCIA CONOVER-HARRIS","skipped","skipped","skipped","skipped"
"SP1327","MICHAEL SNELSON","CRAIG JENSEN","skipped","skipped","skipped","skipped","skipped"
"SP1328","AMANDA MILLER","DALE WATSON","CRAIG JENSEN","XIMENA M. BISHOP","MICHAEL SNELSON","CRAIG CONOVER","MARCIA CONOVER-HARRIS"
"SP1329","MICHAEL SNELSON","CRAIG JENSEN","XIMENA M. BISHOP","CRAIG CONOVER","MARCIA CONOVER-HARRIS","AMANDA MILLER","DALE WATSON"
"SP1330","skipped","skipped","skipped","skipped","skipped","skipped","skipped"
"SP1331","MICHAEL SNELSON","CRAIG JENSEN","XIMENA M. BISHOP","CRAIG CONOVER","MARCIA CONOVER-HARRIS","AMANDA MILLER","DALE WATSON"
"SP1332","DALE WATSON","MARCIA CONOVER-HARRIS","AMANDA MILLER","CRAIG CONOVER","MICHAEL SNELSON","XIMENA M. BISHOP","CRAIG JENSEN"
"SP1333","CRAIG JENSEN","MICHAEL SNELSON","AMANDA MILLER","CRAIG CONOVER","DALE WATSON","MARCIA CONOVER-HARRIS","XIMENA M. BISHOP"
"SP1334","CRAIG CONOVER","CRAIG JENSEN","MICHAEL SNELSON","MARCIA CONOVER-HARRIS","AMANDA MILLER","DALE WATSON","DALE WATSON"
"SP1335","DALE WATSON","XIMENA M. BISHOP","MICHAEL SNELSON","MARCIA CONOVER-HARRIS","AMANDA MILLER","CRAIG JENSEN","CRAIG CONOVER"
"SP1336","XIMENA M. BISHOP","MICHAEL SNELSON","CRAIG JENSEN","skipped","skipped","skipped","skipped"
"SP1337","DALE WATSON","XIMENA M. BISHOP","MICHAEL SNELSON","CRAIG JENSEN","CRAIG CONOVER","MARCIA CONOVER-HARRIS","AMANDA MILLER"
"SP1338","CRAIG JENSEN","DALE WATSON","CRAIG CONOVER","XIMENA M. BISHOP","MICHAEL SNELSON","MARCIA CONOVER-HARRIS","AMANDA MILLER"
"SP1339","MARCIA CONOVER-HARRIS","AMANDA MILLER","XIMENA M. BISHOP","MICHAEL SNELSON","CRAIG CONOVER","CRAIG JENSEN","DALE WATSON"
"SP1340","MICHAEL SNELSON","CRAIG JENSEN","DALE WATSON","XIMENA M. BISHOP","CRAIG CONOVER","MARCIA CONOVER-HARRIS","AMANDA MILLER"
"SP1341","MARCIA CONOVER-HARRIS","DALE WATSON","CRAIG CONOVER","MICHAEL SNELSON","XIMENA M. BISHOP","CRAIG JENSEN","AMANDA MILLER"
"SP1342","CRAIG JENSEN","MARCIA CONOVER-HARRIS","CRAIG CONOVER","MICHAEL SNELSON","XIMENA M. BISHOP","DALE WATSON","AMANDA MILLER"
"SP1343","XIMENA M. BISHOP","MICHAEL SNELSON","CRAIG JENSEN","DALE WATSON","MARCIA CONOVER-HARRIS","CRAIG CONOVER","AMANDA MILLER"
"SP1344","MICHAEL SNELSON","DALE WATSON","CRAIG JENSEN","CRAIG CONOVER","MICHAEL SNELSON","AMANDA MILLER","MARCIA CONOVER-HARRIS"
"SP1345","CRAIG JENSEN","MICHAEL SNELSON","XIMENA M. BISHOP","DALE WATSON","CRAIG CONOVER","MARCIA CONOVER-HARRIS","AMANDA MILLER"
"SP1346","DALE WATSON","MICHAEL SNELSON","CRAIG JENSEN","CRAIG CONOVER","AMANDA MILLER","MARCIA CONOVER-HARRIS","XIMENA M. BISHOP"
"SP1347","MICHAEL SNELSON","CRAIG CONOVER","AMANDA MILLER","CRAIG JENSEN","MARCIA CONOVER-HARRIS","XIMENA M. BISHOP","DALE WATSON"
"SP1348","CRAIG CONOVER","MICHAEL SNELSON","MARCIA CONOVER-HARRIS","AMANDA MILLER","CRAIG JENSEN","XIMENA M. BISHOP","DALE WATSON"
"SP1349","MICHAEL SNELSON","DALE WATSON","CRAIG CONOVER","CRAIG JENSEN","XIMENA M. BISHOP","MARCIA CONOVER-HARRIS","AMANDA MILLER"
"SP1350","CRAIG CONOVER","AMANDA MILLER","DALE WATSON","MICHAEL SNELSON","MARCIA CONOVER-HARRIS","XIMENA M. BISHOP","CRAIG JENSEN"
"SP1351","AMANDA MILLER","XIMENA M. BISHOP","DALE WATSON","CRAIG JENSEN","CRAIG CONOVER","MARCIA CONOVER-HARRIS","MICHAEL SNELSON"
"SP1352","MARCIA CONOVER-HARRIS","XIMENA M. BISHOP","AMANDA MILLER","CRAIG CONOVER","DALE WATSON","CRAIG JENSEN","MICHAEL SNELSON"
"SP1353","MICHAEL SNELSON","CRAIG CONOVER","MARCIA CONOVER-HARRIS","DALE WATSON","CRAIG JENSEN","AMANDA MILLER","XIMENA M. BISHOP"
"SP1354","MICHAEL SNELSON","CRAIG JENSEN","MARCIA CONOVER-HARRIS","XIMENA M. BISHOP","CRAIG CONOVER","AMANDA MILLER","DALE WATSON"
"SP1355","CRAIG CONOVER","AMANDA MILLER","MICHAEL SNELSON","CRAIG JENSEN","MARCIA CONOVER-HARRIS","DALE WATSON","XIMENA M. BISHOP"
"SP1356","MICHAEL SNELSON","XIMENA M. BISHOP","DALE WATSON","CRAIG JENSEN","MARCIA CONOVER-HARRIS","CRAIG CONOVER","AMANDA MILLER"
"SP1357","MARCIA CONOVER-HARRIS","skipped","skipped","skipped","skipped","skipped","skipped"
"SP1358","XIMENA M. BISHOP","MARCIA CONOVER-HARRIS","CRAIG CONOVER","CRAIG JENSEN","AMANDA MILLER","MICHAEL SNELSON","DALE WATSON"
"SP1359","DALE WATSON","CRAIG CONOVER","MICHAEL SNELSON","skipped","skipped","skipped","skipped"
"SP1360","XIMENA M. BISHOP","MARCIA CONOVER-HARRIS","AMANDA MILLER","CRAIG CONOVER","CRAIG JENSEN","DALE WATSON","MICHAEL SNELSON"
"SP1361","MICHAEL SNELSON","XIMENA M. BISHOP","DALE WATSON","AMANDA MILLER","CRAIG JENSEN","CRAIG CONOVER","MARCIA CONOVER-HARRIS"
"SP1362","XIMENA M. BISHOP","DALE WATSON","CRAIG CONOVER","CRAIG JENSEN","AMANDA MILLER","MARCIA CONOVER-HARRIS","MICHAEL SNELSON"
"SP1363","DALE WATSON","XIMENA M. BISHOP","MICHAEL SNELSON","CRAIG JENSEN","CRAIG CONOVER","overvote","skipped"
"SP1364","CRAIG JENSEN","MARCIA CONOVER-HARRIS","XIMENA M. BISHOP","CRAIG CONOVER","MICHAEL SNELSON","DALE WATSON","AMANDA MILLER"
"SP1365","XIMENA M. BISHOP","MARCIA CONOVER-HARRIS","CRAIG CONOVER","CRAIG JENSEN","AMANDA MILLER","MICHAEL SNELSON","DALE WATSON"
"SP1366","MICHAEL SNELSON","CRAIG JENSEN","CRAIG CONOVER","MARCIA CONOVER-HARRIS","AMANDA MILLER","XIMENA M. BISHOP","DALE WATSON"
"SP1367","AMANDA MILLER","skipped","skipped","skipped","skipped","skipped","skipped"
"SP1368","XIMENA M. BISHOP","DALE WATSON","MARCIA CONOVER-HARRIS","MICHAEL SNELSON","CRAIG CONOVER","AMANDA MILLER","skipped"
"SP1369","MICHAEL SNELSON","CRAIG JENSEN","DALE WATSON","skipped","CRAIG CONOVER","MARCIA CONOVER-HARRIS","AMANDA MILLER"
"SP1370","XIMENA M. BISHOP","CRAIG JENSEN","CRAIG CONOVER","AMANDA MILLER","DALE WATSON","MARCIA CONOVER-HARRIS","MICHAEL SNELSON"
"SP1371","XIMENA M. BISHOP","CRAIG JENSEN","CRAIG CONOVER","DALE WATSON","MICHAEL SNELSON","AMANDA MILLER","MARCIA CONOVER-HARRIS"
"SP1372","MICHAEL SNELSON","AMANDA MILLER","DALE WATSON","CRAIG JENSEN","CRAIG CONOVER","MARCIA CONOVER-HARRIS","XIMENA M. BISHOP"
"SP1373","MARCIA CONOVER-HARRIS","CRAIG CONOVER","XIMENA M. BISHOP","AMANDA MILLER","MICHAEL SNELSON","DALE WATSON","CRAIG JENSEN"
"SP1374","CRAIG CONOVER","CRAIG JENSEN","DALE WATSON","XIMENA M. BISHOP","MICHAEL SNELSON","AMANDA MILLER","MARCIA CONOVER-HARRIS"
"SP1375","CRAIG JENSEN","CRAIG CONOVER","MICHAEL SNELSON","DALE WATSON","XIMENA M. BISHOP","MARCIA CONOVER-HARRIS","AMANDA MILLER"
"SP1376","MICHAEL SNELSON","skipped","skipped","skipped","skipped","skipped","skipped"
"SP1377","MICHAEL SNELSON","CRAIG JENSEN","skipped","skipped","skipped","skipped","skipped"
"SP1378","CRAIG CONOVER","XIMENA M. BISHOP","MICHAEL SNELSON","MARCIA CONOVER-HARRIS","CRAIG JENSEN","AMANDA MILLER","DALE WATSON"
"SP1379","CRAIG JENSEN","MICHAEL SNELSON","XIMENA M. BISHOP","DALE WATSON","MARCIA CONOVER-HARRIS","AMANDA MILLER","skipped"
"SP1380","XIMENA M. BISHOP","DALE WATSON","CRAIG CONOVER","MARCIA CONOVER-HARRIS","MICHAEL SNELSON","CRAIG JENSEN","AMANDA MILLER"
"SP1381","CRAIG CONOVER","MICHAEL SNELSON","MARCIA CONOVER-HARRIS","AMANDA MILLER","CRAIG JENSEN","XIMENA M. BISHOP","DALE WATSON"
"SP1382","XIMENA M. BISHOP","AMANDA MILLER","CRAIG JENSEN","skipped","skipped","skipped","skipped"
"SP1383","XIMENA M. BISHOP","DALE WATSON","CRAIG CONOVER","MARCIA CONOVER-HARRIS","MICHAEL SNELSON","CRAIG JENSEN","AMANDA MILLER"
"SP1384","DALE WATSON","AMANDA MILLER","MARCIA CONOVER-HARRIS","MICHAEL SNELSON","XIMENA M. BISHOP","CRAIG CONOVER","CRAIG JENSEN"
"SP1385","MARCIA CONOVER-HARRIS","MICHAEL SNELSON","CRAIG JENSEN","AMANDA MILLER","CRAIG CONOVER","DALE WATSON","XIMENA M. BISHOP"
"SP1386","DALE WATSON","MICHAEL SNELSON","skipped","skipped","skipped","skipped","skipped"
"SP1387","CRAIG CONOVER","DALE WATSON","XIMENA M. BISHOP","MICHAEL SNELSON","CRAIG JENSEN","MARCIA CONOVER-HARRIS","AMANDA MILLER"
"SP1388","CRAIG CONOVER","DALE WATSON","XIMENA M. BISHOP","CRAIG JENSEN","skipped","skipped","skipped"
"SP1389","AMANDA MILLER","MARCIA CONOVER-HARRIS","DALE WATSON","CRAIG JENSEN","MICHAEL SNELSON","XIMENA M. BISHOP","CRAIG CONOVER"
"SP1390","MICHAEL SNELSON","CRAIG CONOVER","CRAIG JENSEN","MARCIA CONOVER-HARRIS","XIMENA M. BISHOP","AMANDA MILLER","DALE WATSON"
"SP1391","DALE WATSON","CRAIG JENSEN","CRAIG CONOVER","MICHAEL SNELSON","MARCIA CONOVER-HARRIS","AMANDA MILLER","XIMENA M. BISHOP"
"SP1392","MICHAEL SNELSON","CRAIG JENSEN","CRAIG CONOVER","MARCIA CONOVER-HARRIS","DALE WATSON","XIMENA M. BISHOP","AMANDA MILLER"
"SP1393","MARCIA CONOVER-HARRIS","CRAIG CONOVER","CRAIG JENSEN","XIMENA M. BISHOP","MICHAEL SNELSON","AMANDA MILLER","DALE WATSON"
"SP1394","MARCIA CONOVER-HARRIS","MICHAEL SNELSON","CRAIG JENSEN","skipped","skipped","skipped","skipped"
"SP1395","MICHAEL SNELSON","DALE WATSON","CRAIG CONOVER","CRAIG JENSEN","MARCIA CONOVER-HARRIS","XIMENA M. BISHOP","AMANDA MILLER"
"SP1396","MICHAEL SNELSON","AMANDA MILLER","MARCIA CONOVER-HARRIS","XIMENA M. BISHOP","DALE WATSON","CRAIG JENSEN","CRAIG CONOVER"
"SP1397","CRAIG CONOVER","CRAIG JENSEN","MICHAEL SNELSON","DALE WATSON","XIMENA M. BISHOP","skipped","skipped"
"SP1398","MARCIA CONOVER-HARRIS","CRAIG CONOVER","MICHAEL SNELSON","CRAIG JENSEN","DALE WATSON","XIMENA M. BISHOP","AMANDA MILLER"
"SP1399","CRAIG JENSEN","CRAIG CONOVER","MARCIA CONOVER-HARRIS","AMANDA MILLER","MICHAEL SNELSON","XIMENA M. BISHOP","skipped"
"SP1400","MICHAEL SNELSON","CRAIG JENSEN","AMANDA MILLER","DALE WATSON","XIMENA M. BISHOP","MARCIA CONOVER-HARRIS","CRAIG CONOVER"
"SP1401","MICHAEL SNELSON","CRAIG JENSEN","XIMENA M. BISHOP","AMANDA MILLER","MARCIA CONOVER-HARRIS","DALE WATSON","CRAIG CONOVER"
"SP1402","MICHAEL SNELSON","XIMENA M. BISHOP","CRAIG CONOVER","AMANDA MILLER","DALE WATSON","CRAIG JENSEN","MARCIA CONOVER-HARRIS"
"SP1403","XIMENA M. BISHOP","MICHAEL SNELSON","MARCIA CONOVER-HARRIS","CRAIG CONOVER","CRAIG JENSEN","DALE WATSON","AMANDA MILLER"
"SP1404","MICHAEL SNELSON","CRAIG JENSEN","skipped","skipped","skipped","skipped","skipped"
"SP1405","AMANDA MILLER","DALE WATSON","MICHAEL SNELSON","CRAIG CONOVER","MARCIA CONOVER-HARRIS","CRAIG JENSEN","XIMENA M. BISHOP"
"SP1406","CRAIG JENSEN","XIMENA M. BISHOP","MICHAEL SNELSON","DALE WATSON","AMANDA MILLER","CRAIG CONOVER","MARCIA CONOVER-HARRIS"
"SP1407","XIMENA M. BISHOP","MICHAEL SNELSON","MARCIA CONOVER-HARRIS","skipped","skipped","skipped","skipped"
"SP1408","CRAIG JENSEN","MICHAEL SNELSON","DALE WATSON","XIMENA M. BISHOP","AMANDA MILLER","CRAIG CONOVER","MARCIA CONOVER-HARRIS"
"SP1409","DALE WATSON","XIMENA M. BISHOP","CRAIG JENSEN","skipped","skipped","skipped","skipped"
"SP1410","CRAIG JENSEN","MICHAEL SNELSON","DALE WATSON","XIMENA M. BISHOP","AMANDA MILLER","CRAIG CONOVER","MARCIA CONOVER-HARRIS"
"SP1411","DALE WATSON","AMANDA MILLER","MARCIA CONOVER-HARRIS","MICHAEL SNELSON","XIMENA M. BISHOP","CRAIG CONOVER","CRAIG JENSEN"
"SP1412","CRAIG JENSEN","MICHAEL SNELSON","DALE WATSON","XIMENA M. BISHOP","AMANDA MILLER","CRAIG CONOVER","MARCIA CONOVER-HARRIS"
"SP1413","MICHAEL SNELSON","CRAIG JENSEN","CRAIG CONOVER","MARCIA CONOVER-HARRIS","XIMENA M. BISHOP","DALE WATSON","AMANDA MILLER"
"SP1414","XIMENA M. BISHOP","MARCIA CONOVER-HARRIS","CRAIG CONOVER","CRAIG JENSEN","AMANDA MILLER","MICHAEL SNELSON","DALE WATSON"
"SP1415","CRAIG JENSEN","MICHAEL SNELSON","CRAIG CONOVER","XIMENA M. BISHOP","MARCIA CONOVER-HARRIS","AMANDA MILLER","DALE WATSON"
"SP1416","DALE WATSON","skipped","skipped","skipped","skipped","skipped","skipped"
"SP1417","MICHAEL SNELSON","CRAIG JENSEN","XIMENA M. BISHOP","AMANDA MILLER","DALE WATSON","CRAIG CONOVER","MARCIA CONOVER-HARRIS"
"SP1418","MARCIA CONOVER-HARRIS","XIMENA M. BISHOP","MICHAEL SNELSON","CRAIG JENSEN","CRAIG CONOVER","AMANDA MILLER","DALE WATSON"
"SP1419","MARCIA CONOVER-HARRIS","CRAIG JENSEN","AMANDA MILLER","XIMENA M. BISHOP","MICHAEL SNELSON","CRAIG CONOVER","DALE WATSON"
"SP1420","CRAIG JENSEN","MARCIA CONOVER-HARRIS","DALE WATSON","MICHAEL SNELSON","CRAIG CONOVER","AMANDA MILLER","XIMENA M. BISHOP"
"SP1421","MARCIA CONOVER-HARRIS","CRAIG JENSEN","AMANDA MILLER","XIMENA M. BISHOP","MICHAEL SNELSON","CRAIG CONOVER","DALE WATSON"
"SP1422","MICHAEL SNELSON","skipped","skipped","skipped","skipped","skipped","skipped"
"SP1423","AMANDA MILLER","skipped","skipped","skipped","skipped","skipped","skipped"
"SP1424","skipped","skipped","skipped","skipped","skipped","skipped","skipped"
"SP1425","MICHAEL SNELSON","MARCIA CONOVER-HARRIS","AMANDA MILLER","CRAIG CONOVER","CRAIG JENSEN","DALE WATSON","XIMENA M. BISHOP"
"SP1426","MICHAEL SNELSON","XIMENA M. BISHOP","CRAIG JENSEN","CRAIG CONOVER","MARCIA CONOVER-HARRIS","skipped","skipped"
"SP1427","CRAIG CONOVER","XIMENA M. BISHOP","AMANDA MILLER","MARCIA CONOVER-HARRIS","CRAIG JENSEN","MICHAEL SNELSON","DALE WATSON"
"SP1428","MICHAEL SNELSON","CRAIG CONOVER","AMANDA MILLER","CRAIG JENSEN","MARCIA CONOVER-HARRIS","XIMENA M. BISHOP","DALE WATSON"
"SP1429","MICHAEL SNELSON","AMANDA MILLER","CRAIG JENSEN","CRAIG CONOVER","DALE WATSON","AMANDA MILLER","XIMENA M. BISHOP"
"SP1430","CRAIG CONOVER","skipped","skipped","skipped","skipped","skipped","skipped"
"SP1431","AMANDA MILLER","MARCIA CONOVER-HARRIS","CRAIG CONOVER","CRAIG JENSEN","MICHAEL SNELSON","XIMENA M. BISHOP","DALE WATSON"
"SP1432","MICHAEL SNELSON","AMANDA MILLER","DALE WATSON","CRAIG CONOVER","MARCIA CONOVER-HARRIS","CRAIG JENSEN","XIMENA M. BISHOP"
"SP1433","AMANDA MILLER","CRAIG CONOVER","XIMENA M. BISHOP","MARCIA CONOVER-HARRIS","MICHAEL SNELSON","CRAIG JENSEN","DALE WATSON"
"SP1434","MARCIA CONOVER-HARRIS","MICHAEL SNELSON","AMANDA MILLER","DALE WATSON","CRAIG JENSEN","CRAIG CONOVER","XIMENA M. BISHOP"
"SP1435","DALE WATSON","MICHAEL SNELSON","CRAIG CONOVER","CRAIG JENSEN","MARCIA CONOVER-HARRIS","AMANDA MILLER","XIMENA M. BISHOP"
"SP1436","CRAIG CONOVER","CRAIG JENSEN","AMANDA MILLER","XIMENA M. BISHOP","DALE WATSON","MARCIA CONOVER-HARRIS","MICHAEL SNELSON"
"SP1437","MARCIA CONOVER-HARRIS","CRAIG JENSEN","XIMENA M. BISHOP","DALE WATSON","MICHAEL SNELSON","CRAIG CONOVER","AMANDA MILLER"
"SP1438","XIMENA M. BISHOP","MICHAEL SNELSON","CRAIG JENSEN","skipped","skipped","skipped","skipped"
"SP1439","MICHAEL SNELSON","XIMENA M. BISHOP","CRAIG JENSEN","DALE WATSON","skipped","skipped","skipped"
"SP1440","XIMENA M. BISHOP","MARCIA CONOVER-HARRIS","CRAIG CONOVER","CRAIG JENSEN","MICHAEL SNELSON","DALE WATSON","AMANDA MILLER"
"SP1441","XIMENA M. BISHOP","MICHAEL SNELSON","skipped","skipped","skipped","skipped","skipped"
"SP1442","XIMENA M. BISHOP","MARCIA CONOVER-HARRIS","AMANDA MILLER","CRAIG CONOVER","MICHAEL SNELSON","CRAIG JENSEN","DALE WATSON"
"SP1443","CRAIG CONOVER","CRAIG JENSEN","MARCIA CONOVER-HARRIS","skipped","skipped","skipped","skipped"
"SP1444","MICHAEL SNELSON","MARCIA CONOVER-HARRIS","XIMENA M. BISHOP","CRAIG JENSEN","CRAIG CONOVER","DALE WATSON","AMANDA MILLER"
"SP1445","MICHAEL SNELSON","XIMENA M. BISHOP","DALE WATSON","CRAIG JENSEN","CRAIG CONOVER","MARCIA CONOVER-HARRIS","AMANDA MILLER"
"SP1446","MICHAEL SNELSON","CRAIG CONOVER","CRAIG JENSEN","MARCIA CONOVER-HARRIS","AMANDA MILLER","XIMENA M. BISHOP","DALE WATSON"
"SP1447","MARCIA CONOVER-HARRIS","DALE WATSON","CRAIG JENSEN","CRAIG CONOVER","AMANDA MILLER","MICHAEL SNELSON","XIMENA M. BISHOP"
"SP1448","AMANDA MILLER","CRAIG CONOVER","XIMENA M. BISHOP","DALE WATSON","MICHAEL SNELSON","CRAIG JENSEN","MARCIA CONOVER-HARRIS"
"SP1449","DALE WATSON","CRAIG CONOVER","AMANDA MILLER","MICHAEL SNELSON","CRAIG JENSEN","XIMENA M. BISHOP","MARCIA CONOVER-HARRIS"
"SP1450","MICHAEL SNELSON","CRAIG CONOVER","DALE WATSON","CRAIG JENSEN","MARCIA CONOVER-HARRIS","XIMENA M. BISHOP","AMANDA MILLER"
"SP1451","MARCIA CONOVER-HARRIS","CRAIG CONOVER","MICHAEL SNELSON","CRAIG JENSEN","DALE WATSON","XIMENA M. BISHOP","AMANDA MILLER"
"SP1452","DALE WATSON","CRAIG CONOVER","skipped","skipped","skipped","skipped","skipped"
"SP1453","MICHAEL SNELSON","CRAIG JENSEN","CRAIG CONOVER","DALE WATSON","XIMENA M. BISHOP","AMANDA MILLER","MARCIA CONOVER-HARRIS"
"SP1454","XIMENA M. BISHOP","CRAIG JENSEN","MARCIA CONOVER-HARRIS","CRAIG CONOVER","MICHAEL SNELSON","AMANDA MILLER","DALE WATSON"
"SP1455","MICHAEL SNELSON","CRAIG JENSEN","CRAIG CONOVER","MARCIA CONOVER-HARRIS","AMANDA MILLER","DALE WATSON","DALE WATSON"
"SP1456","CRAIG JENSEN","MICHAEL SNELSON","CRAIG CONOVER","skipped","skipped","skipped","skipped"
"SP1457","CRAIG CONOVER","MARCIA CONOVER-HARRIS","CRAIG CONOVER","CRAIG CONOVER","MARCIA CONOVER-HARRIS","CRAIG CONOVER","CRAIG CONOVER"
"SP1458","CRAIG JENSEN","CRAIG CONOVER","MICHAEL SNELSON","skipped","skipped","skipped","skipped"
"SP1459","CRAIG CONOVER","MARCIA CONOVER-HARRIS","XIMENA M. BISHOP","CRAIG JENSEN","DALE WATSON","AMANDA MILLER","MICHAEL SNELSON"
"SP1460","CRAIG CONOVER","AMANDA MILLER","MICHAEL SNELSON","CRAIG JENSEN","MARCIA CONOVER-HARRIS","DALE WATSON","XIMENA M. BISHOP"
"SP1461","MICHAEL SNELSON","DALE WATSON","CRAIG JENSEN","CRAIG CONOVER","XIMENA M. BISHOP","MARCIA CONOVER-HARRIS","AMANDA MILLER"
"SP1462","CRAIG CONOVER","AMANDA MILLER","MICHAEL SNELSON","CRAIG JENSEN","MARCIA CONOVER-HARRIS","DALE WATSON","XIMENA M. BISHOP"
"SP1463","MICHAEL SNELSON","CRAIG JENSEN","CRAIG CONOVER","MARCIA CONOVER-HARRIS","AMANDA MILLER","XIMENA M. BISHOP","DALE WATSON"
"SP1464","MICHAEL SNELSON","DALE WATSON","XIMENA M. BISHOP","CRAIG CONOVER","AMANDA MILLER","CRAIG JENSEN","MARCIA CONOVER-HARRIS"
"SP1465","MICHAEL SNELSON","CRAIG JENSEN","AMANDA MILLER","DALE WATSON","XIMENA M. BISHOP","MARCIA CONOVER-HARRIS","CRAIG CONOVER"
"SP1466","AMANDA MILLER","skipped","skipped","skipped","skipped","skipped","skipped"
"SP1467","CRAIG CONOVER","MARCIA CONOVER-HARRIS","DALE WATSON","MICHAEL SNELSON","CRAIG JENSEN","AMANDA MILLER","XIMENA M. BISHOP"
"SP1468","MARCIA CONOVER-HARRIS","XIMENA M. BISHOP","DALE WATSON","CRAIG JENSEN","MICHAEL SNELSON","CRAIG CONOVER","AMANDA MILLER"
"SP1469","XIMENA M. BISHOP","MICHAEL SNELSON","MARCIA CONOVER-HARRIS","CRAIG CONOVER","CRAIG JENSEN","DALE WATSON","AMANDA MILLER"
"SP1470","MICHAEL SNELSON","DALE WATSON","XIMENA M. BISHOP","CRAIG JENSEN","AMANDA MILLER","CRAIG CONOVER","MARCIA CONOVER-HARRIS"
"SP1471","MICHAEL SNELSON","DALE WATSON","CRAIG CONOVER","XIMENA M. BISHOP","CRAIG JENSEN","AMANDA MILLER","MARCIA CONOVER-HARRIS"
"SP1472","MARCIA CONOVER-HARRIS","CRAIG CONOVER","skipped","skipped","skipped","skipped","skipped"
"SP1473","XIMENA M. BISHOP","MICHAEL SNELSON","MARCIA CONOVER-HARRIS","CRAIG JENSEN","CRAIG CONOVER","AMANDA MILLER","DALE WATSON"
"SP1474","AMANDA MILLER","XIMENA M. BISHOP","CRAIG JENSEN","MICHAEL SNELSON","CRAIG CONOVER","DALE WATSON","MARCIA CONOVER-HARRIS"
"SP1475","DALE WATSON","XIMENA M. BISHOP","CRAIG CONOVER","MARCIA CONOVER-HARRIS","CRAIG JENSEN","MICHAEL SNELSON","AMANDA MILLER"
"SP1476","DALE WATSON","skipped","skipped","skipped","skipped","skipped","skipped"
"SP1477","MICHAEL SNELSON","CRAIG CONOVER","DALE WATSON","CRAIG JENSEN","MARCIA CONOVER-HARRIS","AMANDA MILLER","XIMENA M. BISHOP"
"SP1478","MICHAEL SNELSON","XIMENA M. BISHOP","CRAIG JENSEN","MARCIA CONOVER-HARRIS","DALE WATSON","skipped","skipped"
"SP1479","XIMENA M. BISHOP","DALE WATSON","CRAIG CONOVER","MARCIA CONOVER-HARRIS","MICHAEL SNELSON","CRAIG JENSEN","AMANDA MILLER"
"SP1480","CRAIG CONOVER","MARCIA CONOVER-HARRIS","CRAIG JENSEN","skipped","skipped","skipped","skipped"
"SP1481","CRAIG JENSEN","MARCIA CONOVER-HARRIS","CRAIG CONOVER","XIMENA M. BISHOP","MICHAEL SNELSON","DALE WATSON","AMANDA MILLER"
"SP1482","DALE WATSON","CRAIG CONOVER","XIMENA M. BISHOP","CRAIG JENSEN","AMANDA MILLER","MICHAEL SNELSON","MARCIA CONOVER-HARRIS"
"SP1483","AMANDA MILLER","CRAIG JENSEN","MICHAEL SNELSON","XIMENA M. BISHOP","MARCIA CONOVER-HARRIS","CRAIG CONOVER","skipped"
"SP1484","CRAIG JENSEN","MARCIA CONOVER-HARRIS","CRAIG CONOVER","MICHAEL SNELSON","XIMENA M. BISHOP","DALE WATSON","AMANDA MILLER"
"SP1485","XIMENA M. BISHOP","MICHAEL SNELSON","MARCIA CONOVER-HARRIS","AMANDA MILLER","CRAIG JENSEN","DALE WATSON","CRAIG CONOVER"
"SP1486","XIMENA M. BISHOP","MICHAEL SNELSON","MARCIA CONOVER-HARRIS","CRAIG JENSEN","skipped","skipped","skipped"
"SP1487","CRAIG CONOVER","CRAIG JENSEN","MICHAEL SNELSON","DALE WATSON","XIMENA M. BISHOP","MARCIA CONOVER-HARRIS","AMANDA MILLER"
"SP1488","MICHAEL SNELSON","AMANDA MILLER","MARCIA CONOVER-HARRIS","XIMENA M. BISHOP","CRAIG CONOVER","CRAIG JENSEN","DALE WATSON"
"SP1489","CRAIG JENSEN","MARCIA CONOVER-HARRIS","CRAIG CONOVER","MICHAEL SNELSON","XIMENA M. BISHOP","DALE WATSON","AMANDA MILLER"
"SP1490","MARCIA CONOVER-HARRIS","MICHAEL SNELSON","DALE WATSON","XIMENA M. BISHOP","CRAIG JENSEN","CRAIG CONOVER","AMANDA MILLER"
"SP1491","CRAIG JENSEN","MICHAEL SNELSON","XIMENA M. BISHOP","DALE WATSON","AMANDA MILLER","MARCIA CONOVER-HARRIS","CRAIG CONOVER"
"SP1492","MICHAEL SNELSON","CRAIG JENSEN","XIMENA M. BISHOP","MARCIA CONOVER-HARRIS","CRAIG CONOVER","DALE WATSON","skipped"
"SP1493","CRAIG JENSEN","CRAIG CONOVER","MICHAEL SNELSON","DALE WATSON","XIMENA M. BISHOP","MARCIA CONOVER-HARRIS","AMANDA MILLER"
"SP1494","DALE WATSON","MARCIA CONOVER-HARRIS","XIMENA M. BISHOP","CRAIG CONOVER","AMANDA MILLER","MICHAEL SNELSON","CRAIG JENSEN"
"SP1495","MICHAEL SNELSON","DALE WATSON","CRAIG CONOVER","MARCIA CONOVER-HARRIS","XIMENA M. BISHOP","AMANDA MILLER","CRAIG JENSEN"
"SP1496","skipped","skipped","skipped","skipped","skipped","skipped","skipped"
"SP1497","XIMENA M. BISHOP","MARCIA CONOVER-HARRIS","CRAIG JENSEN","CRAIG CONOVER","MICHAEL SNELSON","AMANDA MILLER","DALE WATSON"
"SP1498","XIMENA M. BISHOP","MARCIA CONOVER-HARRIS","skipped","skipped","skipped","skipped","skipped"
"SP1499","XIMENA M. BISHOP","MARCIA CONOVER-HARRIS","CRAIG JENSEN","MICHAEL SNELSON","CRAIG CONOVER","DALE WATSON","AMANDA MILLER"
"SP1500","DALE WATSON","XIMENA M. BISHOP","MICHAEL SNELSON","MARCIA CONOVER-HARRIS","CRAIG JENSEN","CRAIG CONOVER","AMANDA MILLER"
"SP1501","CRAIG CONOVER","MICHAEL SNELSON","MARCIA CONOVER-HARRIS","CRAIG JENSEN","AMANDA MILLER","XIMENA M. BISHOP","DALE WATSON"
"SP1502","CRAIG CONOVER","MICHAEL SNELSON","CRAIG JENSEN","AMANDA MILLER","MARCIA CONOVER-HARRIS","XIMENA M. BISHOP","DALE WATSON"
"SP1503","AMANDA MILLER","MARCIA CONOVER-HARRIS","CRAIG CONOVER","skipped","skipped","skipped","skipped"
"SP1504","AMANDA MILLER","MICHAEL SNELSON","MARCIA CONOVER-HARRIS","XIMENA M. BISHOP","CRAIG CONOVER","CRAIG JENSEN","skipped"
"SP1505","AMANDA MILLER","DALE WATSON","CRAIG JENSEN","skipped","skipped","skipped","skipped"
"SP1506","XIMENA M. BISHOP","CRAIG JENSEN","CRAIG CONOVER","MARCIA CONOVER-HARRIS","MICHAEL SNELSON","DALE WATSON","AMANDA MILLER"
"SP1507","skipped","skipped","skipped","skipped","skipped","skipped","skipped"
"SP1508","CRAIG CONOVER","MICHAEL SNELSON","CRAIG JENSEN","DALE WATSON","MARCIA CONOVER-HARRIS","XIMENA M. BISHOP","AMANDA MILLER"
"SP1509","CRAIG CONOVER","MICHAEL SNELSON","CRAIG JENSEN","DALE WATSON","MARCIA CONOVER-HARRIS","XIMENA M. BISHOP","AMANDA MILLER"
"SP1510","MICHAEL SNELSON","CRAIG JENSEN","CRAIG CONOVER","MARCIA CONOVER-HARRIS","XIMENA M. BISHOP","AMANDA MILLER","DALE WATSON"
"SP1511","AMANDA MILLER","XIMENA M. BISHOP","CRAIG CONOVER","CRAIG JENSEN","MARCIA CONOVER-HARRIS","MICHAEL SNELSON","DALE WATSON"
"SP1512","MICHAEL SNELSON","CRAIG JENSEN","CRAIG CONOVER","MARCIA CONOVER-HARRIS","XIMENA M. BISHOP","AMANDA MILLER","DALE WATSON"
"SP1513","CRAIG CONOVER","XIMENA M. BISHOP","MICHAEL SNELSON","AMANDA MILLER","CRAIG JENSEN","DALE WATSON","MARCIA CONOVER-HARRIS"
"SP1514","MICHAEL SNELSON","skipped","skipped","skipped","skipped","skipped","skipped"
"SP1515","CRAIG CONOVER","MICHAEL SNELSON","CRAIG JENSEN","MARCIA CONOVER-HARRIS","XIMENA M. BISHOP","AMANDA MILLER","DALE WATSON"
"SP1516","MICHAEL SNELSON","XIMENA M. BISHOP","CRAIG CONOVER","MARCIA CONOVER-HARRIS","DALE WATSON","AMANDA MILLER","CRAIG JENSEN"
"SP1517","MICHAEL SNELSON","skipped","skipped","skipped","skipped","skipped","skipped"
"SP1518","CRAIG CONOVER","MICHAEL SNELSON","MARCIA CONOVER-HARRIS","CRAIG JENSEN","AMANDA MILLER","XIMENA M. BISHOP","DALE WATSON"
"SP1519","MICHAEL SNELSON","AMANDA MILLER","CRAIG JENSEN","CRAIG CONOVER","MARCIA CONOVER-HARRIS","XIMENA M. BISHOP","DALE WATSON"
"SP1520","CRAIG JENSEN","CRAIG CONOVER","MARCIA CONOVER-HARRIS","MICHAEL SNELSON","DALE WATSON","XIMENA M. BISHOP","AMANDA MILLER"
"SP1521","CRAIG CONOVER","MARCIA CONOVER-HARRIS","AMANDA MILLER","CRAIG JENSEN","MICHAEL SNELSON","XIMENA M. BISHOP","DALE WATSON"
"SP1522","MARCIA CONOVER-HARRIS","XIMENA M. BISHOP","CRAIG CONOVER","MICHAEL SNELSON","CRAIG JENSEN","AMANDA MILLER","DALE WATSON"
"SP1523","AMANDA MILLER","DALE WATSON","CRAIG JENSEN","skipped","skipped","skipped","skipped"
"SP1524","DALE WATSON","MICHAEL SNELSON","AMANDA MILLER","XIMENA M. BISHOP","MARCIA CONOVER-HARRIS","CRAIG CONOVER","CRAIG JENSEN"
"SP1525","CRAIG CONOVER","CRAIG JENSEN","MICHAEL SNELSON","DALE WATSON","XIMENA M. BISHOP","MARCIA CONOVER-HARRIS","AMANDA MILLER"
"SP1526","CRAIG JENSEN","MICHAEL SNELSON","skipped","skipped","skipped","skipped","skipped"
"SP1527","MARCIA CONOVER-HARRIS","CRAIG CONOVER","XIMENA M. BISHOP","AMANDA MILLER","MICHAEL SNELSON","DALE WATSON","CRAIG JENSEN"
"SP1528","CRAIG JENSEN","XIMENA M. BISHOP","CRAIG CONOVER","MARCIA CONOVER-HARRIS","AMANDA MILLER","MICHAEL SNELSON","DALE WATSON"
"SP1529","CRAIG CONOVER","MARCIA CONOVER-HARRIS","skipped","skipped","skipped","skipped","skipped"
"SP1530","AMANDA MILLER","CRAIG JENSEN","MICHAEL SNELSON","XIMENA M. BISHOP","MICHAEL SNELSON","CRAIG CONOVER","MARCIA CONOVER-HARRIS"
"SP1531","MICHAEL SNELSON","CRAIG JENSEN","CRAIG CONOVER","MARCIA CONOVER-HARRIS","AMANDA MILLER","XIMENA M. BISHOP","DALE WATSON"
"SP1532","CRAIG CONOVER","MARCIA CONOVER-HARRIS","CRAIG JENSEN","MICHAEL SNELSON","DALE WATSON","AMANDA MILLER","XIMENA M. BISHOP"
"SP1533","XIMENA M. BISHOP","overvote","CRAIG JENSEN","CRAIG CONOVER","MARCIA CONOVER-HARRIS","skipped","AMANDA MILLER"
"SP1534","skipped","skipped","skipped","skipped","skipped","skipped","skipped"
"SP1535","MICHAEL SNELSON","DALE WATSON","MARCIA CONOVER-HARRIS","XIMENA M. BISHOP","CRAIG JENSEN","CRAIG CONOVER","skipped"
"SP1536","DALE WATSON","XIMENA M. BISHOP","MICHAEL SNELSON","CRAIG JENSEN","CRAIG CONOVER","MARCIA CONOVER-HARRIS","AMANDA MILLER"
"SP1537","CRAIG CONOVER","MARCIA CONOVER-HARRIS","skipped","skipped","skipped","skipped","skipped"
"SP1538","DALE WATSON","MICHAEL SNELSON","CRAIG JENSEN","XIMENA M. BISHOP","CRAIG CONOVER","MARCIA CONOVER-HARRIS","AMANDA MILLER"
"SP1539","AMANDA MILLER","XIMENA M. BISHOP","DALE WATSON","MARCIA CONOVER-HARRIS","CRAIG CONOVER","CRAIG JENSEN","MICHAEL SNELSON"
"SP1540","CRAIG CONOVER","DALE WATSON","XIMENA M. BISHOP","MARCIA CONOVER-HARRIS","AMANDA MILLER","CRAIG JENSEN","MICHAEL SNELSON"
"SP1541","MICHAEL SNELSON","CRAIG JENSEN","AMANDA MILLER","DALE WATSON","XIMENA M. BISHOP","MARCIA CONOVER-HARRIS","CRAIG CONOVER"
"SP1542","CRAIG JENSEN","CRAIG CONOVER","MICHAEL SNELSON","MARCIA CONOVER-HARRIS","XIMENA M. BISHOP","DALE WATSON","AMANDA MILLER"
"SP1543","CRAIG CONOVER","XIMENA M. BISHOP","MICHAEL SNELSON","CRAIG JENSEN","AMANDA MILLER","skipped","skipped"
"SP1544","MICHAEL SNELSON","MARCIA CONOVER-HARRIS","CRAIG CONOVER","CRAIG JENSEN","XIMENA M. BISHOP","DALE WATSON","AMANDA MILLER"
"SP1545","MARCIA CONOVER-HARRIS","AMANDA MILLER","CRAIG JENSEN","DALE WATSON","XIMENA M. BISHOP","MICHAEL SNELSON","CRAIG CONOVER"
"SP1546","DALE WATSON","AMANDA MILLER","XIMENA M. BISHOP","MARCIA CONOVER-HARRIS","CRAIG JENSEN","CRAIG CONOVER","MICHAEL SNELSON"
"SP1547","CRAIG CONOVER","CRAIG JENSEN","MARCIA CONOVER-HARRIS","AMANDA MILLER","MICHAEL SNELSON","XIMENA M. BISHOP","DALE WATSON"
"SP1548","MICHAEL SNELSON","CRAIG JENSEN","XIMENA M. BISHOP","DALE WATSON","AMANDA MILLER","CRAIG CONOVER","MARCIA CONOVER-HARRIS"
"SP1549","MICHAEL SNELSON","CRAIG JENSEN","CRAIG CONOVER","MARCIA CONOVER-HARRIS","XIMENA M. BISHOP","DALE WATSON","AMANDA MILLER"
"SP1550","CRAIG JENSEN","MICHAEL SNELSON","CRAIG CONOVER","skipped","skipped","skipped","skipped"
"SP1551","CRAIG CONOVER","XIMENA M. BISHOP","CRAIG JENSEN","AMANDA MILLER","CRAIG CONOVER","MARCIA CONOVER-HARRIS","MICHAEL SNELSON"
"SP1552","MICHAEL SNELSON","CRAIG CONOVER","CRAIG JENSEN","MARCIA CONOVER-HARRIS","DALE WATSON","AMANDA MILLER","XIMENA M. BISHOP"
"SP1553","XIMENA M. BISHOP","CRAIG CONOVER","MICHAEL SNELSON","MARCIA CONOVER-HARRIS","CRAIG JENSEN","AMANDA MILLER","DALE WATSON"
"SP1554","CRAIG CONOVER","XIMENA M. BISHOP","CRAIG JENSEN","DALE WATSON","MARCIA CONOVER-HARRIS","MICHAEL SNELSON","AMANDA MILLER"
"SP1555","MARCIA CONOVER-HARRIS","DALE WATSON","CRAIG CONOVER","CRAIG JENSEN","AMANDA MILLER","MICHAEL SNELSON","skipped"
"SP1556","MARCIA CONOVER-HARRIS","CRAIG CONOVER","XIMENA M. BISHOP","DALE WATSON","MICHAEL SNELSON","CRAIG JENSEN","AMANDA MILLER"
"SP1557","AMANDA MILLER","skipped","skipped","skipped","skipped","skipped","skipped"
"SP1558","MICHAEL SNELSON","CRAIG JENSEN","CRAIG CONOVER","skipped","skipped","skipped","skipped"
"SP1559","MICHAEL SNELSON","CRAIG JENSEN","CRAIG CONOVER","MARCIA CONOVER-HARRIS","AMANDA MILLER","DALE WATSON","XIMENA M. BISHOP"
"SP1560","CRAIG JENSEN","MICHAEL SNELSON","MARCIA CONOVER-HARRIS","XIMENA M. BISHOP","AMANDA MILLER","CRAIG CONOVER","DALE WATSON"
"SP1561","MARCIA CONOVER-HARRIS","XIMENA M. BISHOP","CRAIG CONOVER","DALE WATSON","MICHAEL SNELSON","CRAIG JENSEN","AMANDA MILLER"
"SP1562","XIMENA M. BISHOP","CRAIG CONOVER","MARCIA CONOVER-HARRIS","CRAIG JENSEN","MICHAEL SNELSON","AMANDA MILLER","DALE WATSON"
"SP1563","MARCIA CONOVER-HARRIS","XIMENA M. BISHOP","CRAIG CONOVER","MICHAEL SNELSON","CRAIG JENSEN","DALE WATSON","AMANDA MILLER"
"SP1564","MICHAEL SNELSON","CRAIG CONOVER","MARCIA CONOVER-HARRIS","AMANDA MILLER","XIMENA M. BISHOP","CRAIG JENSEN","DALE WATSON"
"SP1565","CRAIG JENSEN","MARCIA CONOVER-HARRIS","DALE WATSON","MICHAEL SNELSON","XIMENA M. BISHOP","AMANDA MILLER","CRAIG CONOVER"
"SP1566","MARCIA CONOVER-HARRIS","CRAIG CONOVER","MICHAEL SNELSON","AMANDA MILLER","XIMENA M. BISHOP","CRAIG JENSEN","DALE WATSON"
"SP1567","XIMENA M. BISHOP","MARCIA CONOVER-HARRIS","CRAIG CONOVER","MICHAEL SNELSON","CRAIG JENSEN","AMANDA MILLER","DALE WATSON"
"SP1568","DALE WATSON","AMANDA MILLER","CRAIG JENSEN","CRAIG CONOVER","MARCIA CONOVER-HARRIS","XIMENA M. BISHOP","MICHAEL SNELSON"
"SP1569","MICHAEL SNELSON","CRAIG CONOVER","XIMENA M. BISHOP","MARCIA CONOVER-HARRIS","CRAIG JENSEN","skipped","skipped"
"SP1570","DALE WATSON","CRAIG JENSEN","AMANDA MILLER","CRAIG CONOVER","MICHAEL SNELSON","MARCIA CONOVER-HARRIS","XIMENA M. BISHOP"
"SP1571","MICHAEL SNELSON","CRAIG CONOVER","skipped","skipped","skipped","skipped","skipped"
"SP1572","DALE WATSON","AMANDA MILLER","CRAIG CONOVER","CRAIG JENSEN","MICHAEL SNELSON","XIMENA M. BISHOP","MARCIA CONOVER-HARRIS"
"SP1573","MICHAEL SNELSON","CRAIG CONOVER","skipped","skipped","skipped","skipped","skipped"
"SP1574","XIMENA M. BISHOP","CRAIG JENSEN","CRAIG CONOVER","MICHAEL SNELSON","MARCIA CONOVER-HARRIS","AMANDA MILLER","DALE WATSON"
"SP1575","MARCIA CONOVER-HARRIS","AMANDA MILLER","XIMENA M. BISHOP","CRAIG CONOVER","CRAIG JENSEN","DALE WATSON","MICHAEL SNELSON"
"SP1576","skipped","skipped","skipped","skipped","skipped","skipped","skipped"
"SP1577","CRAIG JENSEN","XIMENA M. BISHOP","CRAIG CONOVER","MARCIA CONOVER-HARRIS","AMANDA MILLER","DALE WATSON","MICHAEL SNELSON"
"SP1578","MICHAEL SNELSON","DALE WATSON","XIMENA M. BISHOP","CRAIG CONOVER","AMANDA MILLER","MARCIA CONOVER-HARRIS","CRAIG JENSEN"
"SP1579","CRAIG JENSEN","AMANDA MILLER","XIMENA M. BISHOP","MARCIA CONOVER-HARRIS","CRAIG CONOVER","DALE WATSON","MICHAEL SNELSON"
"SP1580","MICHAEL SNELSON","skipped","skipped","skipped","skipped","skipped","skipped"
"SP1581","MARCIA CONOVER-HARRIS","XIMENA M. BISHOP","MICHAEL SNELSON","CRAIG CONOVER","AMANDA MILLER","CRAIG JENSEN","DALE WATSON"
"SP1582","MICHAEL SNELSON","CRAIG JENSEN","CRAIG CONOVER","DALE WATSON","skipped","skipped","skipped"
"SP1583","MICHAEL SNELSON","CRAIG CONOVER","XIMENA M. BISHOP","CRAIG JENSEN","DALE WATSON","AMANDA MILLER","MARCIA CONOVER-HARRIS"
"SP1584","CRAIG CONOVER","MARCIA CONOVER-HARRIS","MICHAEL SNELSON","CRAIG JENSEN","XIMENA M. BISHOP","DALE WATSON","AMANDA MILLER"
"SP1585","MARCIA CONOVER-HARRIS","CRAIG JENSEN","CRAIG CONOVER","MICHAEL SNELSON","XIMENA M. BISHOP","DALE WATSON","AMANDA MILLER"
"SP1586","XIMENA M. BISHOP","CRAIG JENSEN","MARCIA CONOVER-HARRIS","DALE WATSON","MICHAEL SNELSON","CRAIG CONOVER","AMANDA MILLER"
"SP1587","CRAIG CONOVER","MICHAEL SNELSON","CRAIG JENSEN","MARCIA CONOVER-HARRIS","XIMENA M. BISHOP","DALE WATSON","AMANDA MILLER"
"SP1588","XIMENA M. BISHOP","MARCIA CONOVER-HARRIS","MICHAEL SNELSON","DALE WATSON","AMANDA MILLER","CRAIG JENSEN","CRAIG CONOVER"
"SP1589","AMANDA MILLER","MARCIA CONOVER-HARRIS","XIMENA M. BISHOP","skipped","skipped","skipped","skipped"
"SP1590","AMANDA MILLER","skipped","skipped","skipped","skipped","skipped","skipped"
"SP1591","MICHAEL SNELSON","CRAIG JENSEN","CRAIG CONOVER","XIMENA M. BISHOP","MARCIA CONOVER-HARRIS","DALE WATSON","AMANDA MILLER"
"SP1592","AMANDA MILLER","skipped","skipped","skipped","skipped","skipped","skipped"
"SP1593","MICHAEL SNELSON","CRAIG JENSEN","skipped","skipped","skipped","skipped","skipped"
"SP1594","MARCIA CONOVER-HARRIS","CRAIG CONOVER","XIMENA M. BISHOP","DALE WATSON","CRAIG JENSEN","AMANDA MILLER","DALE WATSON"
"SP1595","CRAIG JENSEN","XIMENA M. BISHOP","CRAIG CONOVER","DALE WATSON","MICHAEL SNELSON","MARCIA CONOVER-HARRIS","AMANDA MILLER"
"SP1596","MICHAEL SNELSON","CRAIG JENSEN","skipped","skipped","skipped","skipped","skipped"
"SP1597","CRAIG CONOVER","XIMENA M. BISHOP","MICHAEL SNELSON","CRAIG JENSEN","MARCIA CONOVER-HARRIS","AMANDA MILLER","DALE WATSON"
"SP1598","MARCIA CONOVER-HARRIS","XIMENA M. BISHOP","MICHAEL SNELSON","CRAIG JENSEN","CRAIG CONOVER","AMANDA MILLER","DALE WATSON"
"SP1599","MICHAEL SNELSON","MARCIA CONOVER-HARRIS","CRAIG CONOVER","CRAIG JENSEN","XIMENA M. BISHOP","DALE WATSON","AMANDA MILLER"
"SP1600","MARCIA CONOVER-HARRIS","AMANDA MILLER","XIMENA M. BISHOP","CRAIG CONOVER","MICHAEL SNELSON","CRAIG JENSEN","DALE WATSON"
"SP1601","MARCIA CONOVER-HARRIS","DALE WATSON","XIMENA M. BISHOP","MICHAEL SNELSON","AMANDA MILLER","CRAIG JENSEN","CRAIG CONOVER"
"SP1602","MARCIA CONOVER-HARRIS","CRAIG CONOVER","AMANDA MILLER","MICHAEL SNELSON","XIMENA M. BISHOP","DALE WATSON","CRAIG JENSEN"
"SP1603","MARCIA CONOVER-HARRIS","XIMENA M. BISHOP","MICHAEL SNELSON","CRAIG CONOVER","DALE WATSON","AMANDA MILLER","CRAIG JENSEN"
"SP1604","AMANDA MILLER","CRAIG CONOVER","MICHAEL SNELSON","XIMENA M. BISHOP","MARCIA CONOVER-HARRIS","DALE WATSON","CRAIG JENSEN"
"SP1605","CRAIG CONOVER","MARCIA CONOVER-HARRIS","AMANDA MILLER","DALE WATSON","MICHAEL SNELSON","CRAIG JENSEN","XIMENA M. BISHOP"
"SP1606","XIMENA M. BISHOP","MICHAEL SNELSON","CRAIG CONOVER","CRAIG JENSEN","DALE WATSON","skipped","skipped"
"SP1607","AMANDA MILLER","skipped","skipped","skipped","skipped","skipped","skipped"
"SP1608","CRAIG CONOVER","MICHAEL SNELSON","DALE WATSON","CRAIG JENSEN","MARCIA CONOVER-HARRIS","AMANDA MILLER","XIMENA M. BISHOP"
"SP1609","MARCIA CONOVER-HARRIS","XIMENA M. BISHOP","CRAIG CONOVER","MICHAEL SNELSON","CRAIG JENSEN","skipped","skipped"
"SP1610","MICHAEL SNELSON","XIMENA M. BISHOP","CRAIG JENSEN","MARCIA CONOVER-HARRIS","CRAIG CONOVER","AMANDA MILLER","DALE WATSON"
"SP1611","CRAIG CONOVER","MICHAEL SNELSON","CRAIG JENSEN","MARCIA CONOVER-HARRIS","DALE WATSON","AMANDA MILLER","XIMENA M. BISHOP"
"SP1612","XIMENA M. BISHOP","CRAIG CONOVER","CRAIG JENSEN","MICHAEL SNELSON","AMANDA MILLER","MARCIA CONOVER-HARRIS","DALE WATSON"
"SP1613","MARCIA CONOVER-HARRIS","CRAIG CONOVER","CRAIG JENSEN","MICHAEL SNELSON","DALE WATSON","AMANDA MILLER","XIMENA M. BISHOP"
"SP1614","XIMENA M. BISHOP","CRAIG JENSEN","MICHAEL SNELSON","AMANDA MILLER","DALE WATSON","CRAIG CONOVER","MARCIA CONOVER-HARRIS"
"SP1615","XIMENA M. BISHOP","CRAIG JENSEN","MICHAEL SNELSON","AMANDA MILLER","DALE WATSON","CRAIG CONOVER","MARCIA CONOVER-HARRIS"
"SP1616","CRAIG JENSEN","CRAIG CONOVER","MICHAEL SNELSON","DALE WATSON","XIMENA M. BISHOP","skipped","skipped"
"SP1617","MARCIA CONOVER-HARRIS","CRAIG CONOVER","AMANDA MILLER","XIMENA M. BISHOP","DALE WATSON","CRAIG JENSEN","MICHAEL SNELSON"
"SP1618","XIMENA M. BISHOP","MARCIA CONOVER-HARRIS","AMANDA MILLER","DALE WATSON","MICHAEL SNELSON","CRAIG CONOVER","CRAIG JENSEN"
"SP1619","CRAIG JENSEN","CRAIG CONOVER","MICHAEL SNELSON","DALE WATSON","XIMENA M. BISHOP","skipped","skipped"
"SP1620","MARCIA CONOVER-HARRIS","CRAIG CONOVER","AMANDA MILLER","XIMENA M. BISHOP","DALE WATSON","CRAIG JENSEN","MICHAEL SNELSON"
"SP1621","MARCIA CONOVER-HARRIS","XIMENA M. BISHOP","DALE WATSON","AMANDA MILLER","CRAIG JENSEN","MICHAEL SNELSON","CRAIG CONOVER"
"SP1622","MICHAEL SNELSON","DALE WATSON","CRAIG CONOVER","CRAIG JENSEN","XIMENA M. BISHOP","AMANDA MILLER","MARCIA CONOVER-HARRIS"
"SP1623","DALE WATSON","CRAIG CONOVER","MICHAEL SNELSON","skipped","skipped","skipped","skipped"
"SP1624","XIMENA M. BISHOP","CRAIG CONOVER","MICHAEL SNELSON","CRAIG JENSEN","skipped","skipped","skipped"
"SP1625","CRAIG CONOVER","skipped","skipped","skipped","skipped","skipped","skipped"
"SP1626","MICHAEL SNELSON","CRAIG JENSEN","AMANDA MILLER","XIMENA M. BISHOP","DALE WATSON","CRAIG CONOVER","MARCIA CONOVER-HARRIS"
"SP1627","AMANDA MILLER","CRAIG CONOVER","MARCIA CONOVER-HARRIS","DALE WATSON","CRAIG JENSEN","MICHAEL SNELSON","XIMENA M. BISHOP"
"SP1628","MICHAEL SNELSON","DALE WATSON","CRAIG CONOVER","XIMENA M. BISHOP","CRAIG JENSEN","MARCIA CONOVER-HARRIS","AMANDA MILLER"
"SP1629","CRAIG CONOVER","XIMENA M. BISHOP","CRAIG JENSEN","DALE WATSON","MARCIA CONOVER-HARRIS","MICHAEL SNELSON","AMANDA MILLER"
"SP1630","MARCIA CONOVER-HARRIS","XIMENA M. BISHOP","CRAIG CONOVER","CRAIG JENSEN","skipped","skipped","skipped"
"SP1631","MARCIA CONOVER-HARRIS","XIMENA M. BISHOP","MICHAEL SNELSON","CRAIG CONOVER","CRAIG JENSEN","DALE WATSON","AMANDA MILLER"
"SP1632","MICHAEL SNELSON","XIMENA M. BISHOP","MARCIA CONOVER-HARRIS","AMANDA MILLER","CRAIG JENSEN","CRAIG CONOVER","DALE WATSON"
"SP1633","AMANDA MILLER","MICHAEL SNELSON","XIMENA M. BISHOP","DALE WATSON","CRAIG JENSEN","CRAIG CONOVER","MARCIA CONOVER-HARRIS"
"SP1634","MARCIA CONOVER-HARRIS","CRAIG JENSEN","skipped","skipped","skipped","skipped","skipped"
"SP1635","XIMENA M. BISHOP","CRAIG JENSEN","MARCIA CONOVER-HARRIS","CRAIG CONOVER","MICHAEL SNELSON","AMANDA MILLER","DALE WATSON"
"SP1636","CRAIG JENSEN","CRAIG CONOVER","MICHAEL SNELSON","skipped","skipped","skipped","skipped"
"SP1637","XIMENA M. BISHOP","MARCIA CONOVER-HARRIS","DALE WATSON","CRAIG CONOVER","MICHAEL SNELSON","CRAIG JENSEN","AMANDA MILLER"
"SP1638","MICHAEL SNELSON","XIMENA M. BISHOP","MARCIA CONOVER-HARRIS","AMANDA MILLER","CRAIG CONOVER","DALE WATSON","CRAIG JENSEN"
"SP1639","MICHAEL SNELSON","CRAIG CONOVER","MARCIA CONOVER-HARRIS","CRAIG JENSEN","AMANDA MILLER","DALE WATSON","XIMENA M. BISHOP"
"SP1640","CRAIG JENSEN","CRAIG CONOVER","MICHAEL SNELSON","MARCIA CONOVER-HARRIS","DALE WATSON","skipped","skipped"
"SP1641","XIMENA M. BISHOP","CRAIG JENSEN","MICHAEL SNELSON","MARCIA CONOVER-HARRIS","CRAIG CONOVER","DALE WATSON","AMANDA MILLER"
"SP1642","CRAIG CONOVER","CRAIG JENSEN","MARCIA CONOVER-HARRIS","MICHAEL SNELSON","AMANDA MILLER","XIMENA M. BISHOP","DALE WATSON"
"SP1643","MICHAEL SNELSON","DALE WATSON","AMANDA MILLER","MARCIA CONOVER-HARRIS","CRAIG JENSEN","CRAIG CONOVER","XIMENA M. BISHOP"
"SP1644","DALE WATSON","MICHAEL SNELSON","CRAIG CONOVER","AMANDA MILLER","CRAIG JENSEN","MARCIA CONOVER-HARRIS","XIMENA M. BISHOP"
"SP1645","skipped","skipped","skipped","skipped","skipped","skipped","skipped"
"SP1646","MARCIA CONOVER-HARRIS","XIMENA M. BISHOP","CRAIG CONOVER","MICHAEL SNELSON","CRAIG JENSEN","skipped","skipped"
"SP1647","DALE WATSON","MARCIA CONOVER-HARRIS","MICHAEL SNELSON","CRAIG JENSEN","XIMENA M. BISHOP","CRAIG CONOVER","AMANDA MILLER"
"SP1648","CRAIG JENSEN","DALE WATSON","XIMENA M. BISHOP","AMANDA MILLER","CRAIG CONOVER","MICHAEL SNELSON","MARCIA CONOVER-HARRIS"
"SP1649","DALE WATSON","CRAIG JENSEN","MICHAEL SNELSON","AMANDA MILLER","XIMENA M. BISHOP","CRAIG CONOVER","MARCIA CONOVER-HARRIS"
"SP1650","DALE WATSON","MICHAEL SNELSON","CRAIG JENSEN","CRAIG CONOVER","MARCIA CONOVER-HARRIS","AMANDA MILLER","XIMENA M. BISHOP"
"SP1651","MICHAEL SNELSON","CRAIG JENSEN","CRAIG CONOVER","XIMENA M. BISHOP","MARCIA CONOVER-HARRIS","DALE WATSON","AMANDA MILLER"
"SP1652","XIMENA M. BISHOP","MICHAEL SNELSON","CRAIG CONOVER","MARCIA CONOVER-HARRIS","skipped","skipped","skipped"
"SP1653","AMANDA MILLER","DALE WATSON","XIMENA M. BISHOP","skipped","skipped","skipped","skipped"
"SP1654","XIMENA M. BISHOP","CRAIG CONOVER","MICHAEL SNELSON","CRAIG JENSEN","DALE WATSON","MARCIA CONOVER-HARRIS","AMANDA MILLER"
"SP1655","CRAIG CONOVER","XIMENA M. BISHOP","DALE WATSON","MARCIA CONOVER-HARRIS","MICHAEL SNELSON","CRAIG JENSEN","AMANDA MILLER"
"SP1656","CRAIG CONOVER","MARCIA CONOVER-HARRIS","CRAIG JENSEN","MICHAEL SNELSON","AMANDA MILLER","XIMENA M. BISHOP","DALE WATSON"
"SP1657","AMANDA MILLER","XIMENA M. BISHOP","CRAIG JENSEN","MICHAEL SNELSON","CRAIG CONOVER","MARCIA CONOVER-HARRIS","DALE WATSON"
"SP1658","XIMENA M. BISHOP","CRAIG CONOVER","MARCIA CONOVER-HARRIS","MICHAEL SNELSON","CRAIG JENSEN","DALE WATSON","AMANDA MILLER"
"SP1659","DALE WATSON","CRAIG CONOVER","CRAIG JENSEN","MARCIA CONOVER-HARRIS","XIMENA M. BISHOP","MICHAEL SNELSON","AMANDA MILLER"
"SP1660","MICHAEL SNELSON","CRAIG JENSEN","AMANDA MILLER","MARCIA CONOVER-HARRIS","CRAIG CONOVER","XIMENA M. BISHOP","DALE WATSON"
"SP1661","CRAIG CONOVER","skipped","skipped","skipped","skipped","skipped","skipped"
"SP1662","CRAIG CONOVER","MICHAEL SNELSON","XIMENA M. BISHOP","DALE WATSON","CRAIG JENSEN","AMANDA MILLER","MARCIA CONOVER-HARRIS"
"SP1663","AMANDA MILLER","CRAIG CONOVER","DALE WATSON","skipped","skipped","skipped","skipped"
"SP1664","MICHAEL SNELSON","CRAIG CONOVER","skipped","skipped","skipped","skipped","skipped"
"SP1665","AMANDA MILLER","CRAIG CONOVER","DALE WATSON","skipped","skipped","skipped","skipped"
"SP1666","CRAIG JENSEN","AMANDA MILLER","MARCIA CONOVER-HARRIS","MICHAEL SNELSON","CRAIG CONOVER","XIMENA M. BISHOP","DALE WATSON"
"SP1667","MARCIA CONOVER-HARRIS","XIMENA M. BISHOP","CRAIG JENSEN","DALE WATSON","MICHAEL SNELSON","CRAIG CONOVER","AMANDA MILLER"
"SP1668","CRAIG CONOVER","skipped","skipped","skipped","skipped","skipped","skipped"
"SP1669","XIMENA M. BISHOP","MICHAEL SNELSON","MARCIA CONOVER-HARRIS","CRAIG JENSEN","AMANDA MILLER","CRAIG CONOVER","DALE WATSON"
"SP1670","MICHAEL SNELSON","CRAIG JENSEN","MARCIA CONOVER-HARRIS","XIMENA M. BISHOP","CRAIG CONOVER","AMANDA MILLER","DALE WATSON"
"SP1671","XIMENA M. BISHOP","AMANDA MILLER","MICHAEL SNELSON","CRAIG JENSEN","DALE WATSON","CRAIG CONOVER","MARCIA CONOVER-HARRIS"
"SP1672","MICHAEL SNELSON","DALE WATSON","CRAIG JENSEN","CRAIG CONOVER","XIMENA M. BISHOP","AMANDA MILLER","MARCIA CONOVER-HARRIS"
"SP1673","CRAIG JENSEN","MICHAEL SNELSON","XIMENA M. BISHOP","skipped","skipped","skipped","skipped"
"SP1674","MICHAEL SNELSON","CRAIG JENSEN","XIMENA M. BISHOP","MARCIA CONOVER-HARRIS","DALE WATSON","CRAIG CONOVER","AMANDA MILLER"
"SP1675","MARCIA CONOVER-HARRIS","CRAIG CONOVER","XIMENA M. BISHOP","MICHAEL SNELSON","CRAIG JENSEN","AMANDA MILLER","DALE WATSON"
"SP1676","XIMENA M. BISHOP","CRAIG CONOVER","MARCIA CONOVER-HARRIS","skipped","skipped","skipped","skipped"
"SP1677","DALE WATSON","MICHAEL SNELSON","MARCIA CONOVER-HARRIS","XIMENA M. BISHOP","CRAIG CONOVER","CRAIG JENSEN","AMANDA MILLER"
"SP1678","MICHAEL SNELSON","XIMENA M. BISHOP","DALE WATSON","CRAIG JENSEN","CRAIG CONOVER","MARCIA CONOVER-HARRIS","AMANDA MILLER"
"SP1679","CRAIG CONOVER","MICHAEL SNELSON","XIMENA M. BISHOP","DALE WATSON","CRAIG JENSEN","AMANDA MILLER","MARCIA CONOVER-HARRIS"
"SP1680","DALE WATSON","MICHAEL SNELSON","MARCIA CONOVER-HARRIS","XIMENA M. BISHOP","CRAIG CONOVER","CRAIG JENSEN","AMANDA MILLER"
"SP1681","MARCIA CONOVER-HARRIS","DALE WATSON","CRAIG CONOVER","CRAIG JENSEN","AMANDA MILLER","MICHAEL SNELSON","XIMENA M. BISHOP"
"SP1682","MICHAEL SNELSON","CRAIG JENSEN","MARCIA CONOVER-HARRIS","XIMENA M. BISHOP","CRAIG CONOVER","DALE WATSON","skipped"
"SP1683","XIMENA M. BISHOP","DALE WATSON","skipped","skipped","skipped","skipped","skipped"
"SP1684","XIMENA M. BISHOP","MICHAEL SNELSON","MARCIA CONOVER-HARRIS","AMANDA MILLER","CRAIG JENSEN","DALE WATSON","CRAIG CONOVER"
"SP1685","DALE WATSON","MICHAEL SNELSON","CRAIG JENSEN","MARCIA CONOVER-HARRIS","CRAIG CONOVER","XIMENA M. BISHOP","AMANDA MILLER"
"SP1686","XIMENA M. BISHOP","CRAIG CONOVER","MARCIA CONOVER-HARRIS","MICHAEL SNELSON","CRAIG JENSEN","AMANDA MILLER","DALE WATSON"
"SP1687","MICHAEL SNELSON","DALE WATSON","CRAIG CONOVER","CRAIG JENSEN","XIMENA M. BISHOP","MARCIA CONOVER-HARRIS","AMANDA MILLER"
"SP1688","CRAIG CONOVER","MICHAEL SNELSON","MARCIA CONOVER-HARRIS","skipped","skipped","skipped","skipped"
"SP1689","CRAIG CONOVER","MARCIA CONOVER-HARRIS","skipped","skipped","skipped","skipped","skipped"
"SP1690","CRAIG CONOVER","MICHAEL SNELSON","CRAIG JENSEN","AMANDA MILLER","MARCIA CONOVER-HARRIS","XIMENA M. BISHOP","DALE WATSON"
"SP1691","MARCIA CONOVER-HARRIS","AMANDA MILLER","CRAIG CONOVER","MICHAEL SNELSON","DALE WATSON","XIMENA M. BISHOP","CRAIG JENSEN"
"SP1692","MICHAEL SNELSON","DALE WATSON","CRAIG CONOVER","CRAIG JENSEN","XIMENA M. BISHOP","MARCIA CONOVER-HARRIS","AMANDA MILLER"
"SP1693","MICHAEL SNELSON","skipped","skipped","skipped","skipped","skipped","skipped"
"SP1694","AMANDA MILLER","CRAIG CONOVER","MARCIA CONOVER-HARRIS","DALE WATSON","CRAIG JENSEN","XIMENA M. BISHOP","MICHAEL SNELSON"
"SP1695","MICHAEL SNELSON","CRAIG JENSEN","CRAIG CONOVER","MARCIA CONOVER-HARRIS","DALE WATSON","XIMENA M. BISHOP","AMANDA MILLER"
"SP1696","MICHAEL SNELSON","CRAIG CONOVER","DALE WATSON","CRAIG JENSEN","skipped","skipped","skipped"
"SP1697","MICHAEL SNELSON","CRAIG JENSEN","CRAIG CONOVER","MARCIA CONOVER-HARRIS","AMANDA MILLER","DALE WATSON","XIMENA M. BISHOP"
"SP1698","CRAIG JENSEN","XIMENA M. BISHOP","DALE WATSON","MICHAEL SNELSON","CRAIG CONOVER","AMANDA MILLER","MARCIA CONOVER-HARRIS"
"SP1699","MICHAEL SNELSON","CRAIG JENSEN","DALE WATSON","XIMENA M. BISHOP","skipped","skipped","skipped"
"SP1700","MICHAEL SNELSON","CRAIG JENSEN","CRAIG CONOVER","AMANDA MILLER","DALE WATSON","XIMENA M. BISHOP","MARCIA CONOVER-HARRIS"
"SP1701","CRAIG JENSEN","MICHAEL SNELSON","CRAIG CONOVER","skipped","skipped","skipped","skipped"
"SP1702","XIMENA M. BISHOP","MICHAEL SNELSON","CRAIG JENSEN","DALE WATSON","AMANDA MILLER","CRAIG CONOVER","MARCIA CONOVER-HARRIS"
"SP1703","CRAIG CONOVER","MARCIA CONOVER-HARRIS","AMANDA MILLER","CRAIG JENSEN","MICHAEL SNELSON","XIMENA M. BISHOP","DALE WATSON"
"SP1704","AMANDA MILLER","CRAIG JENSEN","DALE WATSON","XIMENA M. BISHOP","MICHAEL SNELSON","MARCIA CONOVER-HARRIS","CRAIG CONOVER"
"SP1705","AMANDA MILLER","DALE WATSON","CRAIG JENSEN","skipped","skipped","skipped","skipped"
"SP1706","CRAIG JENSEN","DALE WATSON","XIMENA M. BISHOP","CRAIG CONOVER","MICHAEL SNELSON","MARCIA CONOVER-HARRIS","AMANDA MILLER"
"SP1707","CRAIG CONOVER","MICHAEL SNELSON","CRAIG JENSEN","MARCIA CONOVER-HARRIS","DALE WATSON","XIMENA M. BISHOP","AMANDA MILLER"
"SP1708","MICHAEL SNELSON","CRAIG JENSEN","DALE WATSON","XIMENA M. BISHOP","CRAIG CONOVER","MARCIA CONOVER-HARRIS","AMANDA MILLER"
"SP1709","XIMENA M. BISHOP","CRAIG CONOVER","MICHAEL SNELSON","CRAIG JENSEN","DALE WATSON","MARCIA CONOVER-HARRIS","AMANDA MILLER"
"SP1710","XIMENA M. BISHOP","MICHAEL SNELSON","CRAIG JENSEN","DALE WATSON","MARCIA CONOVER-HARRIS","CRAIG CONOVER","AMANDA MILLER"
"SP1711","MICHAEL SNELSON","MARCIA CONOVER-HARRIS","XIMENA M. BISHOP","skipped","skipped","skipped","skipped"
"SP1712","MARCIA CONOVER-HARRIS","CRAIG CONOVER","MICHAEL SNELSON","XIMENA M. BISHOP","DALE WATSON","AMANDA MILLER","CRAIG JENSEN"
"SP1713","MICHAEL SNELSON","CRAIG JENSEN","DALE WATSON","XIMENA M. BISHOP","skipped","skipped","skipped"
"SP1714","MARCIA CONOVER-HARRIS","XIMENA M. BISHOP","CRAIG CONOVER","CRAIG JENSEN","MICHAEL SNELSON","DALE WATSON","AMANDA MILLER"
"SP1715","MICHAEL SNELSON","CRAIG CONOVER","AMANDA MILLER","CRAIG JENSEN","MARCIA CONOVER-HARRIS","XIMENA M. BISHOP","DALE WATSON"
"SP1716","CRAIG JENSEN","MICHAEL SNELSON","AMANDA MILLER","DALE WATSON","MARCIA CONOVER-HARRIS","CRAIG CONOVER","XIMENA M. BISHOP"
"SP1717","XIMENA M. BISHOP","AMANDA MILLER","MARCIA CONOVER-HARRIS","CRAIG CONOVER","CRAIG JENSEN","MICHAEL SNELSON","DALE WATSON"
"SP1718","MICHAEL SNELSON","DALE WATSON","XIMENA M. BISHOP","AMANDA MILLER","CRAIG CONOVER","CRAIG JENSEN","MARCIA CONOVER-HARRIS"
"SP1719","AMANDA MILLER","XIMENA M. BISHOP","DALE WATSON","CRAIG JENSEN","MICHAEL SNELSON","MARCIA CONOVER-HARRIS","CRAIG CONOVER"
"SP1720","DALE WATSON","skipped","skipped","skipped","skipped","skipped","skipped"
"SP1721","MICHAEL SNELSON","DALE WATSON","CRAIG JENSEN","CRAIG CONOVER","MARCIA CONOVER-HARRIS","AMANDA MILLER","XIMENA M. BISHOP"
"SP1722","MICHAEL SNELSON","DALE WATSON","MARCIA CONOVER-HARRIS","CRAIG JENSEN","CRAIG CONOVER","skipped","skipped"
"SP1723","CRAIG CONOVER","MARCIA CONOVER-HARRIS","XIMENA M. BISHOP","CRAIG JENSEN","MICHAEL SNELSON","AMANDA MILLER","DALE WATSON"
"SP1724","CRAIG JENSEN","CRAIG CONOVER","DALE WATSON","MARCIA CONOVER-HARRIS","AMANDA MILLER","MICHAEL SNELSON","XIMENA M. BISHOP"
"SP1725","MARCIA CONOVER-HARRIS","DALE WATSON","XIMENA M. BISHOP","CRAIG CONOVER","CRAIG JENSEN","MICHAEL SNELSON","AMANDA MILLER"
"SP1726","MICHAEL SNELSON","XIMENA M. BISHOP","CRAIG JENSEN","AMANDA MILLER","DALE WATSON","CRAIG CONOVER","MARCIA CONOVER-HARRIS"
"SP1727","XIMENA M. BISHOP","MICHAEL SNELSON","DALE WATSON","CRAIG JENSEN","skipped","skipped","skipped"
"SP1728","MARCIA CONOVER-HARRIS","AMANDA MILLER","XIMENA M. BISHOP","CRAIG JENSEN","CRAIG CONOVER","DALE WATSON","MICHAEL SNELSON"
"SP1729","CRAIG JENSEN","XIMENA M. BISHOP","skipped","skipped","skipped","skipped","skipped"
"SP1730","CRAIG JENSEN","XIMENA M. BISHOP","skipped","skipped","skipped","skipped","skipped"
"SP1731","CRAIG JENSEN","XIMENA M. BISHOP","skipped","skipped","skipped","skipped","skipped"
"SP1732","XIMENA M. BISHOP","MARCIA CONOVER-HARRIS","CRAIG CONOVER","MICHAEL SNELSON","AMANDA MILLER","CRAIG JENSEN","DALE WATSON"
"SP1733","XIMENA M. BISHOP","MARCIA CONOVER-HARRIS","CRAIG CONOVER","MICHAEL SNELSON","AMANDA MILLER","CRAIG JENSEN","DALE WATSON"
"SP1734","MARCIA CONOVER-HARRIS","CRAIG CONOVER","XIMENA M. BISHOP","DALE WATSON","CRAIG JENSEN","AMANDA MILLER","MICHAEL SNELSON"
"SP1735","CRAIG JENSEN","DALE WATSON","MICHAEL SNELSON","CRAIG CONOVER","XIMENA M. BISHOP","MARCIA CONOVER-HARRIS","AMANDA MILLER"
"SP1736","CRAIG JENSEN","DALE WATSON","MICHAEL SNELSON","CRAIG CONOVER","XIMENA M. BISHOP","MARCIA CONOVER-HARRIS","AMANDA MILLER"
"SP1737","XIMENA M. BISHOP","AMANDA MILLER","CRAIG JENSEN","MICHAEL SNELSON","DALE WATSON","MARCIA CONOVER-HARRIS","CRAIG CONOVER"
"SP1738","MARCIA CONOVER-HARRIS","MARCIA CONOVER-HARRIS","CRAIG JENSEN","MICHAEL SNELSON","AMANDA MILLER","MICHAEL SNELSON","DALE WATSON"
"SP1739","CRAIG JENSEN","CRAIG CONOVER","MICHAEL SNELSON","MARCIA CONOVER-HARRIS","XIMENA M. BISHOP","AMANDA MILLER","DALE WATSON"
"SP1740","XIMENA M. BISHOP","skipped","skipped","skipped","skipped","skipped","skipped"
"SP1741","CRAIG JENSEN","MICHAEL SNELSON","DALE WATSON","XIMENA M. BISHOP","skipped","skipped","skipped"
"SP1742","MICHAEL SNELSON","CRAIG JENSEN","XIMENA M. BISHOP","AMANDA MILLER","DALE WATSON","CRAIG CONOVER","MARCIA CONOVER-HARRIS"
"SP1743","XIMENA M. BISHOP","CRAIG CONOVER","MARCIA CONOVER-HARRIS","CRAIG JENSEN","DALE WATSON","MICHAEL SNELSON","AMANDA MILLER"
"SP1744","MARCIA CONOVER-HARRIS","CRAIG CONOVER","MICHAEL SNELSON","skipped","skipped","skipped","skipped"
"SP1745","XIMENA M. BISHOP","CRAIG CONOVER","MARCIA CONOVER-HARRIS","CRAIG JENSEN","DALE WATSON","MICHAEL SNELSON","AMANDA MILLER"
"SP1746","CRAIG CONOVER","skipped","skipped","skipped","skipped","skipped","skipped"
"SP1747","MICHAEL SNELSON","CRAIG JENSEN","CRAIG CONOVER","DALE WATSON","MARCIA CONOVER-HARRIS","XIMENA M. BISHOP","AMANDA MILLER"
"SP1748","XIMENA M. BISHOP","MICHAEL SNELSON","DALE WATSON","CRAIG JENSEN","AMANDA MILLER","MARCIA CONOVER-HARRIS","CRAIG CONOVER"
"SP1749","CRAIG JENSEN","DALE WATSON","MICHAEL SNELSON","CRAIG CONOVER","MARCIA CONOVER-HARRIS","XIMENA M. BISHOP","AMANDA MILLER"
"SP1750","MICHAEL SNELSON","CRAIG JENSEN","CRAIG CONOVER","DALE WATSON","MARCIA CONOVER-HARRIS","XIMENA M. BISHOP","AMANDA MILLER"
"SP1751","MICHAEL SNELSON","XIMENA M. BISHOP","CRAIG CONOVER","CRAIG JENSEN","MARCIA CONOVER-HARRIS","DALE WATSON","AMANDA MILLER"
"SP1752","MICHAEL SNELSON","CRAIG CONOVER","XIMENA M. BISHOP","MARCIA CONOVER-HARRIS","CRAIG JENSEN","skipped","skipped"
"SP1753","AMANDA MILLER","MARCIA CONOVER-HARRIS","XIMENA M. BISHOP","DALE WATSON","CRAIG JENSEN","CRAIG CONOVER","MICHAEL SNELSON"
"SP1754","MICHAEL SNELSON","MARCIA CONOVER-HARRIS","XIMENA M. BISHOP","skipped","skipped","skipped","skipped"
"SP1755","CRAIG CONOVER","CRAIG JENSEN","DALE WATSON","MICHAEL SNELSON","MARCIA CONOVER-HARRIS","AMANDA MILLER","XIMENA M. BISHOP"
"SP1756","MICHAEL SNELSON","CRAIG CONOVER","CRAIG JENSEN","MARCIA CONOVER-HARRIS","AMANDA MILLER","XIMENA M. BISHOP","DALE WATSON"
"SP1757","CRAIG CONOVER","CRAIG JENSEN","MARCIA CONOVER-HARRIS","AMANDA MILLER","DALE WATSON","MICHAEL SNELSON","XIMENA M. BISHOP"
"SP1758","MICHAEL SNELSON","CRAIG CONOVER","AMANDA MILLER","XIMENA M. BISHOP","CRAIG JENSEN","DALE WATSON","MARCIA CONOVER-HARRIS"
"SP1759","XIMENA M. BISHOP","MICHAEL SNELSON","MARCIA CONOVER-HARRIS","AMANDA MILLER","CRAIG CONOVER","DALE WATSON","CRAIG JENSEN"
"SP1760","DALE WATSON","MICHAEL SNELSON","skipped","skipped","skipped","skipped","skipped"
"SP1761","MICHAEL SNELSON","CRAIG JENSEN","XIMENA M. BISHOP","DALE WATSON","AMANDA MILLER","MARCIA CONOVER-HARRIS","CRAIG CONOVER"
"SP1762","XIMENA M. BISHOP","CRAIG CONOVER","MARCIA CONOVER-HARRIS","CRAIG JENSEN","MICHAEL SNELSON","DALE WATSON","AMANDA MILLER"
"SP1763","CRAIG JENSEN","CRAIG JENSEN","CRAIG JENSEN","CRAIG JENSEN","CRAIG CONOVER","CRAIG CONOVER","CRAIG CONOVER"
"SP1764","MICHAEL SNELSON","CRAIG JENSEN","XIMENA M. BISHOP","MARCIA CONOVER-HARRIS","AMANDA MILLER","DALE WATSON","CRAIG CONOVER"
"SP1765","MICHAEL SNELSON","CRAIG JENSEN","CRAIG CONOVER","XIMENA M. BISHOP","MARCIA CONOVER-HARRIS","DALE WATSON","AMANDA MILLER"
"SP1766","DALE WATSON","MICHAEL SNELSON","CRAIG JENSEN","CRAIG CONOVER","skipped","skipped","skipped"
"SP1767","CRAIG CONOVER","MARCIA CONOVER-HARRIS","XIMENA M. BISHOP","MICHAEL SNELSON","DALE WATSON","CRAIG JENSEN","AMANDA MILLER"
"SP1768","CRAIG CONOVER","MARCIA CONOVER-HARRIS","MICHAEL SNELSON","CRAIG JENSEN","XIMENA M. BISHOP","DALE WATSON","AMANDA MILLER"
"SP1769","MICHAEL SNELSON","CRAIG JENSEN","AMANDA MILLER","skipped","skipped","skipped","skipped"
"SP1770","XIMENA M. BISHOP","MARCIA CONOVER-HARRIS","AMANDA MILLER","MICHAEL SNELSON","CRAIG JENSEN","CRAIG CONOVER","DALE WATSON"
"SP1771","MARCIA CONOVER-HARRIS","CRAIG CONOVER","XIMENA M. BISHOP","CRAIG JENSEN","AMANDA MILLER","MICHAEL SNELSON","DALE WATSON"
"SP1772","MICHAEL SNELSON","CRAIG JENSEN","AMANDA MILLER","skipped","skipped","skipped","skipped"
"SP1773","AMANDA MILLER","XIMENA M. BISHOP","DALE WATSON","DALE WATSON","CRAIG JENSEN","CRAIG CONOVER","MARCIA CONOVER-HARRIS"
"SP1774","MARCIA CONOVER-HARRIS","XIMENA M. BISHOP","AMANDA MILLER","CRAIG CONOVER","MICHAEL SNELSON","CRAIG JENSEN","DALE WATSON"
"SP1775","CRAIG JENSEN","MICHAEL SNELSON","XIMENA M. BISHOP","DALE WATSON","AMANDA MILLER","CRAIG CONOVER","MARCIA CONOVER-HARRIS"
"SP1776","DALE WATSON","MARCIA CONOVER-HARRIS","AMANDA MILLER","CRAIG CONOVER","MICHAEL SNELSON","CRAIG JENSEN","XIMENA M. BISHOP"
"SP1777","CRAIG JENSEN","MICHAEL SNELSON","DALE WATSON","AMANDA MILLER","XIMENA M. BISHOP","MARCIA CONOVER-HARRIS","CRAIG CONOVER"
"SP1778","MARCIA CONOVER-HARRIS","MICHAEL SNELSON","AMANDA MILLER","CRAIG CONOVER","DALE WATSON","XIMENA M. BISHOP","CRAIG JENSEN"
"SP1779","CRAIG CONOVER","skipped","skipped","skipped","skipped","skipped","skipped"
"SP1780","XIMENA M. BISHOP","CRAIG JENSEN","MICHAEL SNELSON","DALE WATSON","AMANDA MILLER","CRAIG CONOVER","MARCIA CONOVER-HARRIS"
"SP1781","AMANDA MILLER","CRAIG JENSEN","XIMENA M. BISHOP","MARCIA CONOVER-HARRIS","DALE WATSON","MICHAEL SNELSON","CRAIG CONOVER"
"SP1782","DALE WATSON","MICHAEL SNELSON","CRAIG JENSEN","CRAIG CONOVER","MARCIA CONOVER-HARRIS","AMANDA MILLER","XIMENA M. BISHOP"
"SP1783","XIMENA M. BISHOP","DALE WATSON","MARCIA CONOVER-HARRIS","CRAIG JENSEN","MICHAEL SNELSON","AMANDA MILLER","CRAIG CONOVER"
"SP1784","DALE WATSON","CRAIG JENSEN","MICHAEL SNELSON","CRAIG CONOVER","MARCIA CONOVER-HARRIS","XIMENA M. BISHOP","AMANDA MILLER"
"SP1785","CRAIG JENSEN","MICHAEL SNELSON","skipped","skipped","skipped","skipped","skipped"
"SP1786","MICHAEL SNELSON","CRAIG CONOVER","skipped","skipped","skipped","skipped","skipped"
"SP1787","XIMENA M. BISHOP","MARCIA CONOVER-HARRIS","MICHAEL SNELSON","CRAIG JENSEN","CRAIG CONOVER","DALE WATSON","AMANDA MILLER"
"SP1788","XIMENA M. BISHOP","MARCIA CONOVER-HARRIS","MICHAEL SNELSON","CRAIG JENSEN","CRAIG CONOVER","DALE WATSON","AMANDA MILLER"
"SP1789","CRAIG JENSEN","MICHAEL SNELSON","DALE WATSON","CRAIG CONOVER","skipped","skipped","skipped"
"SP1790","CRAIG JENSEN","MICHAEL SNELSON","XIMENA M. BISHOP","MARCIA CONOVER-HARRIS","CRAIG CONOVER","AMANDA MILLER","DALE WATSON"
"SP1791","XIMENA M. BISHOP","MICHAEL SNELSON","MARCIA CONOVER-HARRIS","CRAIG JENSEN","CRAIG CONOVER","DALE WATSON","AMANDA MILLER"
"SP1792","CRAIG CONOVER","MARCIA CONOVER-HARRIS","MICHAEL SNELSON","XIMENA M. BISHOP","DALE WATSON","CRAIG JENSEN","AMANDA MILLER"
"SP1793","MICHAEL SNELSON","XIMENA M. BISHOP","DALE WATSON","CRAIG CONOVER","skipped","skipped","skipped"
"SP1794","MICHAEL SNELSON","CRAIG JENSEN","MARCIA CONOVER-HARRIS","DALE WATSON","CRAIG CONOVER","AMANDA MILLER","XIMENA M. BISHOP"
"SP1795","MICHAEL SNELSON","DALE WATSON","CRAIG JENSEN","XIMENA M. BISHOP","AMANDA MILLER","MARCIA CONOVER-HARRIS","CRAIG CONOVER"
"SP1796","AMANDA MILLER","XIMENA M. BISHOP","MARCIA CONOVER-HARRIS","CRAIG CONOVER","CRAIG JENSEN","MICHAEL SNELSON","DALE WATSON"
"SP1797","CRAIG CONOVER","MICHAEL SNELSON","CRAIG JENSEN","MARCIA CONOVER-HARRIS","DALE WATSON","XIMENA M. BISHOP","AMANDA MILLER"
"SP1798","XIMENA M. BISHOP","CRAIG JENSEN","DALE WATSON","AMANDA MILLER","MICHAEL SNELSON","MARCIA CONOVER-HARRIS","CRAIG CONOVER"
"SP1799","MICHAEL SNELSON","XIMENA M. BISHOP","MARCIA CONOVER-HARRIS","CRAIG JENSEN","CRAIG CONOVER","DALE WATSON","skipped"
"SP1800","XIMENA M. BISHOP","CRAIG CONOVER","AMANDA MILLER","MARCIA CONOVER-HARRIS","DALE WATSON","MICHAEL SNELSON","CRAIG JENSEN"
"SP1801","MICHAEL SNELSON","XIMENA M. BISHOP","CRAIG JENSEN","MARCIA CONOVER-HARRIS","DALE WATSON","CRAIG CONOVER","AMANDA MILLER"
"SP1802","MICHAEL SNELSON","CRAIG JENSEN","AMANDA MILLER","DALE WATSON","XIMENA M. BISHOP","MARCIA CONOVER-HARRIS","CRAIG CONOVER"
"SP1803","CRAIG JENSEN","CRAIG CONOVER","XIMENA M. BISHOP","MICHAEL SNELSON","DALE WATSON","AMANDA MILLER","MARCIA CONOVER-HARRIS"
"SP1804","CRAIG JENSEN","CRAIG CONOVER","skipped","skipped","skipped","skipped","skipped"
"SP1805","overvote","skipped","skipped","skipped","skipped","skipped","skipped"
"SP1806","CRAIG JENSEN","XIMENA M. BISHOP","CRAIG CONOVER","MARCIA CONOVER-HARRIS","DALE WATSON","AMANDA MILLER","MICHAEL SNELSON"
"SP1807","CRAIG JENSEN","MICHAEL SNELSON","skipped","skipped","skipped","skipped","skipped"
"SP1808","XIMENA M. BISHOP","MICHAEL SNELSON","CRAIG JENSEN","CRAIG CONOVER","MARCIA CONOVER-HARRIS","skipped","skipped"
"SP1809","XIMENA M. BISHOP","AMANDA MILLER","MARCIA CONOVER-HARRIS","DALE WATSON","MICHAEL SNELSON","CRAIG JENSEN","CRAIG CONOVER"
"SP1810","MICHAEL SNELSON","XIMENA M. BISHOP","CRAIG JENSEN","CRAIG CONOVER","MARCIA CONOVER-HARRIS","DALE WATSON","AMANDA MILLER"
"SP1811","DALE WATSON","CRAIG JENSEN","MICHAEL SNELSON","XIMENA M. BISHOP","CRAIG CONOVER","MARCIA CONOVER-HARRIS","AMANDA MILLER"
"SP1812","MICHAEL SNELSON","CRAIG JENSEN","DALE WATSON","AMANDA MILLER","XIMENA M. BISHOP","skipped","overvote"
"SP1813","XIMENA M. BISHOP","MICHAEL SNELSON","MARCIA CONOVER-HARRIS","CRAIG JENSEN","CRAIG CONOVER","AMANDA MILLER","DALE WATSON"
"SP1814","DALE WATSON","AMANDA MILLER","CRAIG JENSEN","MICHAEL SNELSON","CRAIG CONOVER","MARCIA CONOVER-HARRIS","XIMENA M. BISHOP"
"SP1815","MICHAEL SNELSON","XIMENA M. BISHOP","CRAIG JENSEN","CRAIG CONOVER","MARCIA CONOVER-HARRIS","DALE WATSON","AMANDA MILLER"
"SP1816","skipped","skipped","skipped","skipped","skipped","skipped","skipped"
"SP1817","XIMENA M. BISHOP","CRAIG CONOVER","DALE WATSON","MARCIA CONOVER-HARRIS","MICHAEL SNELSON","CRAIG JENSEN","AMANDA MILLER"
"SP1818","AMANDA MILLER","XIMENA M. BISHOP","DALE WATSON","MICHAEL SNELSON","CRAIG JENSEN","MARCIA CONOVER-HARRIS","CRAIG CONOVER"
"SP1819","DALE WATSON","CRAIG CONOVER","AMANDA MILLER","MARCIA CONOVER-HARRIS","MICHAEL SNELSON","CRAIG JENSEN","XIMENA M. BISHOP"
"SP1820","CRAIG JENSEN","MICHAEL SNELSON","XIMENA M. BISHOP","DALE WATSON","AMANDA MILLER","MARCIA CONOVER-HARRIS","CRAIG CONOVER"
"SP1821","MARCIA CONOVER-HARRIS","MICHAEL SNELSON","XIMENA M. BISHOP","CRAIG JENSEN","CRAIG CONOVER","DALE WATSON","AMANDA MILLER"
"SP1822","overvote","skipped","skipped","skipped","skipped","skipped","overvote"
"SP1823","XIMENA M. BISHOP","AMANDA MILLER","MARCIA CONOVER-HARRIS","DALE WATSON","CRAIG JENSEN","CRAIG CONOVER","MICHAEL SNELSON"
"SP1824","overvote","skipped","skipped","skipped","skipped","skipped","overvote"
"SP1825","MICHAEL SNELSON","CRAIG JENSEN","DALE WATSON","XIMENA M. BISHOP","AMANDA MILLER","MARCIA CONOVER-HARRIS","CRAIG CONOVER"
"SP1826","overvote","skipped","MICHAEL SNELSON","skipped","skipped","skipped","skipped"
"SP1827","CRAIG CONOVER","XIMENA M. BISHOP","MARCIA CONOVER-HARRIS","DALE WATSON","MICHAEL SNELSON","CRAIG JENSEN","AMANDA MILLER"
"SP1828","MICHAEL SNELSON","DALE WATSON","CRAIG JENSEN","MARCIA CONOVER-HARRIS","CRAIG CONOVER","XIMENA M. BISHOP","AMANDA MILLER"
"SP1829","CRAIG JENSEN","AMANDA MILLER","skipped","skipped","skipped","skipped","skipped"
"SP1830","MICHAEL SNELSON","CRAIG JENSEN","CRAIG CONOVER","MARCIA CONOVER-HARRIS","AMANDA MILLER","DALE WATSON","XIMENA M. BISHOP"
"SP1831","CRAIG JENSEN","CRAIG CONOVER","MARCIA CONOVER-HARRIS","AMANDA MILLER","MICHAEL SNELSON","XIMENA M. BISHOP","DALE WATSON"
"SP1832","XIMENA M. BISHOP","MICHAEL SNELSON","MARCIA CONOVER-HARRIS","CRAIG CONOVER","skipped","skipped","skipped"
"SP1833","XIMENA M. BISHOP","CRAIG CONOVER","MARCIA CONOVER-HARRIS","AMANDA MILLER","MICHAEL SNELSON","DALE WATSON","CRAIG JENSEN"
"SP1834","XIMENA M. BISHOP","MICHAEL SNELSON","MARCIA CONOVER-HARRIS","CRAIG CONOVER","skipped","skipped","skipped"
"SP1835","skipped","skipped","skipped","skipped","skipped","skipped","skipped"
"SP1836","AMANDA MILLER","AMANDA MILLER","AMANDA MILLER","AMANDA MILLER","AMANDA MILLER","AMANDA MILLER","AMANDA MILLER"
"SP1837","MICHAEL SNELSON","CRAIG JENSEN","skipped","skipped","skipped","skipped","skipped"
"SP1838","XIMENA M. BISHOP","AMANDA MILLER","MARCIA CONOVER-HARRIS","CRAIG CONOVER","CRAIG JENSEN","DALE WATSON","MICHAEL SNELSON"
"SP1839","MICHAEL SNELSON","AMANDA MILLER","MARCIA CONOVER-HARRIS","CRAIG CONOVER","CRAIG JENSEN","DALE WATSON","XIMENA M. BISHOP"
"SP1840","MARCIA CONOVER-HARRIS","AMANDA MILLER","CRAIG CONOVER","DALE WATSON","XIMENA M. BISHOP","MICHAEL SNELSON","CRAIG JENSEN"
"SP1841","CRAIG JENSEN","DALE WATSON","MICHAEL SNELSON","XIMENA M. BISHOP","CRAIG CONOVER","AMANDA MILLER","MARCIA CONOVER-HARRIS"
"SP1842","MICHAEL SNELSON","CRAIG JENSEN","AMANDA MILLER","DALE WATSON","CRAIG CONOVER","MARCIA CONOVER-HARRIS","XIMENA M. BISHOP"
"SP1843","MICHAEL SNELSON","CRAIG CONOVER","MARCIA CONOVER-HARRIS","CRAIG JENSEN","AMANDA MILLER","DALE WATSON","XIMENA M. BISHOP"
"SP1844","CRAIG CONOVER","XIMENA M. BISHOP","MICHAEL SNELSON","MARCIA CONOVER-HARRIS","DALE WATSON","CRAIG JENSEN","AMANDA MILLER"
"SP1845","XIMENA M. BISHOP","MICHAEL SNELSON","skipped","skipped","skipped","skipped","skipped"
"SP1846","overvote","overvote","overvote","skipped","skipped","skipped","skipped"
"SP1847","MICHAEL SNELSON","CRAIG CONOVER","skipped","skipped","skipped","skipped","skipped"
"SP1848","MICHAEL SNELSON","CRAIG CONOVER","MARCIA CONOVER-HARRIS","CRAIG JENSEN","AMANDA MILLER","DALE WATSON","XIMENA M. BISHOP"
"SP1849","MICHAEL SNELSON","skipped","skipped","skipped","skipped","skipped","skipped"
"SP1850","MICHAEL SNELSON","CRAIG JENSEN","DALE WATSON","XIMENA M. BISHOP","AMANDA MILLER","MARCIA CONOVER-HARRIS","CRAIG CONOVER"
"SP1851","CRAIG JENSEN","MARCIA CONOVER-HARRIS","CRAIG CONOVER","AMANDA MILLER","XIMENA M. BISHOP","MICHAEL SNELSON","DALE WATSON"
"SP1852","XIMENA M. BISHOP","AMANDA MILLER","MICHAEL SNELSON","CRAIG JENSEN","MARCIA CONOVER-HARRIS","DALE WATSON","CRAIG CONOVER"
"SP1853","MICHAEL SNELSON","CRAIG JENSEN","DALE WATSON","XIMENA M. BISHOP","AMANDA MILLER","MARCIA CONOVER-HARRIS","CRAIG CONOVER"
"SP1854","MICHAEL SNELSON","CRAIG JENSEN","XIMENA M. BISHOP","DALE WATSON","AMANDA MILLER","MARCIA CONOVER-HARRIS","CRAIG CONOVER"
"SP1855","MICHAEL SNELSON","CRAIG JENSEN","CRAIG CONOVER","XIMENA M. BISHOP","AMANDA MILLER","DALE WATSON","MARCIA CONOVER-HARRIS"
"SP1856","XIMENA M. BISHOP","MICHAEL SNELSON","CRAIG JENSEN","skipped","skipped","skipped","skipped"
"SP1857","MICHAEL SNELSON","CRAIG JENSEN","XIMENA M. BISHOP","DALE WATSON","AMANDA MILLER","MARCIA CONOVER-HARRIS","CRAIG CONOVER"
"SP1858","DALE WATSON","CRAIG JENSEN","CRAIG CONOVER","MICHAEL SNELSON","XIMENA M. BISHOP","AMANDA MILLER","MARCIA CONOVER-HARRIS"
"SP1859","CRAIG JENSEN","CRAIG CONOVER","MICHAEL SNELSON","AMANDA MILLER","MARCIA CONOVER-HARRIS","DALE WATSON","XIMENA M. BISHOP"
"SP1860","XIMENA M. BISHOP","AMANDA MILLER","MARCIA CONOVER-HARRIS","CRAIG CONOVER","DALE WATSON","MICHAEL SNELSON","CRAIG JENSEN"
"SP1861","DALE WATSON","XIMENA M. BISHOP","AMANDA MILLER","MARCIA CONOVER-HARRIS","CRAIG CONOVER","CRAIG JENSEN","MICHAEL SNELSON"
"SP1862","XIMENA M. BISHOP","CRAIG CONOVER","MARCIA CONOVER-HARRIS","MICHAEL SNELSON","CRAIG JENSEN","DALE WATSON","AMANDA MILLER"
"SP1863","MARCIA CONOVER-HARRIS","CRAIG CONOVER","CRAIG JENSEN","DALE WATSON","MICHAEL SNELSON","AMANDA MILLER","XIMENA M. BISHOP"
"SP1864","CRAIG JENSEN","MICHAEL SNELSON","AMANDA MILLER","DALE WATSON","XIMENA M. BISHOP","MARCIA CONOVER-HARRIS","CRAIG CONOVER"
"SP1865","CRAIG JENSEN","XIMENA M. BISHOP","AMANDA MILLER","CRAIG CONOVER","MARCIA CONOVER-HARRIS","DALE WATSON","MICHAEL SNELSON"
"SP1866","MARCIA CONOVER-HARRIS","CRAIG CONOVER","MICHAEL SNELSON","CRAIG JENSEN","XIMENA M. BISHOP","DALE WATSON","AMANDA MILLER"
"SP1867","CRAIG CONOVER","XIMENA M. BISHOP","MICHAEL SNELSON","CRAIG JENSEN","DALE WATSON","AMANDA MILLER","MARCIA CONOVER-HARRIS"
"SP1868","MICHAEL SNELSON","CRAIG CONOVER","CRAIG JENSEN","XIMENA M. BISHOP","DALE WATSON","MARCIA CONOVER-HARRIS","AMANDA MILLER"
"SP1869","DALE WATSON","CRAIG JENSEN","XIMENA M. BISHOP","CRAIG CONOVER","MICHAEL SNELSON","AMANDA MILLER","MARCIA CONOVER-HARRIS"
"SP1870","MICHAEL SNELSON","AMANDA MILLER","DALE WATSON","MICHAEL SNELSON","MICHAEL SNELSON","DALE WATSON","AMANDA MILLER"
"SP1871","overvote","skipped","skipped","skipped","skipped","skipped","skipped"
"SP1872","MICHAEL SNELSON","XIMENA M. BISHOP","MARCIA CONOVER-HARRIS","AMANDA MILLER","CRAIG CONOVER","DALE WATSON","CRAIG JENSEN"
"SP1873","AMANDA MILLER","MARCIA CONOVER-HARRIS","CRAIG JENSEN","CRAIG CONOVER","XIMENA M. BISHOP","DALE WATSON","MICHAEL SNELSON"
"SP1874","XIMENA M. BISHOP","AMANDA MILLER","skipped","skipped","skipped","skipped","skipped"
"SP1875","CRAIG JENSEN","MICHAEL SNELSON","DALE WATSON","XIMENA M. BISHOP","AMANDA MILLER","CRAIG CONOVER","MARCIA CONOVER-HARRIS"
"SP1876","CRAIG JENSEN","MICHAEL SNELSON","XIMENA M. BISHOP","CRAIG CONOVER","DALE WATSON","AMANDA MILLER","MARCIA CONOVER-HARRIS"
"SP1877","MICHAEL SNELSON","CRAIG JENSEN","DALE WATSON","MARCIA CONOVER-HARRIS","AMANDA MILLER","XIMENA M. BISHOP","CRAIG CONOVER"
"SP1878","CRAIG JENSEN","AMANDA MILLER","MARCIA CONOVER-HARRIS","CRAIG CONOVER","MICHAEL SNELSON","XIMENA M. BISHOP","DALE WATSON"
"SP1879","CRAIG JENSEN","MICHAEL SNELSON","AMANDA MILLER","DALE WATSON","MARCIA CONOVER-HARRIS","XIMENA M. BISHOP","CRAIG CONOVER"
"SP1880","CRAIG CONOVER","CRAIG JENSEN","XIMENA M. BISHOP","MICHAEL SNELSON","DALE WATSON","MARCIA CONOVER-HARRIS","AMANDA MILLER"
"SP1881","MICHAEL SNELSON","CRAIG CONOVER","AMANDA MILLER","skipped","skipped","skipped","skipped"
"SP1882","XIMENA M. BISHOP","MICHAEL SNELSON","CRAIG JENSEN","MARCIA CONOVER-HARRIS","skipped","skipped","skipped"
"SP1883","MARCIA CONOVER-HARRIS","CRAIG CONOVER","MICHAEL SNELSON","CRAIG JENSEN","AMANDA MILLER","DALE WATSON","XIMENA M. BISHOP"
"SP1884","overvote","skipped","skipped","skipped","skipped","skipped","skipped"
"SP1885","MARCIA CONOVER-HARRIS","CRAIG CONOVER","AMANDA MILLER","XIMENA M. BISHOP","MICHAEL SNELSON","CRAIG JENSEN","DALE WATSON"
"SP1886","overvote","overvote","overvote","CRAIG CONOVER","skipped","skipped","skipped"
"SP1887","MICHAEL SNELSON","CRAIG JENSEN","CRAIG CONOVER","MARCIA CONOVER-HARRIS","DALE WATSON","XIMENA M. BISHOP","AMANDA MILLER"
"SP1888","XIMENA M. BISHOP","DALE WATSON","MICHAEL SNELSON","CRAIG CONOVER","CRAIG JENSEN","AMANDA MILLER","MARCIA CONOVER-HARRIS"
"SP1889","MICHAEL SNELSON","CRAIG JENSEN","DALE WATSON","AMANDA MILLER","XIMENA M. BISHOP","MARCIA CONOVER-HARRIS","CRAIG CONOVER"
"SP1890","MICHAEL SNELSON","CRAIG JENSEN","DALE WATSON","AMANDA MILLER","XIMENA M. BISHOP","MARCIA CONOVER-HARRIS","CRAIG CONOVER"
"SP1891","CRAIG JENSEN","MICHAEL SNELSON","MARCIA CONOVER-HARRIS","XIMENA M. BISHOP","skipped","skipped","skipped"
"SP1892","CRAIG CONOVER","MARCIA CONOVER-HARRIS","XIMENA M. BISHOP","MICHAEL SNELSON","DALE WATSON","CRAIG JENSEN","AMANDA MILLER"
"SP1893","MICHAEL SNELSON","CRAIG CONOVER","DALE WATSON","CRAIG JENSEN","MARCIA CONOVER-HARRIS","AMANDA MILLER","XIMENA M. BISHOP"
"SP1894","DALE WATSON","CRAIG CONOVER","skipped","skipped","skipped","skipped","skipped"
"SP1895","MICHAEL SNELSON","CRAIG CONOVER","MARCIA CONOVER-HARRIS","XIMENA M. BISHOP","DALE WATSON","AMANDA MILLER","CRAIG JENSEN"
"SP1896","XIMENA M. BISHOP","AMANDA MILLER","CRAIG CONOVER","CRAIG JENSEN","MICHAEL SNELSON","MARCIA CONOVER-HARRIS","DALE WATSON"
"SP1897","CRAIG JENSEN","MICHAEL SNELSON","DALE WATSON","XIMENA M. BISHOP","CRAIG CONOVER","MARCIA CONOVER-HARRIS","AMANDA MILLER"
"SP1898","AMANDA MILLER","DALE WATSON","XIMENA M. BISHOP","CRAIG JENSEN","MARCIA CONOVER-HARRIS","MICHAEL SNELSON","CRAIG CONOVER"
"SP1899","MICHAEL SNELSON","CRAIG JENSEN","AMANDA MILLER","DALE WATSON","CRAIG CONOVER","MARCIA CONOVER-HARRIS","XIMENA M. BISHOP"
"SP1900","CRAIG CONOVER","MARCIA CONOVER-HARRIS","MICHAEL SNELSON","XIMENA M. BISHOP","skipped","skipped","skipped"
"SP1901","MARCIA CONOVER-HARRIS","CRAIG CONOVER","CRAIG JENSEN","AMANDA MILLER","DALE WATSON","XIMENA M. BISHOP","MICHAEL SNELSON"
"SP1902","MICHAEL SNELSON","skipped","skipped","skipped","skipped","skipped","skipped"
"SP1903","CRAIG CONOVER","MARCIA CONOVER-HARRIS","MICHAEL SNELSON","XIMENA M. BISHOP","skipped","skipped","skipped"
"SP1904","DALE WATSON","MICHAEL SNELSON","AMANDA MILLER","XIMENA M. BISHOP","CRAIG JENSEN","MARCIA CONOVER-HARRIS","CRAIG CONOVER"
"SP1905","MARCIA CONOVER-HARRIS","XIMENA M. BISHOP","DALE WATSON","CRAIG JENSEN","MICHAEL SNELSON","CRAIG CONOVER","AMANDA MILLER"
"SP1906","XIMENA M. BISHOP","MICHAEL SNELSON","CRAIG JENSEN","AMANDA MILLER","DALE WATSON","CRAIG CONOVER","MARCIA CONOVER-HARRIS"
"SP1907","DALE WATSON","XIMENA M. BISHOP","MARCIA CONOVER-HARRIS","CRAIG CONOVER","MICHAEL SNELSON","CRAIG JENSEN","AMANDA MILLER"
"SP1908","CRAIG CONOVER","MARCIA CONOVER-HARRIS","MICHAEL SNELSON","skipped","skipped","skipped","AMANDA MILLER"
"SP1909","CRAIG CONOVER","CRAIG JENSEN","MICHAEL SNELSON","XIMENA M. BISHOP","AMANDA MILLER","MARCIA CONOVER-HARRIS","DALE WATSON"
"SP1910","CRAIG CONOVER","MARCIA CONOVER-HARRIS","AMANDA MILLER","CRAIG JENSEN","MICHAEL SNELSON","DALE WATSON","XIMENA M. BISHOP"
"SP1911","MARCIA CONOVER-HARRIS","XIMENA M. BISHOP","CRAIG CONOVER","DALE WATSON","MICHAEL SNELSON","CRAIG JENSEN","AMANDA MILLER"
"SP1912","XIMENA M. BISHOP","MICHAEL SNELSON","CRAIG JENSEN","MARCIA CONOVER-HARRIS","CRAIG CONOVER","skipped","skipped"
"SP1913","MICHAEL SNELSON","CRAIG JENSEN","CRAIG CONOVER","MARCIA CONOVER-HARRIS","XIMENA M. BISHOP","skipped","skipped"
"SP1914","skipped","skipped","skipped","skipped","skipped","skipped","skipped"
"SP1915","MICHAEL SNELSON","CRAIG JENSEN","CRAIG CONOVER","MARCIA CONOVER-HARRIS","skipped","skipped","skipped"
"SP1916","MICHAEL SNELSON","CRAIG CONOVER","CRAIG JENSEN","MARCIA CONOVER-HARRIS","DALE WATSON","AMANDA MILLER","XIMENA M. BISHOP"
"SP1917","MICHAEL SNELSON","MARCIA CONOVER-HARRIS","CRAIG CONOVER","AMANDA MILLER","DALE WATSON","XIMENA M. BISHOP","CRAIG JENSEN"
"SP1918","skipped","overvote","DALE WATSON","XIMENA M. BISHOP","CRAIG JENSEN","AMANDA MILLER","skipped"
"SP1919","MICHAEL SNELSON","CRAIG CONOVER","CRAIG JENSEN","XIMENA M. BISHOP","DALE WATSON","AMANDA MILLER","MARCIA CONOVER-HARRIS"
"SP1920","MICHAEL SNELSON","AMANDA MILLER","XIMENA M. BISHOP","CRAIG CONOVER","DALE WATSON","CRAIG JENSEN","MARCIA CONOVER-HARRIS"
"SP1921","AMANDA MILLER","MARCIA CONOVER-HARRIS","CRAIG CONOVER","CRAIG JENSEN","MICHAEL SNELSON","XIMENA M. BISHOP","DALE WATSON"
"SP1922","XIMENA M. BISHOP","CRAIG JENSEN","MICHAEL SNELSON","DALE WATSON","AMANDA MILLER","MARCIA CONOVER-HARRIS","CRAIG CONOVER"
"SP1923","MICHAEL SNELSON","CRAIG JENSEN","CRAIG CONOVER","XIMENA M. BISHOP","DALE WATSON","skipped","skipped"
"SP1924","MICHAEL SNELSON","CRAIG JENSEN","XIMENA M. BISHOP","MARCIA CONOVER-HARRIS","CRAIG CONOVER","skipped","skipped"
"SP1925","XIMENA M. BISHOP","DALE WATSON","skipped","skipped","skipped","skipped","skipped"
"SP1926","MICHAEL SNELSON","DALE WATSON","CRAIG CONOVER","CRAIG JENSEN","XIMENA M. BISHOP","MARCIA CONOVER-HARRIS","AMANDA MILLER"
"SP1927","XIMENA M. BISHOP","MICHAEL SNELSON","CRAIG CONOVER","AMANDA MILLER","MARCIA CONOVER-HARRIS","CRAIG JENSEN","DALE WATSON"
"SP1928","MARCIA CONOVER-HARRIS","skipped","skipped","skipped","skipped","skipped","skipped"
"SP1929","CRAIG JENSEN","MICHAEL SNELSON","CRAIG CONOVER","AMANDA MILLER","XIMENA M. BISHOP","MARCIA CONOVER-HARRIS","DALE WATSON"
"SP1930","XIMENA M. BISHOP","CRAIG JENSEN","CRAIG CONOVER","DALE WATSON","AMANDA MILLER","MARCIA CONOVER-HARRIS","MICHAEL SNELSON"
"SP1931","CRAIG JENSEN","MICHAEL SNELSON","CRAIG CONOVER","AMANDA MILLER","XIMENA M. BISHOP","MARCIA CONOVER-HARRIS","DALE WATSON"
"SP1932","CRAIG JENSEN","MICHAEL SNELSON","skipped","skipped","skipped","skipped","skipped"
"SP1933","DALE WATSON","skipped","skipped","skipped","skipped","skipped","skipped"
"SP1934","CRAIG JENSEN","MICHAEL SNELSON","skipped","skipped","skipped","skipped","skipped"
"SP1935","DALE WATSON","XIMENA M. BISHOP","AMANDA MILLER","skipped","skipped","skipped","skipped"
"SP1936","XIMENA M. BISHOP","MICHAEL SNELSON","DALE WATSON","CRAIG CONOVER","MARCIA CONOVER-HARRIS","CRAIG JENSEN","AMANDA MILLER"
"SP1937","CRAIG CONOVER","AMANDA MILLER","skipped","skipped","skipped","skipped","skipped"
"SP1938","MICHAEL SNELSON","CRAIG CONOVER","skipped","skipped","skipped","skipped","skipped"
"SP1939","CRAIG CONOVER","AMANDA MILLER","skipped","skipped","skipped","skipped","skipped"
"SP1940","CRAIG CONOVER","AMANDA MILLER","skipped","skipped","skipped","skipped","skipped"
"SP1941","CRAIG JENSEN","MICHAEL SNELSON","skipped","skipped","skipped","skipped","skipped"
"SP1942","MARCIA CONOVER-HARRIS","AMANDA MILLER","CRAIG CONOVER","XIMENA M. BISHOP","MICHAEL SNELSON","CRAIG JENSEN","DALE WATSON"
"SP1943","CRAIG CONOVER","MARCIA CONOVER-HARRIS","skipped","skipped","skipped","skipped","skipped"
"SP1944","XIMENA M. BISHOP","CRAIG CONOVER","MICHAEL SNELSON","CRAIG JENSEN","MARCIA CONOVER-HARRIS","DALE WATSON","AMANDA MILLER"
"SP1945","CRAIG JENSEN","AMANDA MILLER","MARCIA CONOVER-HARRIS","DALE WATSON","MICHAEL SNELSON","CRAIG CONOVER","MARCIA CONOVER-HARRIS"
"SP1946","AMANDA MILLER","CRAIG JENSEN","CRAIG CONOVER","skipped","skipped","skipped","skipped"
"SP1947","MICHAEL SNELSON","XIMENA M. BISHOP","MARCIA CONOVER-HARRIS","AMANDA MILLER","skipped","skipped","skipped"
"SP1948","MICHAEL SNELSON","AMANDA MILLER","CRAIG JENSEN","skipped","skipped","skipped","skipped"
"SP1949","MICHAEL SNELSON","CRAIG CONOVER","CRAIG JENSEN","MARCIA CONOVER-HARRIS","DALE WATSON","AMANDA MILLER","XIMENA M. BISHOP"
"SP1950","CRAIG JENSEN","CRAIG CONOVER","XIMENA M. BISHOP","DALE WATSON","MICHAEL SNELSON","AMANDA MILLER","MARCIA CONOVER-HARRIS"
"SP1951","AMANDA MILLER","skipped","skipped","skipped","skipped","skipped","skipped"
"SP1952","MICHAEL SNELSON","XIMENA M. BISHOP","MARCIA CONOVER-HARRIS","CRAIG JENSEN","CRAIG CONOVER","DALE WATSON","skipped"
"SP1953","MICHAEL SNELSON","CRAIG JENSEN","DALE WATSON","CRAIG CONOVER","XIMENA M. BISHOP","MARCIA CONOVER-HARRIS","skipped"
"SP1954","MICHAEL SNELSON","XIMENA M. BISHOP","MARCIA CONOVER-HARRIS","CRAIG JENSEN","CRAIG CONOVER","DALE WATSON","skipped"
"SP1955","CRAIG CONOVER","MICHAEL SNELSON","skipped","skipped","skipped","skipped","skipped"
"SP1956","AMANDA MILLER","DALE WATSON","MICHAEL SNELSON","skipped","skipped","skipped","skipped"
"SP1957","MICHAEL SNELSON","CRAIG JENSEN","CRAIG CONOVER","DALE WATSON","AMANDA MILLER","XIMENA M. BISHOP","MARCIA CONOVER-HARRIS"
"SP1958","CRAIG JENSEN","DALE WATSON","XIMENA M. BISHOP","MICHAEL SNELSON","CRAIG CONOVER","MARCIA CONOVER-HARRIS","AMANDA MILLER"
"SP1959","MICHAEL SNELSON","XIMENA M. BISHOP","DALE WATSON","CRAIG JENSEN","MARCIA CONOVER-HARRIS","CRAIG CONOVER","AMANDA MILLER"
"SP1960","DALE WATSON","CRAIG CONOVER","MARCIA CONOVER-HARRIS","MICHAEL SNELSON","CRAIG JENSEN","AMANDA MILLER","XIMENA M. BISHOP"
"SP1961","DALE WATSON","CRAIG CONOVER","MARCIA CONOVER-HARRIS","MICHAEL SNELSON","CRAIG JENSEN","AMANDA MILLER","XIMENA M. BISHOP"
"SP1962","skipped","skipped","skipped","skipped","skipped","skipped","skipped"
"SP1963","DALE WATSON","MICHAEL SNELSON","CRAIG CONOVER","AMANDA MILLER","XIMENA M. BISHOP","MARCIA CONOVER-HARRIS","CRAIG CONOVER"
"SP1964","CRAIG JENSEN","CRAIG CONOVER","MICHAEL SNELSON","MARCIA CONOVER-HARRIS","XIMENA M. BISHOP","DALE WATSON","AMANDA MILLER"
"SP1965","CRAIG JENSEN","CRAIG CONOVER","MICHAEL SNELSON","MARCIA CONOVER-HARRIS","XIMENA M. BISHOP","DALE WATSON","AMANDA MILLER"
"SP1966","AMANDA MILLER","CRAIG JENSEN","XIMENA M. BISHOP","DALE WATSON","MICHAEL SNELSON","CRAIG CONOVER","MARCIA CONOVER-HARRIS"
"SP1967","XIMENA M. BISHOP","CRAIG CONOVER","overvote","skipped","MARCIA CONOVER-HARRIS","DALE WATSON","AMANDA MILLER"
"SP1968","CRAIG JENSEN","MARCIA CONOVER-HARRIS","CRAIG CONOVER","MICHAEL SNELSON","XIMENA M. BISHOP","DALE WATSON","AMANDA MILLER"
"SP1969","skipped","skipped","skipped","skipped","skipped","skipped","skipped"
"SP1970","XIMENA M. BISHOP","CRAIG JENSEN","MICHAEL SNELSON","CRAIG CONOVER","AMANDA MILLER","DALE WATSON","MARCIA CONOVER-HARRIS"
"SP1971","MICHAEL SNELSON","XIMENA M. BISHOP","AMANDA MILLER","MARCIA CONOVER-HARRIS","CRAIG JENSEN","DALE WATSON","CRAIG CONOVER"
"SP1972","MICHAEL SNELSON","XIMENA M. BISHOP","AMANDA MILLER","MARCIA CONOVER-HARRIS","CRAIG JENSEN","DALE WATSON","CRAIG CONOVER"
"SP1973","MICHAEL SNELSON","CRAIG JENSEN","skipped","skipped","skipped","skipped","skipped"
"SP1974","MARCIA CONOVER-HARRIS","MICHAEL SNELSON","CRAIG CONOVER","AMANDA MILLER","DALE WATSON","CRAIG JENSEN","XIMENA M. BISHOP"
"SP1975","CRAIG JENSEN","MICHAEL SNELSON","AMANDA MILLER","MARCIA CONOVER-HARRIS","CRAIG CONOVER","XIMENA M. BISHOP","DALE WATSON"
"SP1976","CRAIG JENSEN","CRAIG CONOVER","MICHAEL SNELSON","DALE WATSON","skipped","skipped","skipped"
"SP1977","XIMENA M. BISHOP","MARCIA CONOVER-HARRIS","MICHAEL SNELSON","CRAIG CONOVER","CRAIG JENSEN","DALE WATSON","AMANDA MILLER"
"SP1978","CRAIG JENSEN","MICHAEL SNELSON","DALE WATSON","CRAIG CONOVER","MARCIA CONOVER-HARRIS","AMANDA MILLER","XIMENA M. BISHOP"
"SP1979","CRAIG JENSEN","MICHAEL SNELSON","DALE WATSON","CRAIG CONOVER","MARCIA CONOVER-HARRIS","AMANDA MILLER","XIMENA M. BISHOP"
"SP1980","MICHAEL SNELSON","MARCIA CONOVER-HARRIS","AMANDA MILLER","CRAIG CONOVER","CRAIG JENSEN","XIMENA M. BISHOP","DALE WATSON"
"SP1981","MICHAEL SNELSON","XIMENA M. BISHOP","CRAIG JENSEN","DALE WATSON","MARCIA CONOVER-HARRIS","AMANDA MILLER","CRAIG CONOVER"
"SP1982","MICHAEL SNELSON","CRAIG CONOVER","AMANDA MILLER","DALE WATSON","XIMENA M. BISHOP","CRAIG JENSEN","MARCIA CONOVER-HARRIS"
"SP1983","AMANDA MILLER","DALE WATSON","MARCIA CONOVER-HARRIS","XIMENA M. BISHOP","MICHAEL SNELSON","CRAIG JENSEN","CRAIG CONOVER"
"SP1984","DALE WATSON","MICHAEL SNELSON","CRAIG JENSEN","CRAIG CONOVER","XIMENA M. BISHOP","AMANDA MILLER","MARCIA CONOVER-HARRIS"
"SP1985","skipped","skipped","skipped","skipped","skipped","skipped","skipped"
"SP1986","MARCIA CONOVER-HARRIS","CRAIG JENSEN","CRAIG CONOVER","skipped","skipped","skipped","skipped"
"SP1987","MICHAEL SNELSON","DALE WATSON","CRAIG JENSEN","skipped","skipped","skipped","skipped"
"SP1988","MARCIA CONOVER-HARRIS","AMANDA MILLER","XIMENA M. BISHOP","DALE WATSON","MICHAEL SNELSON","CRAIG JENSEN","CRAIG CONOVER"
"SP1989","DALE WATSON","XIMENA M. BISHOP","MICHAEL SNELSON","CRAIG JENSEN","CRAIG CONOVER","AMANDA MILLER","MARCIA CONOVER-HARRIS"
"SP1990","MICHAEL SNELSON","CRAIG JENSEN","DALE WATSON","XIMENA M. BISHOP","skipped","skipped","skipped"
"SP1991","XIMENA M. BISHOP","MICHAEL SNELSON","CRAIG JENSEN","AMANDA MILLER","DALE WATSON","MARCIA CONOVER-HARRIS","CRAIG CONOVER"
"SP1992","CRAIG JENSEN","skipped","skipped","skipped","skipped","skipped","skipped"
"SP1993","XIMENA M. BISHOP","MICHAEL SNELSON","CRAIG CONOVER","DALE WATSON","CRAIG JENSEN","MARCIA CONOVER-HARRIS","AMANDA MILLER"
"SP1994","skipped","skipped","skipped","skipped","skipped","skipped","skipped"
"SP1995","MICHAEL SNELSON","CRAIG JENSEN","AMANDA MILLER","XIMENA M. BISHOP","CRAIG CONOVER","DALE WATSON","MARCIA CONOVER-HARRIS"
"SP1996","AMANDA MILLER","MARCIA CONOVER-HARRIS","CRAIG JENSEN","MICHAEL SNELSON","CRAIG CONOVER","XIMENA M. BISHOP","DALE WATSON"
"SP1997","CRAIG CONOVER","MARCIA CONOVER-HARRIS","AMANDA MILLER","MICHAEL SNELSON","CRAIG JENSEN","DALE WATSON","XIMENA M. BISHOP"
"SP1998","MICHAEL SNELSON","CRAIG JENSEN","AMANDA MILLER","DALE WATSON","XIMENA M. BISHOP","MARCIA CONOVER-HARRIS","CRAIG CONOVER"
"SP1999","XIMENA M. BISHOP","MICHAEL SNELSON","DALE WATSON","AMANDA MILLER","CRAIG JENSEN","MARCIA CONOVER-HARRIS","CRAIG CONOVER"
"SP2000","XIMENA M. BISHOP","MICHAEL SNELSON","DALE WATSON","AMANDA MILLER","CRAIG JENSEN","MARCIA CONOVER-HARRIS","CRAIG CONOVER"
"SP2001","DALE WATSON","skipped","skipped","skipped","skipped","skipped","skipped"
"SP2002","MICHAEL SNELSON","CRAIG JENSEN","MARCIA CONOVER-HARRIS","DALE WATSON","CRAIG CONOVER","AMANDA MILLER","XIMENA M. BISHOP"
"SP2003","MICHAEL SNELSON","CRAIG JENSEN","CRAIG CONOVER","XIMENA M. BISHOP","DALE WATSON","AMANDA MILLER","MARCIA CONOVER-HARRIS"
"SP2004","CRAIG CONOVER","AMANDA MILLER","MARCIA CONOVER-HARRIS","CRAIG JENSEN","MICHAEL SNELSON","XIMENA M. BISHOP","DALE WATSON"
"SP2005","DALE WATSON","MICHAEL SNELSON","CRAIG JENSEN","XIMENA M. BISHOP","skipped","skipped","skipped"
"SP2006","DALE WATSON","MICHAEL SNELSON","XIMENA M. BISHOP","AMANDA MILLER","MARCIA CONOVER-HARRIS","CRAIG CONOVER","CRAIG JENSEN"
"SP2007","CRAIG JENSEN","CRAIG CONOVER","AMANDA MILLER","MARCIA CONOVER-HARRIS","MICHAEL SNELSON","XIMENA M. BISHOP","DALE WATSON"
"SP2008","DALE WATSON","AMANDA MILLER","MICHAEL SNELSON","CRAIG JENSEN","CRAIG CONOVER","XIMENA M. BISHOP","MARCIA CONOVER-HARRIS"
"SP2009","CRAIG CONOVER","MICHAEL SNELSON","DALE WATSON","XIMENA M. BISHOP","skipped","AMANDA MILLER","MARCIA CONOVER-HARRIS"
"SP2010","DALE WATSON","CRAIG JENSEN","XIMENA M. BISHOP","CRAIG CONOVER","MICHAEL SNELSON","AMANDA MILLER","MARCIA CONOVER-HARRIS"
"SP2011","MICHAEL SNELSON","DALE WATSON","CRAIG JENSEN","CRAIG CONOVER","AMANDA MILLER","MARCIA CONOVER-HARRIS","XIMENA M. BISHOP"
"SP2012","MARCIA CONOVER-HARRIS","CRAIG CONOVER","skipped","skipped","skipped","skipped","skipped"
"SP2013","MICHAEL SNELSON","CRAIG JENSEN","CRAIG CONOVER","MARCIA CONOVER-HARRIS","DALE WATSON","AMANDA MILLER","XIMENA M. BISHOP"
"SP2014","MARCIA CONOVER-HARRIS","CRAIG CONOVER","skipped","skipped","skipped","skipped","skipped"
"SP2015","CRAIG CONOVER","MARCIA CONOVER-HARRIS","XIMENA M. BISHOP","AMANDA MILLER","MICHAEL SNELSON","DALE WATSON","CRAIG JENSEN"
"SP2016","MICHAEL SNELSON","CRAIG CONOVER","MARCIA CONOVER-HARRIS","AMANDA MILLER","CRAIG JENSEN","XIMENA M. BISHOP","DALE WATSON"
"SP2017","MARCIA CONOVER-HARRIS","CRAIG CONOVER","MICHAEL SNELSON","CRAIG JENSEN","AMANDA MILLER","DALE WATSON","XIMENA M. BISHOP"
"SP2018","MARCIA CONOVER-HARRIS","DALE WATSON","skipped","skipped","skipped","skipped","skipped"
"SP2019","XIMENA M. BISHOP","MARCIA CONOVER-HARRIS","AMANDA MILLER","CRAIG CONOVER","CRAIG JENSEN","MICHAEL SNELSON","DALE WATSON"
"SP2020","XIMENA M. BISHOP","MARCIA CONOVER-HARRIS","AMANDA MILLER","MICHAEL SNELSON","CRAIG JENSEN","CRAIG CONOVER","DALE WATSON"
"SP2021","MICHAEL SNELSON","skipped","skipped","skipped","skipped","skipped","skipped"
"SP2022","CRAIG CONOVER","MICHAEL SNELSON","DALE WATSON","XIMENA M. BISHOP","AMANDA MILLER","MARCIA CONOVER-HARRIS","CRAIG JENSEN"
"SP2023","overvote","skipped","overvote","DALE WATSON","XIMENA M. BISHOP","CRAIG JENSEN","skipped"
"SP2024","XIMENA M. BISHOP","CRAIG JENSEN","DALE WATSON","skipped","skipped","skipped","skipped"
"SP2025","XIMENA M. BISHOP","CRAIG CONOVER","CRAIG JENSEN","AMANDA MILLER","DALE WATSON","MICHAEL SNELSON","MARCIA CONOVER-HARRIS"
"SP2026","MICHAEL SNELSON","CRAIG JENSEN","XIMENA M. BISHOP","DALE WATSON","CRAIG CONOVER","MARCIA CONOVER-HARRIS","AMANDA MILLER"
"SP2027","MICHAEL SNELSON","CRAIG CONOVER","CRAIG JENSEN","MARCIA CONOVER-HARRIS","XIMENA M. BISHOP","DALE WATSON","AMANDA MILLER"
"SP2028","MICHAEL SNELSON","CRAIG CONOVER","MARCIA CONOVER-HARRIS","CRAIG JENSEN","XIMENA M. BISHOP","DALE WATSON","AMANDA MILLER"
"SP2029","MICHAEL SNELSON","CRAIG JENSEN","CRAIG CONOVER","MARCIA CONOVER-HARRIS","XIMENA M. BISHOP","DALE WATSON","AMANDA MILLER"
"SP2030","CRAIG JENSEN","MICHAEL SNELSON","AMANDA MILLER","DALE WATSON","XIMENA M. BISHOP","MARCIA CONOVER-HARRIS","CRAIG CONOVER"
"SP2031","CRAIG JENSEN","MICHAEL SNELSON","XIMENA M. BISHOP","AMANDA MILLER","DALE WATSON","skipped","CRAIG CONOVER"
"SP2032","MICHAEL SNELSON","CRAIG JENSEN","CRAIG CONOVER","skipped","skipped","skipped","skipped"
"SP2033","CRAIG CONOVER","CRAIG JENSEN","XIMENA M. BISHOP","MARCIA CONOVER-HARRIS","MICHAEL SNELSON","DALE WATSON","AMANDA MILLER"
"SP2034","AMANDA MILLER","CRAIG JENSEN","CRAIG CONOVER","skipped","skipped","skipped","skipped"
"SP2035","CRAIG CONOVER","XIMENA M. BISHOP","MICHAEL SNELSON","AMANDA MILLER","DALE WATSON","CRAIG JENSEN","MARCIA CONOVER-HARRIS"
"SP2036","DALE WATSON","MARCIA CONOVER-HARRIS","AMANDA MILLER","MICHAEL SNELSON","CRAIG JENSEN","CRAIG CONOVER","XIMENA M. BISHOP"
"SP2037","CRAIG CONOVER","DALE WATSON","MICHAEL SNELSON","CRAIG JENSEN","XIMENA M. BISHOP","MARCIA CONOVER-HARRIS","AMANDA MILLER"
"SP2038","skipped","skipped","skipped","skipped","skipped","skipped","skipped"
"SP2039","XIMENA M. BISHOP","MICHAEL SNELSON","DALE WATSON","MARCIA CONOVER-HARRIS","CRAIG JENSEN","CRAIG CONOVER","AMANDA MILLER"
"SP2040","CRAIG JENSEN","MICHAEL SNELSON","CRAIG CONOVER","MARCIA CONOVER-HARRIS","DALE WATSON","AMANDA MILLER","skipped"
"SP2041","XIMENA M. BISHOP","AMANDA MILLER","DALE WATSON","MICHAEL SNELSON","MARCIA CONOVER-HARRIS","CRAIG JENSEN","CRAIG CONOVER"
"SP2042","MICHAEL SNELSON","XIMENA M. BISHOP","CRAIG JENSEN","AMANDA MILLER","DALE WATSON","CRAIG CONOVER","MARCIA CONOVER-HARRIS"
"SP2043","MICHAEL SNELSON","CRAIG CONOVER","CRAIG JENSEN","XIMENA M. BISHOP","AMANDA MILLER","MARCIA CONOVER-HARRIS","DALE WATSON"
"SP2044","CRAIG CONOVER","MICHAEL SNELSON","CRAIG JENSEN","skipped","skipped","skipped","skipped"
"SP2045","XIMENA M. BISHOP","CRAIG JENSEN","MICHAEL SNELSON","DALE WATSON","AMANDA MILLER","MARCIA CONOVER-HARRIS","CRAIG CONOVER"
"SP2046","XIMENA M. BISHOP","CRAIG JENSEN","CRAIG CONOVER","MICHAEL SNELSON","DALE WATSON","MARCIA CONOVER-HARRIS","AMANDA MILLER"
"SP2047","MICHAEL SNELSON","CRAIG CONOVER","DALE WATSON","CRAIG JENSEN","MARCIA CONOVER-HARRIS","XIMENA M. BISHOP","AMANDA MILLER"
"SP2048","MARCIA CONOVER-HARRIS","CRAIG JENSEN","MICHAEL SNELSON","XIMENA M. BISHOP","AMANDA MILLER","DALE WATSON","CRAIG CONOVER"
"SP2049","CRAIG CONOVER","MARCIA CONOVER-HARRIS","DALE WATSON","CRAIG JENSEN","MICHAEL SNELSON","AMANDA MILLER","AMANDA MILLER"
"SP2050","AMANDA MILLER","DALE WATSON","XIMENA M. BISHOP","CRAIG JENSEN","MICHAEL SNELSON","MARCIA CONOVER-HARRIS","CRAIG CONOVER"
"SP2051","XIMENA M. BISHOP","AMANDA MILLER","MICHAEL SNELSON","DALE WATSON","CRAIG JENSEN","CRAIG CONOVER","MARCIA CONOVER-HARRIS"
"SP2052","MICHAEL SNELSON","skipped","skipped","skipped","skipped","skipped","skipped"
"SP2053","AMANDA MILLER","MARCIA CONOVER-HARRIS","CRAIG JENSEN","MICHAEL SNELSON","XIMENA M. BISHOP","DALE WATSON","CRAIG CONOVER"
"SP2054","MICHAEL SNELSON","DALE WATSON","CRAIG JENSEN","AMANDA MILLER","XIMENA M. BISHOP","CRAIG CONOVER","MARCIA CONOVER-HARRIS"
"SP2055","CRAIG JENSEN","AMANDA MILLER","MICHAEL SNELSON","MARCIA CONOVER-HARRIS","DALE WATSON","XIMENA M. BISHOP","CRAIG CONOVER"
"SP2056","CRAIG JENSEN","MICHAEL SNELSON","XIMENA M. BISHOP","DALE WATSON","CRAIG CONOVER","MARCIA CONOVER-HARRIS","AMANDA MILLER"
"SP2057","MARCIA CONOVER-HARRIS","MICHAEL SNELSON","CRAIG CONOVER","skipped","skipped","skipped","skipped"
"SP2058","MARCIA CONOVER-HARRIS","CRAIG JENSEN","AMANDA MILLER","MICHAEL SNELSON","CRAIG CONOVER","XIMENA M. BISHOP","DALE WATSON"
"SP2059","MICHAEL SNELSON","CRAIG JENSEN","MARCIA CONOVER-HARRIS","CRAIG CONOVER","DALE WATSON","XIMENA M. BISHOP","AMANDA MILLER"
"SP2060","MARCIA CONOVER-HARRIS","CRAIG JENSEN","MICHAEL SNELSON","CRAIG CONOVER","DALE WATSON","skipped","skipped"
"SP2061","AMANDA MILLER","XIMENA M. BISHOP","DALE WATSON","CRAIG JENSEN","MARCIA CONOVER-HARRIS","MICHAEL SNELSON","CRAIG CONOVER"
"SP2062","MICHAEL SNELSON","CRAIG JENSEN","XIMENA M. BISHOP","DALE WATSON","CRAIG CONOVER","MARCIA CONOVER-HARRIS","AMANDA MILLER"
"SP2063","skipped","skipped","skipped","skipped","skipped","skipped","skipped"
"SP2064","CRAIG JENSEN","CRAIG CONOVER","MICHAEL SNELSON","XIMENA M. BISHOP","MARCIA CONOVER-HARRIS","DALE WATSON","AMANDA MILLER"
"SP2065","AMANDA MILLER","XIMENA M. BISHOP","DALE WATSON","CRAIG JENSEN","MARCIA CONOVER-HARRIS","MICHAEL SNELSON","CRAIG CONOVER"
"SP2066","skipped","skipped","skipped","skipped","skipped","skipped","skipped"
"SP2067","XIMENA M. BISHOP","AMANDA MILLER","MICHAEL SNELSON","CRAIG JENSEN","MARCIA CONOVER-HARRIS","DALE WATSON","CRAIG CONOVER"
"SP2068","MICHAEL SNELSON","CRAIG JENSEN","MARCIA CONOVER-HARRIS","AMANDA MILLER","CRAIG CONOVER","DALE WATSON","XIMENA M. BISHOP"
"SP2069","CRAIG CONOVER","MARCIA CONOVER-HARRIS","MICHAEL SNELSON","CRAIG JENSEN","AMANDA MILLER","XIMENA M. BISHOP","DALE WATSON"
"SP2070","CRAIG JENSEN","XIMENA M. BISHOP","AMANDA MILLER","DALE WATSON","MICHAEL SNELSON","CRAIG CONOVER","MARCIA CONOVER-HARRIS"
"SP2071","DALE WATSON","XIMENA M. BISHOP","MARCIA CONOVER-HARRIS","AMANDA MILLER","CRAIG CONOVER","CRAIG JENSEN","MICHAEL SNELSON"
"SP2072","MICHAEL SNELSON","XIMENA M. BISHOP","skipped","skipped","skipped","skipped","skipped"
"SP2073","MICHAEL SNELSON","DALE WATSON","CRAIG CONOVER","skipped","skipped","skipped","skipped"
"SP2074","MICHAEL SNELSON","CRAIG CONOVER","DALE WATSON","MARCIA CONOVER-HARRIS","AMANDA MILLER","CRAIG JENSEN","XIMENA M. BISHOP"
"SP2075","AMANDA MILLER","XIMENA M. BISHOP","MARCIA CONOVER-HARRIS","skipped","skipped","MICHAEL SNELSON","DALE WATSON"
"SP2076","CRAIG JENSEN","CRAIG CONOVER","MICHAEL SNELSON","XIMENA M. BISHOP","MARCIA CONOVER-HARRIS","DALE WATSON","AMANDA MILLER"
"SP2077","XIMENA M. BISHOP","CRAIG JENSEN","MICHAEL SNELSON","DALE WATSON","AMANDA MILLER","CRAIG CONOVER","MARCIA CONOVER-HARRIS"
"SP2078","XIMENA M. BISHOP","overvote","overvote","skipped","skipped","skipped","skipped"
"SP2079","XIMENA M. BISHOP","MICHAEL SNELSON","CRAIG JENSEN","DALE WATSON","AMANDA MILLER","MARCIA CONOVER-HARRIS","CRAIG CONOVER"
"SP2080","CRAIG JENSEN","MICHAEL SNELSON","AMANDA MILLER","MARCIA CONOVER-HARRIS","CRAIG CONOVER","XIMENA M. BISHOP","DALE WATSON"
"SP2081","MARCIA CONOVER-HARRIS","CRAIG CONOVER","CRAIG JENSEN","MICHAEL SNELSON","AMANDA MILLER","XIMENA M. BISHOP","DALE WATSON"
"SP2082","AMANDA MILLER","MARCIA CONOVER-HARRIS","XIMENA M. BISHOP","CRAIG CONOVER","CRAIG JENSEN","MICHAEL SNELSON","DALE WATSON"
"SP2083","MICHAEL SNELSON","CRAIG CONOVER","XIMENA M. BISHOP","MARCIA CONOVER-HARRIS","DALE WATSON","CRAIG JENSEN","AMANDA MILLER"
"SP2084","CRAIG CONOVER","DALE WATSON","CRAIG JENSEN","MICHAEL SNELSON","AMANDA MILLER","XIMENA M. BISHOP","MARCIA CONOVER-HARRIS"
"SP2085","AMANDA MILLER","MARCIA CONOVER-HARRIS","XIMENA M. BISHOP","CRAIG JENSEN","DALE WATSON","MICHAEL SNELSON","CRAIG CONOVER"
"SP2086","CRAIG JENSEN","MICHAEL SNELSON","DALE WATSON","CRAIG CONOVER","XIMENA M. BISHOP","AMANDA MILLER","MARCIA CONOVER-HARRIS"
"SP2087","CRAIG JENSEN","MARCIA CONOVER-HARRIS","CRAIG CONOVER","AMANDA MILLER","MICHAEL SNELSON","XIMENA M. BISHOP","DALE WATSON"
"SP2088","CRAIG JENSEN","MICHAEL SNELSON","CRAIG CONOVER","DALE WATSON","XIMENA M. BISHOP","MARCIA CONOVER-HARRIS","AMANDA MILLER"
"SP2089","CRAIG JENSEN","MICHAEL SNELSON","AMANDA MILLER","DALE WATSON","XIMENA M. BISHOP","CRAIG CONOVER","MARCIA CONOVER-HARRIS"
"SP2090","MICHAEL SNELSON","XIMENA M. BISHOP","AMANDA MILLER","skipped","skipped","skipped","skipped"
"SP2091","XIMENA M. BISHOP","MICHAEL SNELSON","CRAIG JENSEN","CRAIG CONOVER","MARCIA CONOVER-HARRIS","AMANDA MILLER","DALE WATSON"
"SP2092","MARCIA CONOVER-HARRIS","CRAIG CONOVER","MICHAEL SNELSON","AMANDA MILLER","CRAIG JENSEN","XIMENA M. BISHOP","DALE WATSON"
"SP2093","CRAIG CONOVER","AMANDA MILLER","XIMENA M. BISHOP","MARCIA CONOVER-HARRIS","DALE WATSON","CRAIG JENSEN","CRAIG JENSEN"
"SP2094","CRAIG JENSEN","CRAIG CONOVER","DALE WATSON","MICHAEL SNELSON","AMANDA MILLER","MARCIA CONOVER-HARRIS","XIMENA M. BISHOP"
"SP2095","MICHAEL SNELSON","skipped","skipped","skipped","skipped","skipped","skipped"
"SP2096","XIMENA M. BISHOP","MICHAEL SNELSON","CRAIG JENSEN","CRAIG CONOVER","MARCIA CONOVER-HARRIS","DALE WATSON","AMANDA MILLER"
"SP2097","CRAIG CONOVER","MICHAEL SNELSON","AMANDA MILLER","MARCIA CONOVER-HARRIS","CRAIG JENSEN","XIMENA M. BISHOP","DALE WATSON"
"SP2098","XIMENA M. BISHOP","MARCIA CONOVER-HARRIS","MICHAEL SNELSON","CRAIG JENSEN","DALE WATSON","AMANDA MILLER","CRAIG CONOVER"
"SP2099","MICHAEL SNELSON","CRAIG JENSEN","CRAIG CONOVER","DALE WATSON","MARCIA CONOVER-HARRIS","XIMENA M. BISHOP","AMANDA MILLER"
"SP2100","CRAIG CONOVER","MARCIA CONOVER-HARRIS","AMANDA MILLER","XIMENA M. BISHOP","DALE WATSON","MICHAEL SNELSON","CRAIG JENSEN"
"SP2101","AMANDA MILLER","DALE WATSON","CRAIG JENSEN","XIMENA M. BISHOP","MICHAEL SNELSON","CRAIG CONOVER","MARCIA CONOVER-HARRIS"
"SP2102","DALE WATSON","skipped","skipped","skipped","skipped","skipped","skipped"
"SP2103","overvote","overvote","overvote","skipped","skipped","skipped","skipped"
"SP2104","MARCIA CONOVER-HARRIS","XIMENA M. BISHOP","CRAIG JENSEN","CRAIG CONOVER","MICHAEL SNELSON","DALE WATSON","AMANDA MILLER"
"SP2105","MICHAEL SNELSON","CRAIG JENSEN","XIMENA M. BISHOP","DALE WATSON","MARCIA CONOVER-HARRIS","CRAIG CONOVER","AMANDA MILLER"
"SP2106","MICHAEL SNELSON","CRAIG JENSEN","DALE WATSON","XIMENA M. BISHOP","AMANDA MILLER","MARCIA CONOVER-HARRIS","CRAIG CONOVER"
"SP2107","MICHAEL SNELSON","CRAIG JENSEN","DALE WATSON","CRAIG CONOVER","skipped","skipped","skipped"
"SP2108","CRAIG JENSEN","DALE WATSON","MICHAEL SNELSON","AMANDA MILLER","XIMENA M. BISHOP","CRAIG CONOVER","MARCIA CONOVER-HARRIS"
"SP2109","MICHAEL SNELSON","CRAIG JENSEN","CRAIG CONOVER","DALE WATSON","XIMENA M. BISHOP","AMANDA MILLER","MARCIA CONOVER-HARRIS"
"SP2110","MICHAEL SNELSON","AMANDA MILLER","DALE WATSON","CRAIG JENSEN","CRAIG CONOVER","XIMENA M. BISHOP","MARCIA CONOVER-HARRIS"
"SP2111","MICHAEL SNELSON","CRAIG CONOVER","XIMENA M. BISHOP","DALE WATSON","CRAIG JENSEN","MARCIA CONOVER-HARRIS","AMANDA MILLER"
"SP2112","CRAIG JENSEN","CRAIG CONOVER","MICHAEL SNELSON","XIMENA M. BISHOP","MARCIA CONOVER-HARRIS","DALE WATSON","AMANDA MILLER"
"SP2113","MICHAEL SNELSON","CRAIG CONOVER","DALE WATSON","MARCIA CONOVER-HARRIS","CRAIG JENSEN","AMANDA MILLER","XIMENA M. BISHOP"
"SP2114","MARCIA CONOVER-HARRIS","CRAIG CONOVER","XIMENA M. BISHOP","MICHAEL SNELSON","skipped","skipped","skipped"
"SP2115","MICHAEL SNELSON","XIMENA M. BISHOP","CRAIG JENSEN","DALE WATSON","CRAIG CONOVER","MARCIA CONOVER-HARRIS","AMANDA MILLER"
"SP2116","MICHAEL SNELSON","CRAIG JENSEN","CRAIG CONOVER","AMANDA MILLER","XIMENA M. BISHOP","DALE WATSON","MARCIA CONOVER-HARRIS"
"SP2117","MARCIA CONOVER-HARRIS","CRAIG CONOVER","MICHAEL SNELSON","CRAIG JENSEN","DALE WATSON","XIMENA M. BISHOP","AMANDA MILLER"
"SP2118","skipped","skipped","skipped","skipped","skipped","skipped","skipped"
"SP2119","MICHAEL SNELSON","MARCIA CONOVER-HARRIS","CRAIG CONOVER","CRAIG JENSEN","XIMENA M. BISHOP","AMANDA MILLER","DALE WATSON"
"SP2120","MARCIA CONOVER-HARRIS","AMANDA MILLER","MICHAEL SNELSON","XIMENA M. BISHOP","DALE WATSON","CRAIG JENSEN","CRAIG CONOVER"
"SP2121","XIMENA M. BISHOP","MICHAEL SNELSON","MARCIA CONOVER-HARRIS","CRAIG JENSEN","CRAIG CONOVER","DALE WATSON","AMANDA MILLER"
"SP2122","DALE WATSON","MICHAEL SNELSON","skipped","skipped","skipped","skipped","skipped"
"SP2123","MICHAEL SNELSON","XIMENA M. BISHOP","skipped","skipped","skipped","skipped","skipped"
"SP2124","DALE WATSON","CRAIG CONOVER","MARCIA CONOVER-HARRIS","MICHAEL SNELSON","XIMENA M. BISHOP","CRAIG JENSEN","AMANDA MILLER"
"SP2125","MICHAEL SNELSON","CRAIG JENSEN","MARCIA CONOVER-HARRIS","CRAIG CONOVER","DALE WATSON","XIMENA M. BISHOP","AMANDA MILLER"
"SP2126","MICHAEL SNELSON","CRAIG JENSEN","CRAIG CONOVER","MARCIA CONOVER-HARRIS","AMANDA MILLER","DALE WATSON","XIMENA M. BISHOP"
"SP2127","MICHAEL SNELSON","CRAIG JENSEN","CRAIG CONOVER","DALE WATSON","MARCIA CONOVER-HARRIS","XIMENA M. BISHOP","AMANDA MILLER"
"SP2128","CRAIG JENSEN","MICHAEL SNELSON","XIMENA M. BISHOP","DALE WATSON","MARCIA CONOVER-HARRIS","AMANDA MILLER","CRAIG CONOVER"
"SP2129","DALE WATSON","MICHAEL SNELSON","CRAIG CONOVER","CRAIG JENSEN","MARCIA CONOVER-HARRIS","AMANDA MILLER","XIMENA M. BISHOP"
"SP2130","skipped","skipped","skipped","skipped","skipped","skipped","skipped"
"SP2131","DALE WATSON","skipped","skipped","skipped","skipped","skipped","skipped"
"SP2132","CRAIG JENSEN","skipped","skipped","skipped","skipped","skipped","skipped"
"SP2133","MICHAEL SNELSON","skipped","skipped","skipped","skipped","skipped","skipped"
"SP2134","AMANDA MILLER","DALE WATSON","CRAIG JENSEN","XIMENA M. BISHOP","MICHAEL SNELSON","CRAIG CONOVER","MARCIA CONOVER-HARRIS"
"SP2135","MARCIA CONOVER-HARRIS","XIMENA M. BISHOP","AMANDA MILLER","DALE WATSON","MICHAEL SNELSON","CRAIG JENSEN","CRAIG CONOVER"
"SP2136","MICHAEL SNELSON","CRAIG CONOVER","skipped","skipped","skipped","skipped","skipped"
"SP2137","AMANDA MILLER","DALE WATSON","CRAIG JENSEN","XIMENA M. BISHOP","MICHAEL SNELSON","CRAIG CONOVER","MARCIA CONOVER-HARRIS"
"SP2138","DALE WATSON","MARCIA CONOVER-HARRIS","XIMENA M. BISHOP","MICHAEL SNELSON","CRAIG JENSEN","AMANDA MILLER","CRAIG CONOVER"
"SP2139","DALE WATSON","MICHAEL SNELSON","CRAIG JENSEN","XIMENA M. BISHOP","MARCIA CONOVER-HARRIS","AMANDA MILLER","CRAIG CONOVER"
"SP2140","MICHAEL SNELSON","CRAIG CONOVER","skipped","skipped","skipped","skipped","skipped"
"SP2141","MARCIA CONOVER-HARRIS","MICHAEL SNELSON","CRAIG CONOVER","skipped","skipped","skipped","skipped"
"SP2142","overvote","skipped","skipped","skipped","skipped","skipped","overvote"
"SP2143","CRAIG CONOVER","MARCIA CONOVER-HARRIS","AMANDA MILLER","MICHAEL SNELSON","XIMENA M. BISHOP","CRAIG JENSEN","DALE WATSON"
"SP2144","CRAIG CONOVER","XIMENA M. BISHOP","MICHAEL SNELSON","CRAIG JENSEN","DALE WATSON","MARCIA CONOVER-HARRIS","AMANDA MILLER"
"SP2145","DALE WATSON","MICHAEL SNELSON","CRAIG JENSEN","CRAIG CONOVER","MARCIA CONOVER-HARRIS","XIMENA M. BISHOP","AMANDA MILLER"
"SP2146","MICHAEL SNELSON","CRAIG JENSEN","skipped","skipped","skipped","skipped","skipped"
"SP2147","MICHAEL SNELSON","CRAIG JENSEN","skipped","skipped","skipped","skipped","skipped"
"SP2148","XIMENA M. BISHOP","DALE WATSON","MARCIA CONOVER-HARRIS","AMANDA MILLER","MICHAEL SNELSON","CRAIG JENSEN","CRAIG CONOVER"
"SP2149","CRAIG CONOVER","CRAIG JENSEN","DALE WATSON","MICHAEL SNELSON","MARCIA CONOVER-HARRIS","XIMENA M. BISHOP","AMANDA MILLER"
"SP2150","CRAIG CONOVER","MICHAEL SNELSON","CRAIG JENSEN","DALE WATSON","XIMENA M. BISHOP","MARCIA CONOVER-HARRIS","AMANDA MILLER"
"SP2151","XIMENA M. BISHOP","DALE WATSON","MARCIA CONOVER-HARRIS","AMANDA MILLER","MICHAEL SNELSON","CRAIG JENSEN","CRAIG CONOVER"
"SP2152","XIMENA M. BISHOP","MICHAEL SNELSON","CRAIG JENSEN","AMANDA MILLER","DALE WATSON","MARCIA CONOVER-HARRIS","CRAIG CONOVER"
"SP2153","XIMENA M. BISHOP","DALE WATSON","MARCIA CONOVER-HARRIS","AMANDA MILLER","MICHAEL SNELSON","CRAIG JENSEN","CRAIG CONOVER"
"SP2154","XIMENA M. BISHOP","DALE WATSON","MARCIA CONOVER-HARRIS","AMANDA MILLER","MICHAEL SNELSON","CRAIG JENSEN","CRAIG CONOVER"
"SP2155","CRAIG CONOVER","DALE WATSON","CRAIG JENSEN","XIMENA M. BISHOP","MICHAEL SNELSON","AMANDA MILLER","MARCIA CONOVER-HARRIS"
"SP2156","CRAIG CONOVER","CRAIG JENSEN","MICHAEL SNELSON","MARCIA CONOVER-HARRIS","DALE WATSON","AMANDA MILLER","XIMENA M. BISHOP"
"SP2157","MARCIA CONOVER-HARRIS","CRAIG CONOVER","XIMENA M. BISHOP","AMANDA MILLER","DALE WATSON","MICHAEL SNELSON","CRAIG JENSEN"
"SP2158","XIMENA M. BISHOP","CRAIG CONOVER","MARCIA CONOVER-HARRIS","MICHAEL SNELSON","DALE WATSON","CRAIG JENSEN","AMANDA MILLER"
"SP2159","overvote","skipped","skipped","skipped","skipped","skipped","skipped"
"SP2160","XIMENA M. BISHOP","MARCIA CONOVER-HARRIS","AMANDA MILLER","CRAIG JENSEN","CRAIG CONOVER","MICHAEL SNELSON","DALE WATSON"
"SP2161","overvote","skipped","skipped","skipped","skipped","skipped","skipped"
"SP2162","DALE WATSON","MICHAEL SNELSON","CRAIG JENSEN","CRAIG CONOVER","MARCIA CONOVER-HARRIS","AMANDA MILLER","XIMENA M. BISHOP"
"SP2163","XIMENA M. BISHOP","CRAIG CONOVER","MARCIA CONOVER-HARRIS","MICHAEL SNELSON","AMANDA MILLER","DALE WATSON","CRAIG JENSEN"
"SP2164","MARCIA CONOVER-HARRIS","AMANDA MILLER","MICHAEL SNELSON","DALE WATSON","CRAIG JENSEN","XIMENA M. BISHOP","CRAIG CONOVER"
"SP2165","XIMENA M. BISHOP","MICHAEL SNELSON","CRAIG CONOVER","CRAIG JENSEN","AMANDA MILLER","MARCIA CONOVER-HARRIS","DALE WATSON"
"SP2166","XIMENA M. BISHOP","MICHAEL SNELSON","CRAIG CONOVER","CRAIG JENSEN","AMANDA MILLER","MARCIA CONOVER-HARRIS","DALE WATSON"
"SP2167","MICHAEL SNELSON","CRAIG JENSEN","CRAIG CONOVER","DALE WATSON","MARCIA CONOVER-HARRIS","AMANDA MILLER","XIMENA M. BISHOP"
"SP2168","CRAIG CONOVER","XIMENA M. BISHOP","CRAIG JENSEN","skipped","skipped","skipped","skipped"
"SP2169","MICHAEL SNELSON","CRAIG JENSEN","CRAIG CONOVER","DALE WATSON","XIMENA M. BISHOP","AMANDA MILLER","MARCIA CONOVER-HARRIS"
"SP2170","CRAIG CONOVER","XIMENA M. BISHOP","CRAIG JENSEN","skipped","skipped","skipped","skipped"
"SP2171","MARCIA CONOVER-HARRIS","XIMENA M. BISHOP","AMANDA MILLER","CRAIG JENSEN","CRAIG CONOVER","DALE WATSON","MICHAEL SNELSON"
"SP2172","CRAIG JENSEN","MICHAEL SNELSON","CRAIG CONOVER","MARCIA CONOVER-HARRIS","AMANDA MILLER","XIMENA M. BISHOP","DALE WATSON"
"SP2173","CRAIG CONOVER","MARCIA CONOVER-HARRIS","MICHAEL SNELSON","skipped","skipped","skipped","skipped"
"SP2174","MICHAEL SNELSON","CRAIG CONOVER","MARCIA CONOVER-HARRIS","CRAIG JENSEN","XIMENA M. BISHOP","DALE WATSON","AMANDA MILLER"
"SP2175","AMANDA MILLER","XIMENA M. BISHOP","CRAIG JENSEN","CRAIG CONOVER","MICHAEL SNELSON","MARCIA CONOVER-HARRIS","DALE WATSON"
"SP2176","overvote","skipped","skipped","skipped","skipped","skipped","skipped"
"SP2177","CRAIG CONOVER","DALE WATSON","CRAIG JENSEN","MICHAEL SNELSON","skipped","skipped","skipped"
"SP2178","DALE WATSON","skipped","skipped","skipped","skipped","skipped","MICHAEL SNELSON"
"SP2179","XIMENA M. BISHOP","CRAIG CONOVER","MARCIA CONOVER-HARRIS","MICHAEL SNELSON","AMANDA MILLER","CRAIG JENSEN","DALE WATSON"
"SP2180","CRAIG JENSEN","MARCIA CONOVER-HARRIS","DALE WATSON","MICHAEL SNELSON","XIMENA M. BISHOP","CRAIG CONOVER","AMANDA MILLER"
"SP2181","XIMENA M. BISHOP","CRAIG CONOVER","skipped","skipped","skipped","skipped","skipped"
"SP2182","MICHAEL SNELSON","CRAIG JENSEN","CRAIG CONOVER","skipped","skipped","skipped","skipped"
"SP2183","AMANDA MILLER","MARCIA CONOVER-HARRIS","XIMENA M. BISHOP","CRAIG CONOVER","MICHAEL SNELSON","CRAIG JENSEN","DALE WATSON"
"SP2184","DALE WATSON","CRAIG JENSEN","MARCIA CONOVER-HARRIS","CRAIG CONOVER","XIMENA M. BISHOP","AMANDA MILLER","MICHAEL SNELSON"
"SP2185","CRAIG JENSEN","CRAIG CONOVER","MICHAEL SNELSON","MARCIA CONOVER-HARRIS","XIMENA M. BISHOP","skipped","skipped"
"SP2186","CRAIG JENSEN","XIMENA M. BISHOP","AMANDA MILLER","MICHAEL SNELSON","DALE WATSON","CRAIG CONOVER","MARCIA CONOVER-HARRIS"
"SP2187","CRAIG JENSEN","skipped","skipped","skipped","skipped","skipped","skipped"
"SP2188","MICHAEL SNELSON","CRAIG JENSEN","MARCIA CONOVER-HARRIS","CRAIG CONOVER","AMANDA MILLER","DALE WATSON","XIMENA M. BISHOP"
"SP2189","XIMENA M. BISHOP","AMANDA MILLER","MARCIA CONOVER-HARRIS","MICHAEL SNELSON","CRAIG JENSEN","DALE WATSON","CRAIG CONOVER"
"SP2190","AMANDA MILLER","XIMENA M. BISHOP","CRAIG JENSEN","CRAIG CONOVER","MARCIA CONOVER-HARRIS","MICHAEL SNELSON","DALE WATSON"
"SP2191","DALE WATSON","XIMENA M. BISHOP","MARCIA CONOVER-HARRIS","CRAIG JENSEN","MICHAEL SNELSON","AMANDA MILLER","CRAIG CONOVER"
"SP2192","CRAIG CONOVER","MARCIA CONOVER-HARRIS","CRAIG JENSEN","MICHAEL SNELSON","AMANDA MILLER","DALE WATSON","XIMENA M. BISHOP"
"SP2193","CRAIG CONOVER","CRAIG JENSEN","MARCIA CONOVER-HARRIS","AMANDA MILLER","DALE WATSON","MICHAEL SNELSON","XIMENA M. BISHOP"
"SP2194","CRAIG JENSEN","MICHAEL SNELSON","MARCIA CONOVER-HARRIS","XIMENA M. BISHOP","skipped","skipped","skipped"
"SP2195","XIMENA M. BISHOP","MARCIA CONOVER-HARRIS","CRAIG CONOVER","skipped","skipped","skipped","skipped"
"SP2196","MICHAEL SNELSON","DALE WATSON","CRAIG JENSEN","XIMENA M. BISHOP","AMANDA MILLER","MARCIA CONOVER-HARRIS","CRAIG CONOVER"
"SP2197","MICHAEL SNELSON","MARCIA CONOVER-HARRIS","CRAIG JENSEN","CRAIG CONOVER","DALE WATSON","XIMENA M. BISHOP","AMANDA MILLER"
"SP2198","MICHAEL SNELSON","CRAIG JENSEN","CRAIG CONOVER","skipped","skipped","skipped","skipped"
"SP2199","MICHAEL SNELSON","CRAIG JENSEN","CRAIG CONOVER","skipped","skipped","skipped","skipped"
"SP2200","MICHAEL SNELSON","CRAIG JENSEN","MARCIA CONOVER-HARRIS","DALE WATSON","CRAIG CONOVER","AMANDA MILLER","XIMENA M. BISHOP"
"SP2201","XIMENA M. BISHOP","CRAIG JENSEN","DALE WATSON","MICHAEL SNELSON","AMANDA MILLER","CRAIG CONOVER","MARCIA CONOVER-HARRIS"
"SP2202","MICHAEL SNELSON","CRAIG JENSEN","AMANDA MILLER","XIMENA M. BISHOP","DALE WATSON","CRAIG CONOVER","MARCIA CONOVER-HARRIS"
"SP2203","MARCIA CONOVER-HARRIS","AMANDA MILLER","XIMENA M. BISHOP","MICHAEL SNELSON","CRAIG CONOVER","CRAIG JENSEN","DALE WATSON"
"SP2204","XIMENA M. BISHOP","MARCIA CONOVER-HARRIS","MICHAEL SNELSON","CRAIG CONOVER","CRAIG JENSEN","skipped","skipped"
"SP2205","CRAIG CONOVER","XIMENA M. BISHOP","MICHAEL SNELSON","CRAIG JENSEN","DALE WATSON","AMANDA MILLER","MARCIA CONOVER-HARRIS"
"SP2206","AMANDA MILLER","MARCIA CONOVER-HARRIS","CRAIG CONOVER","DALE WATSON","XIMENA M. BISHOP","MICHAEL SNELSON","CRAIG JENSEN"
"SP2207","AMANDA MILLER","DALE WATSON","XIMENA M. BISHOP","CRAIG CONOVER","MICHAEL SNELSON","CRAIG JENSEN","MARCIA CONOVER-HARRIS"
"SP2208","XIMENA M. BISHOP","MARCIA CONOVER-HARRIS","CRAIG CONOVER","CRAIG JENSEN","skipped","skipped","skipped"
"SP2209","CRAIG JENSEN","MICHAEL SNELSON","AMANDA MILLER","DALE WATSON","XIMENA M. BISHOP","CRAIG CONOVER","MARCIA CONOVER-HARRIS"
"SP2210","MICHAEL SNELSON","CRAIG JENSEN","XIMENA M. BISHOP","DALE WATSON","skipped","skipped","skipped"
"SP2211","MICHAEL SNELSON","XIMENA M. BISHOP","AMANDA MILLER","skipped","skipped","skipped","skipped"
"SP2212","DALE WATSON","CRAIG CONOVER","MICHAEL SNELSON","CRAIG JENSEN","AMANDA MILLER","XIMENA M. BISHOP","MARCIA CONOVER-HARRIS"
"SP2213","MICHAEL SNELSON","DALE WATSON","CRAIG JENSEN","XIMENA M. BISHOP","AMANDA MILLER","MARCIA CONOVER-HARRIS","CRAIG CONOVER"
"SP2214","MICHAEL SNELSON","CRAIG JENSEN","CRAIG CONOVER","skipped","skipped","skipped","skipped"
"SP2215","CRAIG JENSEN","XIMENA M. BISHOP","MICHAEL SNELSON","DALE WATSON","AMANDA MILLER","MARCIA CONOVER-HARRIS","CRAIG CONOVER"
"SP2216","AMANDA MILLER","DALE WATSON","XIMENA M. BISHOP","CRAIG JENSEN","MICHAEL SNELSON","MARCIA CONOVER-HARRIS","CRAIG CONOVER"
"SP2217","CRAIG JENSEN","AMANDA MILLER","XIMENA M. BISHOP","DALE WATSON","MICHAEL SNELSON","MARCIA CONOVER-HARRIS","CRAIG CONOVER"
"SP2218","XIMENA M. BISHOP","MARCIA CONOVER-HARRIS","AMANDA MILLER","CRAIG JENSEN","DALE WATSON","CRAIG CONOVER","MICHAEL SNELSON"
"SP2219","CRAIG JENSEN","XIMENA M. BISHOP","DALE WATSON","AMANDA MILLER","MICHAEL SNELSON","MARCIA CONOVER-HARRIS","CRAIG CONOVER"
"SP2220","CRAIG JENSEN","XIMENA M. BISHOP","DALE WATSON","CRAIG CONOVER","MICHAEL SNELSON","MARCIA CONOVER-HARRIS","AMANDA MILLER"
"SP2221","MICHAEL SNELSON","CRAIG JENSEN","CRAIG CONOVER","MARCIA CONOVER-HARRIS","DALE WATSON","AMANDA MILLER","XIMENA M. BISHOP"
"SP2222","CRAIG JENSEN","MICHAEL SNELSON","skipped","skipped","skipped","MARCIA CONOVER-HARRIS","CRAIG CONOVER"
"SP2223","XIMENA M. BISHOP","skipped","skipped","skipped","skipped","skipped","skipped"
"SP2224","CRAIG JENSEN","MICHAEL SNELSON","AMANDA MILLER","DALE WATSON","XIMENA M. BISHOP","MARCIA CONOVER-HARRIS","CRAIG CONOVER"
"SP2225","AMANDA MILLER","XIMENA M. BISHOP","DALE WATSON","CRAIG JENSEN","MARCIA CONOVER-HARRIS","CRAIG CONOVER","MICHAEL SNELSON"
"SP2226","AMANDA MILLER","XIMENA M. BISHOP","DALE WATSON","CRAIG JENSEN","MICHAEL SNELSON","MARCIA CONOVER-HARRIS","CRAIG CONOVER"
"SP2227","MARCIA CONOVER-HARRIS","XIMENA M. BISHOP","CRAIG CONOVER","CRAIG JENSEN","DALE WATSON","MICHAEL SNELSON","AMANDA MILLER"
"SP2228","DALE WATSON","MICHAEL SNELSON","skipped","skipped","skipped","skipped","skipped"
"SP2229","XIMENA M. BISHOP","MARCIA CONOVER-HARRIS","CRAIG CONOVER","AMANDA MILLER","DALE WATSON","MICHAEL SNELSON","CRAIG JENSEN"
"SP2230","MICHAEL SNELSON","CRAIG JENSEN","MARCIA CONOVER-HARRIS","XIMENA M. BISHOP","AMANDA MILLER","CRAIG CONOVER","DALE WATSON"
"SP2231","MICHAEL SNELSON","CRAIG JENSEN","AMANDA MILLER","DALE WATSON","XIMENA M. BISHOP","CRAIG CONOVER","MARCIA CONOVER-HARRIS"
"SP2232","MICHAEL SNELSON","CRAIG CONOVER","MARCIA CONOVER-HARRIS","CRAIG JENSEN","AMANDA MILLER","DALE WATSON","XIMENA M. BISHOP"
"SP2233","DALE WATSON","XIMENA M. BISHOP","MICHAEL SNELSON","CRAIG CONOVER","CRAIG JENSEN","MARCIA CONOVER-HARRIS","AMANDA MILLER"
"SP2234","MICHAEL SNELSON","CRAIG JENSEN","XIMENA M. BISHOP","DALE WATSON","AMANDA MILLER","MARCIA CONOVER-HARRIS","CRAIG CONOVER"
"SP2235","CRAIG CONOVER","MICHAEL SNELSON","CRAIG JENSEN","DALE WATSON","AMANDA MILLER","MARCIA CONOVER-HARRIS","XIMENA M. BISHOP"
"SP2236","CRAIG JENSEN","AMANDA MILLER","MARCIA CONOVER-HARRIS","XIMENA M. BISHOP","DALE WATSON","CRAIG CONOVER","MICHAEL SNELSON"
"SP2237","CRAIG JENSEN","MICHAEL SNELSON","MARCIA CONOVER-HARRIS","CRAIG CONOVER","AMANDA MILLER","DALE WATSON","XIMENA M. BISHOP"
"SP2238","MICHAEL SNELSON","DALE WATSON","CRAIG JENSEN","XIMENA M. BISHOP","AMANDA MILLER","MARCIA CONOVER-HARRIS","CRAIG CONOVER"
"SP2239","MICHAEL SNELSON","CRAIG CONOVER","skipped","MARCIA CONOVER-HARRIS","CRAIG JENSEN","XIMENA M. BISHOP","overvote"
"SP2240","MICHAEL SNELSON","XIMENA M. BISHOP","CRAIG JENSEN","DALE WATSON","CRAIG CONOVER","MARCIA CONOVER-HARRIS","AMANDA MILLER"
"SP2241","MARCIA CONOVER-HARRIS","CRAIG CONOVER","skipped","skipped","skipped","skipped","skipped"
"SP2242","skipped","skipped","skipped","skipped","skipped","skipped","skipped"
"SP2243","XIMENA M. BISHOP","MICHAEL SNELSON","CRAIG JENSEN","DALE WATSON","AMANDA MILLER","MARCIA CONOVER-HARRIS","CRAIG CONOVER"
"SP2244","XIMENA M. BISHOP","DALE WATSON","MARCIA CONOVER-HARRIS","CRAIG CONOVER","AMANDA MILLER","CRAIG JENSEN","MICHAEL SNELSON"
"SP2245","CRAIG JENSEN","MICHAEL SNELSON","MARCIA CONOVER-HARRIS","DALE WATSON","XIMENA M. BISHOP","CRAIG CONOVER","AMANDA MILLER"
"SP2246","XIMENA M. BISHOP","CRAIG CONOVER","MARCIA CONOVER-HARRIS","DALE WATSON","skipped","skipped","skipped"
"SP2247","MICHAEL SNELSON","CRAIG CONOVER","CRAIG JENSEN","XIMENA M. BISHOP","AMANDA MILLER","MARCIA CONOVER-HARRIS","DALE WATSON"
"SP2248","MARCIA CONOVER-HARRIS","AMANDA MILLER","CRAIG CONOVER","CRAIG JENSEN","MICHAEL SNELSON","XIMENA M. BISHOP","DALE WATSON"
"SP2249","CRAIG JENSEN","MICHAEL SNELSON","CRAIG CONOVER","DALE WATSON","MARCIA CONOVER-HARRIS","XIMENA M. BISHOP","AMANDA MILLER"
"SP2250","CRAIG CONOVER","DALE WATSON","XIMENA M. BISHOP","MARCIA CONOVER-HARRIS","AMANDA MILLER","CRAIG JENSEN","MICHAEL SNELSON"
"SP2251","MICHAEL SNELSON","CRAIG JENSEN","DALE WATSON","XIMENA M. BISHOP","CRAIG CONOVER","MARCIA CONOVER-HARRIS","AMANDA MILLER"
"SP2252","XIMENA M. BISHOP","DALE WATSON","MICHAEL SNELSON","CRAIG JENSEN","CRAIG CONOVER","MARCIA CONOVER-HARRIS","AMANDA MILLER"
"SP2253","MARCIA CONOVER-HARRIS","XIMENA M. BISHOP","CRAIG JENSEN","CRAIG CONOVER","AMANDA MILLER","MICHAEL SNELSON","DALE WATSON"
"SP2254","MICHAEL SNELSON","CRAIG JENSEN","DALE WATSON","CRAIG CONOVER","XIMENA M. BISHOP","MARCIA CONOVER-HARRIS","AMANDA MILLER"
"SP2255","MICHAEL SNELSON","CRAIG JENSEN","CRAIG CONOVER","MARCIA CONOVER-HARRIS","AMANDA MILLER","XIMENA M. BISHOP","DALE WATSON"
"SP2256","XIMENA M. BISHOP","AMANDA MILLER","skipped","skipped","skipped","skipped","skipped"
"SP2257","MICHAEL SNELSON","CRAIG JENSEN","CRAIG CONOVER","XIMENA M. BISHOP","skipped","skipped","skipped"
"SP2258","MICHAEL SNELSON","CRAIG JENSEN","DALE WATSON","AMANDA MILLER","CRAIG CONOVER","MARCIA CONOVER-HARRIS","XIMENA M. BISHOP"
"SP2259","MICHAEL SNELSON","DALE WATSON","XIMENA M. BISHOP","CRAIG CONOVER","AMANDA MILLER","MARCIA CONOVER-HARRIS","CRAIG JENSEN"
"SP2260","CRAIG JENSEN","CRAIG CONOVER","MICHAEL SNELSON","AMANDA MILLER","MARCIA CONOVER-HARRIS","DALE WATSON","XIMENA M. BISHOP"
"SP2261","MICHAEL SNELSON","MARCIA CONOVER-HARRIS","overvote","skipped","DALE WATSON","CRAIG JENSEN","CRAIG CONOVER"
"SP2262","XIMENA M. BISHOP","MARCIA CONOVER-HARRIS","AMANDA MILLER","skipped","skipped","skipped","skipped"
"SP2263","CRAIG JENSEN","XIMENA M. BISHOP","skipped","skipped","skipped","skipped","skipped"
"SP2264","MICHAEL SNELSON","CRAIG CONOVER","AMANDA MILLER","DALE WATSON","XIMENA M. BISHOP","CRAIG JENSEN","MARCIA CONOVER-HARRIS"
"SP2265","XIMENA M. BISHOP","CRAIG CONOVER","AMANDA MILLER","CRAIG JENSEN","MICHAEL SNELSON","XIMENA M. BISHOP","DALE WATSON"
"SP2266","overvote","overvote","overvote","overvote","overvote","overvote","overvote"
"SP2267","MICHAEL SNELSON","CRAIG JENSEN","DALE WATSON","skipped","skipped","skipped","CRAIG CONOVER"
"SP2268","XIMENA M. BISHOP","MICHAEL SNELSON","MARCIA CONOVER-HARRIS","CRAIG CONOVER","AMANDA MILLER","CRAIG JENSEN","DALE WATSON"
"SP2269","MICHAEL SNELSON","CRAIG JENSEN","skipped","skipped","skipped","skipped","skipped"
"SP2270","XIMENA M. BISHOP","CRAIG CONOVER","MARCIA CONOVER-HARRIS","CRAIG JENSEN","MICHAEL SNELSON","AMANDA MILLER","DALE WATSON"
"SP2271","AMANDA MILLER","MARCIA CONOVER-HARRIS","CRAIG CONOVER","XIMENA M. BISHOP","CRAIG JENSEN","MICHAEL SNELSON","DALE WATSON"
"SP2272","MICHAEL SNELSON","CRAIG CONOVER","MARCIA CONOVER-HARRIS","CRAIG JENSEN","DALE WATSON","XIMENA M. BISHOP","AMANDA MILLER"
"SP2273","CRAIG CONOVER","CRAIG JENSEN","MICHAEL SNELSON","MARCIA CONOVER-HARRIS","XIMENA M. BISHOP","AMANDA MILLER","DALE WATSON"
"SP2274","MARCIA CONOVER-HARRIS","CRAIG CONOVER","MICHAEL SNELSON","CRAIG JENSEN","DALE WATSON","AMANDA MILLER","XIMENA M. BISHOP"
"SP2275","overvote","skipped","skipped","skipped","skipped","skipped","skipped"
"SP2276","MARCIA CONOVER-HARRIS","CRAIG CONOVER","MICHAEL SNELSON","CRAIG JENSEN","AMANDA MILLER","DALE WATSON","XIMENA M. BISHOP"
"SP2277","skipped","skipped","skipped","skipped","skipped","skipped","skipped"
"SP2278","MICHAEL SNELSON","CRAIG JENSEN","XIMENA M. BISHOP","AMANDA MILLER","DALE WATSON","CRAIG CONOVER","MARCIA CONOVER-HARRIS"
"SP2279","CRAIG CONOVER","MARCIA CONOVER-HARRIS","DALE WATSON","XIMENA M. BISHOP","MICHAEL SNELSON","CRAIG JENSEN","AMANDA MILLER"
"SP2280","MICHAEL SNELSON","CRAIG JENSEN","XIMENA M. BISHOP","AMANDA MILLER","DALE WATSON","CRAIG CONOVER","MARCIA CONOVER-HARRIS"
"SP2281","CRAIG JENSEN","skipped","skipped","skipped","skipped","skipped","skipped"
"SP2282","MICHAEL SNELSON","CRAIG JENSEN","XIMENA M. BISHOP","AMANDA MILLER","DALE WATSON","CRAIG CONOVER","MARCIA CONOVER-HARRIS"
"SP2283","CRAIG JENSEN","skipped","skipped","skipped","skipped","skipped","skipped"
"SP2284","DALE WATSON","MICHAEL SNELSON","CRAIG JENSEN","XIMENA M. BISHOP","CRAIG CONOVER","MARCIA CONOVER-HARRIS","AMANDA MILLER"
"SP2285","MICHAEL SNELSON","CRAIG JENSEN","XIMENA M. BISHOP","AMANDA MILLER","DALE WATSON","CRAIG CONOVER","MARCIA CONOVER-HARRIS"
"SP2286","MICHAEL SNELSON","CRAIG CONOVER","XIMENA M. BISHOP","MARCIA CONOVER-HARRIS","AMANDA MILLER","CRAIG JENSEN","DALE WATSON"
"SP2287","XIMENA M. BISHOP","skipped","skipped","skipped","skipped","skipped","skipped"
"SP2288","CRAIG CONOVER","MICHAEL SNELSON","MARCIA CONOVER-HARRIS","DALE WATSON","XIMENA M. BISHOP","CRAIG JENSEN","AMANDA MILLER"
"SP2289","skipped","skipped","skipped","skipped","skipped","skipped","skipped"
"SP2290","MARCIA CONOVER-HARRIS","AMANDA MILLER","CRAIG CONOVER","DALE WATSON","XIMENA M. BISHOP","MICHAEL SNELSON","CRAIG JENSEN"
"SP2291","DALE WATSON","CRAIG CONOVER","MICHAEL SNELSON","CRAIG JENSEN","XIMENA M. BISHOP","MARCIA CONOVER-HARRIS","AMANDA MILLER"
"SP2292","MICHAEL SNELSON","CRAIG JENSEN","CRAIG CONOVER","DALE WATSON","MARCIA CONOVER-HARRIS","XIMENA M. BISHOP","AMANDA MILLER"
"SP2293","MICHAEL SNELSON","CRAIG CONOVER","MARCIA CONOVER-HARRIS","XIMENA M. BISHOP","CRAIG JENSEN","DALE WATSON","AMANDA MILLER"
"SP2294","MICHAEL SNELSON","skipped","skipped","skipped","skipped","skipped","skipped"
"SP2295","MICHAEL SNELSON","CRAIG JENSEN","DALE WATSON","XIMENA M. BISHOP","AMANDA MILLER","CRAIG CONOVER","MARCIA CONOVER-HARRIS"
"SP2296","MICHAEL SNELSON","AMANDA MILLER","CRAIG JENSEN","XIMENA M. BISHOP","DALE WATSON","MARCIA CONOVER-HARRIS","CRAIG CONOVER"
"SP2297","MICHAEL SNELSON","CRAIG JENSEN","XIMENA M. BISHOP","CRAIG CONOVER","skipped","skipped","skipped"
"SP2298","CRAIG JENSEN","CRAIG CONOVER","DALE WATSON","overvote","skipped","XIMENA M. BISHOP","MICHAEL SNELSON"
"SP2299","MICHAEL SNELSON","CRAIG JENSEN","XIMENA M. BISHOP","AMANDA MILLER","DALE WATSON","CRAIG CONOVER","MARCIA CONOVER-HARRIS"
"SP2300","CRAIG CONOVER","MARCIA CONOVER-HARRIS","MICHAEL SNELSON","XIMENA M. BISHOP","AMANDA MILLER","DALE WATSON","CRAIG JENSEN"
"SP2301","MICHAEL SNELSON","CRAIG JENSEN","XIMENA M. BISHOP","AMANDA MILLER","DALE WATSON","CRAIG CONOVER","MARCIA CONOVER-HARRIS"
"SP2302","MARCIA CONOVER-HARRIS","CRAIG CONOVER","CRAIG JENSEN","MICHAEL SNELSON","DALE WATSON","AMANDA MILLER","XIMENA M. BISHOP"
"SP2303","AMANDA MILLER","CRAIG JENSEN","CRAIG CONOVER","MARCIA CONOVER-HARRIS","MICHAEL SNELSON","XIMENA M. BISHOP","DALE WATSON"
"SP2304","CRAIG CONOVER","XIMENA M. BISHOP","MARCIA CONOVER-HARRIS","CRAIG JENSEN","AMANDA MILLER","MICHAEL SNELSON","DALE WATSON"
"SP2305","MICHAEL SNELSON","CRAIG JENSEN","DALE WATSON","XIMENA M. BISHOP","CRAIG CONOVER","MARCIA CONOVER-HARRIS","AMANDA MILLER"
"SP2306","AMANDA MILLER","MARCIA CONOVER-HARRIS","XIMENA M. BISHOP","MICHAEL SNELSON","DALE WATSON","CRAIG JENSEN","CRAIG CONOVER"
"SP2307","MICHAEL SNELSON","CRAIG JENSEN","DALE WATSON","CRAIG CONOVER","MARCIA CONOVER-HARRIS","XIMENA M. BISHOP","AMANDA MILLER"
"SP2308","CRAIG JENSEN","MICHAEL SNELSON","XIMENA M. BISHOP","skipped","skipped","skipped","skipped"
"SP2309","CRAIG CONOVER","MARCIA CONOVER-HARRIS","AMANDA MILLER","CRAIG JENSEN","MICHAEL SNELSON","DALE WATSON","XIMENA M. BISHOP"
"SP2310","XIMENA M. BISHOP","MARCIA CONOVER-HARRIS","AMANDA MILLER","DALE WATSON","CRAIG CONOVER","CRAIG JENSEN","MICHAEL SNELSON"
"SP2311","CRAIG JENSEN","DALE WATSON","MICHAEL SNELSON","XIMENA M. BISHOP","CRAIG CONOVER","AMANDA MILLER","MARCIA CONOVER-HARRIS"
"SP2312","MICHAEL SNELSON","CRAIG CONOVER","CRAIG JENSEN","DALE WATSON","MARCIA CONOVER-HARRIS","XIMENA M. BISHOP","AMANDA MILLER"
"SP2313","CRAIG JENSEN","DALE WATSON","MICHAEL SNELSON","CRAIG CONOVER","XIMENA M. BISHOP","MARCIA CONOVER-HARRIS","AMANDA MILLER"
"SP2314","CRAIG CONOVER","MICHAEL SNELSON","MARCIA CONOVER-HARRIS","CRAIG JENSEN","DALE WATSON","skipped","skipped"
"SP2315","CRAIG CONOVER","MICHAEL SNELSON","AMANDA MILLER","DALE WATSON","CRAIG JENSEN","MARCIA CONOVER-HARRIS","XIMENA M. BISHOP"
"SP2316","MICHAEL SNELSON","CRAIG JENSEN","skipped","skipped","skipped","skipped","skipped"
"SP2317","MICHAEL SNELSON","CRAIG JENSEN","XIMENA M. BISHOP","skipped","skipped","MARCIA CONOVER-HARRIS","CRAIG CONOVER"
"SP2318","XIMENA M. BISHOP","MARCIA CONOVER-HARRIS","MICHAEL SNELSON","CRAIG JENSEN","AMANDA MILLER","CRAIG CONOVER","DALE WATSON"
"SP2319","MICHAEL SNELSON","CRAIG JENSEN","CRAIG CONOVER","DALE WATSON","XIMENA M. BISHOP","MARCIA CONOVER-HARRIS","AMANDA MILLER"
"SP2320","MICHAEL SNELSON","XIMENA M. BISHOP","CRAIG CONOVER","MARCIA CONOVER-HARRIS","CRAIG JENSEN","AMANDA MILLER","DALE WATSON"
"SP2321","MICHAEL SNELSON","DALE WATSON","CRAIG JENSEN","CRAIG CONOVER","MARCIA CONOVER-HARRIS","AMANDA MILLER","XIMENA M. BISHOP"
"SP2322","MICHAEL SNELSON","CRAIG JENSEN","skipped","skipped","skipped","skipped","skipped"
"SP2323","CRAIG JENSEN","MICHAEL SNELSON","skipped","skipped","skipped","skipped","skipped"
"SP2324","XIMENA M. BISHOP","CRAIG JENSEN","CRAIG CONOVER","DALE WATSON","MARCIA CONOVER-HARRIS","MICHAEL SNELSON","AMANDA MILLER"
"SP2325","skipped","skipped","skipped","skipped","skipped","skipped","skipped"
"SP2326","AMANDA MILLER","XIMENA M. BISHOP","MICHAEL SNELSON","CRAIG JENSEN","DALE WATSON","MARCIA CONOVER-HARRIS","CRAIG CONOVER"
"SP2327","XIMENA M. BISHOP","DALE WATSON","AMANDA MILLER","MARCIA CONOVER-HARRIS","CRAIG CONOVER","CRAIG JENSEN","MICHAEL SNELSON"
"SP2328","MARCIA CONOVER-HARRIS","XIMENA M. BISHOP","CRAIG JENSEN","AMANDA MILLER","MICHAEL SNELSON","CRAIG CONOVER","DALE WATSON"
"SP2329","AMANDA MILLER","MARCIA CONOVER-HARRIS","CRAIG CONOVER","CRAIG JENSEN","MICHAEL SNELSON","XIMENA M. BISHOP","DALE WATSON"
"SP2330","MICHAEL SNELSON","AMANDA MILLER","CRAIG JENSEN","CRAIG CONOVER","MARCIA CONOVER-HARRIS","DALE WATSON","XIMENA M. BISHOP"
"SP2331","MICHAEL SNELSON","MICHAEL SNELSON","MICHAEL SNELSON","MICHAEL SNELSON","MICHAEL SNELSON","MICHAEL SNELSON","MICHAEL SNELSON"
"SP2332","MICHAEL SNELSON","DALE WATSON","CRAIG JENSEN","XIMENA M. BISHOP","CRAIG CONOVER","MARCIA CONOVER-HARRIS","AMANDA MILLER"
"SP2333","AMANDA MILLER","DALE WATSON","CRAIG CONOVER","skipped","skipped","skipped","skipped"
"SP2334","CRAIG CONOVER","CRAIG JENSEN","MICHAEL SNELSON","MARCIA CONOVER-HARRIS","AMANDA MILLER","DALE WATSON","XIMENA M. BISHOP"
"SP2335","MICHAEL SNELSON","XIMENA M. BISHOP","MARCIA CONOVER-HARRIS","CRAIG JENSEN","AMANDA MILLER","CRAIG CONOVER","DALE WATSON"
"SP2336","MICHAEL SNELSON","CRAIG CONOVER","DALE WATSON","MARCIA CONOVER-HARRIS","XIMENA M. BISHOP","CRAIG JENSEN","AMANDA MILLER"
"SP2337","MICHAEL SNELSON","CRAIG JENSEN","CRAIG CONOVER","MARCIA CONOVER-HARRIS","DALE WATSON","AMANDA MILLER","XIMENA M. BISHOP"
"SP2338","XIMENA M. BISHOP","CRAIG CONOVER","CRAIG JENSEN","MARCIA CONOVER-HARRIS","MICHAEL SNELSON","AMANDA MILLER","DALE WATSON"
"SP2339","MARCIA CONOVER-HARRIS","AMANDA MILLER","skipped","skipped","skipped","skipped","skipped"
"SP2340","MICHAEL SNELSON","CRAIG JENSEN","CRAIG CONOVER","DALE WATSON","XIMENA M. BISHOP","MARCIA CONOVER-HARRIS","AMANDA MILLER"
"SP2341","MARCIA CONOVER-HARRIS","CRAIG CONOVER","AMANDA MILLER","CRAIG JENSEN","MICHAEL SNELSON","XIMENA M. BISHOP","DALE WATSON"
"SP2342","XIMENA M. BISHOP","MARCIA CONOVER-HARRIS","AMANDA MILLER","CRAIG JENSEN","skipped","MICHAEL SNELSON","CRAIG CONOVER"
"SP2343","CRAIG JENSEN","MICHAEL SNELSON","XIMENA M. BISHOP","AMANDA MILLER","DALE WATSON","MARCIA CONOVER-HARRIS","CRAIG CONOVER"
"SP2344","AMANDA MILLER","MARCIA CONOVER-HARRIS","CRAIG CONOVER","CRAIG JENSEN","DALE WATSON","XIMENA M. BISHOP","MICHAEL SNELSON"
"SP2345","CRAIG CONOVER","MARCIA CONOVER-HARRIS","AMANDA MILLER","DALE WATSON","MICHAEL SNELSON","CRAIG JENSEN","XIMENA M. BISHOP"
"SP2346","MICHAEL SNELSON","CRAIG JENSEN","XIMENA M. BISHOP","skipped","skipped","skipped","skipped"
"SP2347","CRAIG CONOVER","MARCIA CONOVER-HARRIS","DALE WATSON","AMANDA MILLER","MICHAEL SNELSON","CRAIG JENSEN","XIMENA M. BISHOP"
"SP2348","CRAIG JENSEN","DALE WATSON","MICHAEL SNELSON","XIMENA M. BISHOP","CRAIG CONOVER","MARCIA CONOVER-HARRIS","AMANDA MILLER"
"SP2349","MICHAEL SNELSON","AMANDA MILLER","skipped","skipped","skipped","skipped","skipped"
"SP2350","MARCIA CONOVER-HARRIS","CRAIG CONOVER","AMANDA MILLER","XIMENA M. BISHOP","DALE WATSON","MICHAEL SNELSON","CRAIG JENSEN"
"SP2351","MICHAEL SNELSON","XIMENA M. BISHOP","CRAIG CONOVER","MARCIA CONOVER-HARRIS","DALE WATSON","CRAIG JENSEN","AMANDA MILLER"
"SP2352","CRAIG CONOVER","MARCIA CONOVER-HARRIS","skipped","skipped","skipped","skipped","skipped"
"SP2353","MICHAEL SNELSON","DALE WATSON","XIMENA M. BISHOP","CRAIG JENSEN","CRAIG CONOVER","MARCIA CONOVER-HARRIS","AMANDA MILLER"
"SP2354","CRAIG CONOVER","MARCIA CONOVER-HARRIS","skipped","skipped","skipped","skipped","skipped"
"SP2355","CRAIG JENSEN","MICHAEL SNELSON","DALE WATSON","AMANDA MILLER","XIMENA M. BISHOP","skipped","skipped"
"SP2356","MICHAEL SNELSON","DALE WATSON","CRAIG JENSEN","skipped","skipped","skipped","skipped"
"SP2357","MICHAEL SNELSON","MARCIA CONOVER-HARRIS","XIMENA M. BISHOP","AMANDA MILLER","CRAIG JENSEN","DALE WATSON","CRAIG CONOVER"
"SP2358","MICHAEL SNELSON","CRAIG JENSEN","CRAIG CONOVER","DALE WATSON","XIMENA M. BISHOP","MARCIA CONOVER-HARRIS","AMANDA MILLER"
"SP2359","MICHAEL SNELSON","CRAIG CONOVER","MARCIA CONOVER-HARRIS","CRAIG JENSEN","AMANDA MILLER","DALE WATSON","XIMENA M. BISHOP"
"SP2360","AMANDA MILLER","MARCIA CONOVER-HARRIS","XIMENA M. BISHOP","CRAIG CONOVER","DALE WATSON","MICHAEL SNELSON","CRAIG JENSEN"
"SP2361","CRAIG JENSEN","MICHAEL SNELSON","DALE WATSON","AMANDA MILLER","CRAIG CONOVER","MARCIA CONOVER-HARRIS","XIMENA M. BISHOP"
"SP2362","CRAIG JENSEN","MARCIA CONOVER-HARRIS","CRAIG CONOVER","DALE WATSON","skipped","skipped","skipped"
"SP2363","MICHAEL SNELSON","CRAIG JENSEN","XIMENA M. BISHOP","DALE WATSON","MARCIA CONOVER-HARRIS","AMANDA MILLER","CRAIG CONOVER"
"SP2364","CRAIG JENSEN","MICHAEL SNELSON","DALE WATSON","XIMENA M. BISHOP","MARCIA CONOVER-HARRIS","CRAIG CONOVER","AMANDA MILLER"
"SP2365","CRAIG JENSEN","MICHAEL SNELSON","DALE WATSON","AMANDA MILLER","XIMENA M. BISHOP","CRAIG CONOVER","MARCIA CONOVER-HARRIS"
"SP2366","MICHAEL SNELSON","XIMENA M. BISHOP","CRAIG JENSEN","AMANDA MILLER","DALE WATSON","MARCIA CONOVER-HARRIS","CRAIG CONOVER"
"SP2367","CRAIG CONOVER","MARCIA CONOVER-HARRIS","MICHAEL SNELSON","CRAIG JENSEN","DALE WATSON","AMANDA MILLER","XIMENA M. BISHOP"
"SP2368","XIMENA M. BISHOP","AMANDA MILLER","DALE WATSON","CRAIG JENSEN","CRAIG CONOVER","MICHAEL SNELSON","MARCIA CONOVER-HARRIS"
"SP2369","MICHAEL SNELSON","CRAIG JENSEN","CRAIG CONOVER","AMANDA MILLER","DALE WATSON","XIMENA M. BISHOP","MARCIA CONOVER-HARRIS"
"SP2370","CRAIG JENSEN","XIMENA M. BISHOP","MICHAEL SNELSON","AMANDA MILLER","skipped","skipped","skipped"
"SP2371","MICHAEL SNELSON","DALE WATSON","AMANDA MILLER","CRAIG JENSEN","XIMENA M. BISHOP","CRAIG CONOVER","MARCIA CONOVER-HARRIS"
"SP2372","MARCIA CONOVER-HARRIS","CRAIG CONOVER","DALE WATSON","XIMENA M. BISHOP","AMANDA MILLER","CRAIG JENSEN","MICHAEL SNELSON"
"SP2373","DALE WATSON","CRAIG CONOVER","AMANDA MILLER","MARCIA CONOVER-HARRIS","XIMENA M. BISHOP","CRAIG JENSEN","MICHAEL SNELSON"
"SP2374","AMANDA MILLER","CRAIG JENSEN","DALE WATSON","CRAIG CONOVER","MARCIA CONOVER-HARRIS","MICHAEL SNELSON","XIMENA M. BISHOP"
"SP2375","DALE WATSON","XIMENA M. BISHOP","MICHAEL SNELSON","CRAIG JENSEN","CRAIG CONOVER","MARCIA CONOVER-HARRIS","AMANDA MILLER"
"SP2376","MICHAEL SNELSON","AMANDA MILLER","CRAIG JENSEN","XIMENA M. BISHOP","DALE WATSON","MARCIA CONOVER-HARRIS","CRAIG CONOVER"
"SP2377","MICHAEL SNELSON","CRAIG JENSEN","MARCIA CONOVER-HARRIS","CRAIG CONOVER","DALE WATSON","XIMENA M. BISHOP","AMANDA MILLER"
"SP2378","CRAIG JENSEN","DALE WATSON","MICHAEL SNELSON","XIMENA M. BISHOP","CRAIG CONOVER","MARCIA CONOVER-HARRIS","AMANDA MILLER"
"SP2379","MICHAEL SNELSON","CRAIG JENSEN","skipped","skipped","skipped","skipped","skipped"
"SP2380","DALE WATSON","AMANDA MILLER","MARCIA CONOVER-HARRIS","XIMENA M. BISHOP","MICHAEL SNELSON","CRAIG JENSEN","CRAIG CONOVER"
"SP2381","XIMENA M. BISHOP","MARCIA CONOVER-HARRIS","CRAIG CONOVER","MICHAEL SNELSON","skipped","skipped","skipped"
"SP2382","skipped","skipped","skipped","skipped","skipped","skipped","skipped"
"SP2383","MICHAEL SNELSON","MARCIA CONOVER-HARRIS","AMANDA MILLER","CRAIG CONOVER","CRAIG JENSEN","DALE WATSON","XIMENA M. BISHOP"
"SP2384","XIMENA M. BISHOP","AMANDA MILLER","MARCIA CONOVER-HARRIS","CRAIG CONOVER","CRAIG JENSEN","MICHAEL SNELSON","DALE WATSON"
"SP2385","CRAIG JENSEN","MICHAEL SNELSON","CRAIG CONOVER","DALE WATSON","AMANDA MILLER","MARCIA CONOVER-HARRIS","XIMENA M. BISHOP"
"SP2386","XIMENA M. BISHOP","CRAIG CONOVER","CRAIG JENSEN","MARCIA CONOVER-HARRIS","MICHAEL SNELSON","AMANDA MILLER","DALE WATSON"
"SP2387","CRAIG JENSEN","MICHAEL SNELSON","XIMENA M. BISHOP","DALE WATSON","MARCIA CONOVER-HARRIS","AMANDA MILLER","CRAIG CONOVER"
"SP2388","CRAIG JENSEN","MICHAEL SNELSON","DALE WATSON","skipped","skipped","skipped","overvote"
"SP2389","MARCIA CONOVER-HARRIS","MICHAEL SNELSON","CRAIG CONOVER","XIMENA M. BISHOP","CRAIG JENSEN","DALE WATSON","AMANDA MILLER"
"SP2390","CRAIG JENSEN","MICHAEL SNELSON","MARCIA CONOVER-HARRIS","CRAIG CONOVER","DALE WATSON","XIMENA M. BISHOP","AMANDA MILLER"
"SP2391","MICHAEL SNELSON","CRAIG JENSEN","CRAIG CONOVER","DALE WATSON","XIMENA M. BISHOP","MARCIA CONOVER-HARRIS","AMANDA MILLER"
"SP2392","MICHAEL SNELSON","MARCIA CONOVER-HARRIS","AMANDA MILLER","CRAIG JENSEN","CRAIG CONOVER","XIMENA M. BISHOP","DALE WATSON"
"SP2393","AMANDA MILLER","DALE WATSON","CRAIG CONOVER","MARCIA CONOVER-HARRIS","XIMENA M. BISHOP","MICHAEL SNELSON","CRAIG JENSEN"
"SP2394","CRAIG CONOVER","MARCIA CONOVER-HARRIS","DALE WATSON","XIMENA M. BISHOP","MICHAEL SNELSON","CRAIG JENSEN","AMANDA MILLER"
"SP2395","CRAIG CONOVER","MICHAEL SNELSON","XIMENA M. BISHOP","DALE WATSON","MARCIA CONOVER-HARRIS","AMANDA MILLER","CRAIG JENSEN"
"SP2396","CRAIG CONOVER","skipped","skipped","skipped","skipped","skipped","skipped"
"SP2397","MICHAEL SNELSON","XIMENA M. BISHOP","CRAIG JENSEN","skipped","skipped","skipped","skipped"
"SP2398","CRAIG JENSEN","skipped","skipped","skipped","skipped","skipped","skipped"
"SP2399","MICHAEL SNELSON","CRAIG JENSEN","skipped","skipped","skipped","skipped","skipped"
"SP2400","AMANDA MILLER","XIMENA M. BISHOP","DALE WATSON","MARCIA CONOVER-HARRIS","MICHAEL SNELSON","CRAIG JENSEN","CRAIG CONOVER"
"SP2401","CRAIG CONOVER","DALE WATSON","MICHAEL SNELSON","XIMENA M. BISHOP","CRAIG JENSEN","MARCIA CONOVER-HARRIS","AMANDA MILLER"
"SP2402","CRAIG CONOVER","AMANDA MILLER","MICHAEL SNELSON","DALE WATSON","CRAIG JENSEN","MARCIA CONOVER-HARRIS","XIMENA M. BISHOP"
"SP2403","CRAIG CONOVER","MARCIA CONOVER-HARRIS","XIMENA M. BISHOP","MICHAEL SNELSON","CRAIG JENSEN","AMANDA MILLER","DALE WATSON"
"SP2404","MARCIA CONOVER-HARRIS","AMANDA MILLER","CRAIG CONOVER","CRAIG JENSEN","MICHAEL SNELSON","skipped","skipped"
"SP2405","MICHAEL SNELSON","CRAIG JENSEN","XIMENA M. BISHOP","CRAIG CONOVER","MARCIA CONOVER-HARRIS","AMANDA MILLER","DALE WATSON"
"SP2406","MICHAEL SNELSON","DALE WATSON","CRAIG JENSEN","AMANDA MILLER","CRAIG CONOVER","MARCIA CONOVER-HARRIS","XIMENA M. BISHOP"
"SP2407","CRAIG JENSEN","MARCIA CONOVER-HARRIS","MICHAEL SNELSON","skipped","skipped","skipped","skipped"
"SP2408","MICHAEL SNELSON","AMANDA MILLER","CRAIG CONOVER","DALE WATSON","XIMENA M. BISHOP","MARCIA CONOVER-HARRIS","CRAIG JENSEN"
"SP2409","CRAIG CONOVER","MICHAEL SNELSON","DALE WATSON","XIMENA M. BISHOP","MARCIA CONOVER-HARRIS","CRAIG JENSEN","AMANDA MILLER"
"SP2410","XIMENA M. BISHOP","XIMENA M. BISHOP","XIMENA M. BISHOP","DALE WATSON","DALE WATSON","DALE WATSON","DALE WATSON"
"SP2411","XIMENA M. BISHOP","MARCIA CONOVER-HARRIS","MICHAEL SNELSON","CRAIG JENSEN","CRAIG CONOVER","AMANDA MILLER","DALE WATSON"
"SP2412","MICHAEL SNELSON","CRAIG JENSEN","XIMENA M. BISHOP","CRAIG CONOVER","AMANDA MILLER","MARCIA CONOVER-HARRIS","DALE WATSON"
"SP2413","skipped","skipped","skipped","skipped","skipped","skipped","skipped"
"SP2414","MICHAEL SNELSON","CRAIG CONOVER","skipped","skipped","skipped","skipped","skipped"
"SP2415","MICHAEL SNELSON","CRAIG JENSEN","skipped","skipped","skipped","skipped","skipped"
"SP2416","MARCIA CONOVER-HARRIS","XIMENA M. BISHOP","MICHAEL SNELSON","CRAIG JENSEN","CRAIG CONOVER","AMANDA MILLER","DALE WATSON"
"SP2417","MARCIA CONOVER-HARRIS","CRAIG CONOVER","MICHAEL SNELSON","AMANDA MILLER","XIMENA M. BISHOP","CRAIG JENSEN","DALE WATSON"
"SP2418","MICHAEL SNELSON","CRAIG JENSEN","skipped","skipped","skipped","skipped","skipped"
"SP2419","MICHAEL SNELSON","CRAIG JENSEN","MARCIA CONOVER-HARRIS","XIMENA M. BISHOP","AMANDA MILLER","CRAIG CONOVER","DALE WATSON"
"SP2420","CRAIG CONOVER","MARCIA CONOVER-HARRIS","AMANDA MILLER","DALE WATSON","XIMENA M. BISHOP","CRAIG JENSEN","MICHAEL SNELSON"
"SP2421","CRAIG CONOVER","MARCIA CONOVER-HARRIS","MICHAEL SNELSON","DALE WATSON","AMANDA MILLER","XIMENA M. BISHOP","CRAIG JENSEN"
"SP2422","CRAIG JENSEN","MICHAEL SNELSON","skipped","skipped","skipped","skipped","skipped"
"SP2423","XIMENA M. BISHOP","CRAIG CONOVER","MARCIA CONOVER-HARRIS","AMANDA MILLER","MICHAEL SNELSON","CRAIG JENSEN","DALE WATSON"
"SP2424","CRAIG JENSEN","CRAIG CONOVER","MICHAEL SNELSON","MARCIA CONOVER-HARRIS","AMANDA MILLER","DALE WATSON","XIMENA M. BISHOP"
"SP2425","MARCIA CONOVER-HARRIS","AMANDA MILLER","DALE WATSON","XIMENA M. BISHOP","MICHAEL SNELSON","CRAIG JENSEN","CRAIG JENSEN"
"SP2426","CRAIG CONOVER","MICHAEL SNELSON","CRAIG JENSEN","DALE WATSON","AMANDA MILLER","MARCIA CONOVER-HARRIS","XIMENA M. BISHOP"
"SP2427","CRAIG CONOVER","DALE WATSON","AMANDA MILLER","skipped","skipped","skipped","skipped"
"SP2428","MICHAEL SNELSON","CRAIG JENSEN","CRAIG CONOVER","DALE WATSON","XIMENA M. BISHOP","MARCIA CONOVER-HARRIS","AMANDA MILLER"
"SP2429","AMANDA MILLER","MARCIA CONOVER-HARRIS","XIMENA M. BISHOP","CRAIG CONOVER","CRAIG JENSEN","MICHAEL SNELSON","DALE WATSON"
"SP2430","MICHAEL SNELSON","CRAIG CONOVER","CRAIG JENSEN","DALE WATSON","XIMENA M. BISHOP","AMANDA MILLER","MARCIA CONOVER-HARRIS"
"SP2431","CRAIG JENSEN","MICHAEL SNELSON","CRAIG CONOVER","AMANDA MILLER","MARCIA CONOVER-HARRIS","DALE WATSON","XIMENA M. BISHOP"
"SP2432","XIMENA M. BISHOP","CRAIG JENSEN","MARCIA CONOVER-HARRIS","AMANDA MILLER","DALE WATSON","MICHAEL SNELSON","CRAIG CONOVER"
"SP2433","MICHAEL SNELSON","DALE WATSON","XIMENA M. BISHOP","CRAIG CONOVER","CRAIG JENSEN","MARCIA CONOVER-HARRIS","AMANDA MILLER"
"SP2434","DALE WATSON","MICHAEL SNELSON","CRAIG JENSEN","AMANDA MILLER","CRAIG CONOVER","MARCIA CONOVER-HARRIS","XIMENA M. BISHOP"
"SP2435","overvote","skipped","skipped","skipped","skipped","skipped","skipped"
"SP2436","DALE WATSON","XIMENA M. BISHOP","CRAIG JENSEN","MICHAEL SNELSON","AMANDA MILLER","MARCIA CONOVER-HARRIS","CRAIG CONOVER"
"SP2437","CRAIG CONOVER","MICHAEL SNELSON","AMANDA MILLER","DALE WATSON","skipped","overvote","XIMENA M. BISHOP"
"SP2438","overvote","CRAIG JENSEN","CRAIG CONOVER","MARCIA CONOVER-HARRIS","AMANDA MILLER","XIMENA M. BISHOP","DALE WATSON"
"SP2439","MICHAEL SNELSON","CRAIG JENSEN","DALE WATSON","skipped","skipped","skipped","skipped"
"SP2440","AMANDA MILLER","CRAIG CONOVER","DALE WATSON","MICHAEL SNELSON","CRAIG JENSEN","MARCIA CONOVER-HARRIS","XIMENA M. BISHOP"
"SP2441","MICHAEL SNELSON","CRAIG JENSEN","DALE WATSON","XIMENA M. BISHOP","AMANDA MILLER","CRAIG CONOVER","MARCIA CONOVER-HARRIS"
"SP2442","CRAIG CONOVER","CRAIG JENSEN","XIMENA M. BISHOP","MICHAEL SNELSON","MARCIA CONOVER-HARRIS","AMANDA MILLER","DALE WATSON"
"SP2443","MICHAEL SNELSON","CRAIG JENSEN","DALE WATSON","XIMENA M. BISHOP","AMANDA MILLER","MARCIA CONOVER-HARRIS","CRAIG CONOVER"
"SP2444","MICHAEL SNELSON","DALE WATSON","CRAIG JENSEN","CRAIG CONOVER","XIMENA M. BISHOP","MARCIA CONOVER-HARRIS","AMANDA MILLER"
"SP2445","MICHAEL SNELSON","CRAIG JENSEN","CRAIG CONOVER","DALE WATSON","XIMENA M. BISHOP","MARCIA CONOVER-HARRIS","AMANDA MILLER"
"SP2446","CRAIG JENSEN","MICHAEL SNELSON","AMANDA MILLER","DALE WATSON","XIMENA M. BISHOP","MARCIA CONOVER-HARRIS","CRAIG JENSEN"
"SP2447","CRAIG CONOVER","MARCIA CONOVER-HARRIS","MICHAEL SNELSON","CRAIG JENSEN","AMANDA MILLER","DALE WATSON","XIMENA M. BISHOP"
"SP2448","MICHAEL SNELSON","AMANDA MILLER","CRAIG JENSEN","XIMENA M. BISHOP","MARCIA CONOVER-HARRIS","DALE WATSON","CRAIG CONOVER"
"SP2449","MARCIA CONOVER-HARRIS","DALE WATSON","MICHAEL SNELSON","CRAIG JENSEN","CRAIG CONOVER","AMANDA MILLER","XIMENA M. BISHOP"
"SP2450","MICHAEL SNELSON","XIMENA M. BISHOP","CRAIG CONOVER","CRAIG JENSEN","MARCIA CONOVER-HARRIS","DALE WATSON","AMANDA MILLER"
"SP2451","CRAIG CONOVER","MICHAEL SNELSON","CRAIG JENSEN","MARCIA CONOVER-HARRIS","AMANDA MILLER","DALE WATSON","XIMENA M. BISHOP"
"SP2452","MICHAEL SNELSON","CRAIG JENSEN","CRAIG CONOVER","MARCIA CONOVER-HARRIS","skipped","skipped","skipped"
"SP2453","MICHAEL SNELSON","XIMENA M. BISHOP","CRAIG JENSEN","CRAIG CONOVER","MARCIA CONOVER-HARRIS","AMANDA MILLER","AMANDA MILLER"
"SP2454","overvote","overvote","DALE WATSON","skipped","skipped","skipped","skipped"
"SP2455","MARCIA CONOVER-HARRIS","CRAIG CONOVER","AMANDA MILLER","XIMENA M. BISHOP","DALE WATSON","MICHAEL SNELSON","CRAIG JENSEN"
"SP2456","MICHAEL SNELSON","CRAIG JENSEN","XIMENA M. BISHOP","MARCIA CONOVER-HARRIS","CRAIG CONOVER","AMANDA MILLER","DALE WATSON"
"SP2457","CRAIG JENSEN","skipped","skipped","skipped","skipped","skipped","skipped"
"SP2458","CRAIG JENSEN","DALE WATSON","XIMENA M. BISHOP","MICHAEL SNELSON","skipped","skipped","skipped"
"SP2459","MICHAEL SNELSON","CRAIG CONOVER","AMANDA MILLER","XIMENA M. BISHOP","CRAIG JENSEN","MARCIA CONOVER-HARRIS","DALE WATSON"
"SP2460","MICHAEL SNELSON","CRAIG CONOVER","XIMENA M. BISHOP","CRAIG JENSEN","AMANDA MILLER","DALE WATSON","MARCIA CONOVER-HARRIS"
"SP2461","AMANDA MILLER","MARCIA CONOVER-HARRIS","XIMENA M. BISHOP","MICHAEL SNELSON","CRAIG JENSEN","CRAIG CONOVER","DALE WATSON"
"SP2462","CRAIG JENSEN","MICHAEL SNELSON","AMANDA MILLER","DALE WATSON","XIMENA M. BISHOP","MARCIA CONOVER-HARRIS","CRAIG CONOVER"
"SP2463","CRAIG JENSEN","MICHAEL SNELSON","skipped","skipped","skipped","skipped","skipped"
"SP2464","MICHAEL SNELSON","DALE WATSON","AMANDA MILLER","CRAIG JENSEN","CRAIG CONOVER","XIMENA M. BISHOP","MARCIA CONOVER-HARRIS"
"SP2465","MICHAEL SNELSON","CRAIG JENSEN","CRAIG CONOVER","MARCIA CONOVER-HARRIS","XIMENA M. BISHOP","DALE WATSON","AMANDA MILLER"
"SP2466","DALE WATSON","XIMENA M. BISHOP","CRAIG JENSEN","MICHAEL SNELSON","AMANDA MILLER","MARCIA CONOVER-HARRIS","CRAIG CONOVER"
"SP2467","AMANDA MILLER","skipped","skipped","skipped","skipped","skipped","skipped"
"SP2468","MARCIA CONOVER-HARRIS","CRAIG CONOVER","XIMENA M. BISHOP","CRAIG JENSEN","DALE WATSON","MICHAEL SNELSON","AMANDA MILLER"
"SP2469","CRAIG CONOVER","XIMENA M. BISHOP","CRAIG JENSEN","DALE WATSON","CRAIG CONOVER","MARCIA CONOVER-HARRIS","AMANDA MILLER"
"SP2470","AMANDA MILLER","skipped","skipped","skipped","skipped","skipped","skipped"
"SP2471","MARCIA CONOVER-HARRIS","CRAIG CONOVER","AMANDA MILLER","XIMENA M. BISHOP","MICHAEL SNELSON","CRAIG JENSEN","DALE WATSON"
"SP2472","CRAIG CONOVER","CRAIG JENSEN","MARCIA CONOVER-HARRIS","MICHAEL SNELSON","XIMENA M. BISHOP","DALE WATSON","AMANDA MILLER"
"SP2473","CRAIG CONOVER","MARCIA CONOVER-HARRIS","AMANDA MILLER","MICHAEL SNELSON","CRAIG JENSEN","XIMENA M. BISHOP","DALE WATSON"
"SP2474","MICHAEL SNELSON","CRAIG JENSEN","DALE WATSON","AMANDA MILLER","XIMENA M. BISHOP","CRAIG CONOVER","MARCIA CONOVER-HARRIS"
"SP2475","MICHAEL SNELSON","CRAIG CONOVER","MARCIA CONOVER-HARRIS","skipped","skipped","skipped","skipped"
"SP2476","MICHAEL SNELSON","CRAIG CONOVER","CRAIG JENSEN","XIMENA M. BISHOP","MARCIA CONOVER-HARRIS","DALE WATSON","AMANDA MILLER"
"SP2477","overvote","overvote","XIMENA M. BISHOP","skipped","skipped","skipped","skipped"
"SP2478","MICHAEL SNELSON","CRAIG JENSEN","MARCIA CONOVER-HARRIS","AMANDA MILLER","XIMENA M. BISHOP","DALE WATSON","CRAIG CONOVER"
"SP2479","MICHAEL SNELSON","CRAIG CONOVER","MARCIA CONOVER-HARRIS","CRAIG JENSEN","AMANDA MILLER","XIMENA M. BISHOP","DALE WATSON"
"SP2480","CRAIG CONOVER","MICHAEL SNELSON","DALE WATSON","XIMENA M. BISHOP","CRAIG JENSEN","MARCIA CONOVER-HARRIS","AMANDA MILLER"
"SP2481","MARCIA CONOVER-HARRIS","CRAIG CONOVER","AMANDA MILLER","XIMENA M. BISHOP","DALE WATSON","CRAIG JENSEN","MICHAEL SNELSON"
"SP2482","DALE WATSON","MICHAEL SNELSON","MARCIA CONOVER-HARRIS","CRAIG CONOVER","CRAIG JENSEN","XIMENA M. BISHOP","AMANDA MILLER"
"SP2483","XIMENA M. BISHOP","MARCIA CONOVER-HARRIS","CRAIG CONOVER","MICHAEL SNELSON","CRAIG JENSEN","AMANDA MILLER","DALE WATSON"
"SP2484","MICHAEL SNELSON","CRAIG CONOVER","CRAIG JENSEN","DALE WATSON","XIMENA M. BISHOP","AMANDA MILLER","MARCIA CONOVER-HARRIS"
"SP2485","MARCIA CONOVER-HARRIS","CRAIG CONOVER","MICHAEL SNELSON","XIMENA M. BISHOP","DALE WATSON","CRAIG JENSEN","AMANDA MILLER"
"SP2486","CRAIG CONOVER","MARCIA CONOVER-HARRIS","MICHAEL SNELSON","XIMENA M. BISHOP","DALE WATSON","CRAIG JENSEN","AMANDA MILLER"
"SP2487","CRAIG JENSEN","MICHAEL SNELSON","AMANDA MILLER","XIMENA M. BISHOP","DALE WATSON","MARCIA CONOVER-HARRIS","CRAIG CONOVER"
"SP2488","CRAIG JENSEN","skipped","skipped","skipped","skipped","skipped","skipped"
"SP2489","MICHAEL SNELSON","CRAIG JENSEN","MARCIA CONOVER-HARRIS","AMANDA MILLER","CRAIG CONOVER","XIMENA M. BISHOP","DALE WATSON"
"SP2490","skipped","skipped","skipped","skipped","CRAIG CONOVER","MARCIA CONOVER-HARRIS","AMANDA MILLER"
"SP2491","CRAIG CONOVER","MICHAEL SNELSON","MARCIA CONOVER-HARRIS","AMANDA MILLER","CRAIG JENSEN","XIMENA M. BISHOP","DALE WATSON"
"SP2492","MARCIA CONOVER-HARRIS","MICHAEL SNELSON","AMANDA MILLER","DALE WATSON","XIMENA M. BISHOP","CRAIG JENSEN","CRAIG CONOVER"
"SP2493","DALE WATSON","MARCIA CONOVER-HARRIS","MICHAEL SNELSON","CRAIG JENSEN","CRAIG CONOVER","AMANDA MILLER","XIMENA M. BISHOP"
"SP2494","CRAIG CONOVER","MARCIA CONOVER-HARRIS","AMANDA MILLER","MICHAEL SNELSON","skipped","DALE WATSON","XIMENA M. BISHOP"
"SP2495","DALE WATSON","MICHAEL SNELSON","CRAIG CONOVER","AMANDA MILLER","MARCIA CONOVER-HARRIS","XIMENA M. BISHOP","CRAIG JENSEN"
"SP2496","MICHAEL SNELSON","CRAIG JENSEN","DALE WATSON","XIMENA M. BISHOP","CRAIG CONOVER","AMANDA MILLER","MARCIA CONOVER-HARRIS"
"SP2497","CRAIG CONOVER","MARCIA CONOVER-HARRIS","AMANDA MILLER","CRAIG JENSEN","MICHAEL SNELSON","XIMENA M. BISHOP","DALE WATSON"
"SP2498","CRAIG CONOVER","MICHAEL SNELSON","MARCIA CONOVER-HARRIS","CRAIG JENSEN","AMANDA MILLER","DALE WATSON","XIMENA M. BISHOP"
"SP2499","CRAIG CONOVER","MARCIA CONOVER-HARRIS","MICHAEL SNELSON","skipped","skipped","skipped","skipped"
"SP2500","MICHAEL SNELSON","XIMENA M. BISHOP","CRAIG JENSEN","DALE WATSON","AMANDA MILLER","MARCIA CONOVER-HARRIS","CRAIG CONOVER"
"SP2501","AMANDA MILLER","MARCIA CONOVER-HARRIS","XIMENA M. BISHOP","CRAIG CONOVER","MICHAEL SNELSON","CRAIG JENSEN","DALE WATSON"
"SP2502","MICHAEL SNELSON","CRAIG JENSEN","skipped","skipped","skipped","skipped","skipped"
"SP2503","CRAIG JENSEN","DALE WATSON","MICHAEL SNELSON","XIMENA M. BISHOP","CRAIG CONOVER","MARCIA CONOVER-HARRIS","AMANDA MILLER"
"SP2504","AMANDA MILLER","MARCIA CONOVER-HARRIS","CRAIG CONOVER","CRAIG JENSEN","MICHAEL SNELSON","XIMENA M. BISHOP","DALE WATSON"
"SP2505","MICHAEL SNELSON","CRAIG CONOVER","DALE WATSON","CRAIG JENSEN","XIMENA M. BISHOP","MARCIA CONOVER-HARRIS","AMANDA MILLER"
"SP2506","MICHAEL SNELSON","CRAIG JENSEN","skipped","skipped","skipped","skipped","skipped"
"SP2507","MICHAEL SNELSON","CRAIG CONOVER","AMANDA MILLER","MARCIA CONOVER-HARRIS","CRAIG JENSEN","XIMENA M. BISHOP","DALE WATSON"
"SP2508","MICHAEL SNELSON","CRAIG JENSEN","MARCIA CONOVER-HARRIS","skipped","skipped","skipped","skipped"
"SP2509","DALE WATSON","MICHAEL SNELSON","CRAIG JENSEN","CRAIG CONOVER","MARCIA CONOVER-HARRIS","AMANDA MILLER","XIMENA M. BISHOP"
"SP2510","MICHAEL SNELSON","CRAIG JENSEN","DALE WATSON","XIMENA M. BISHOP","AMANDA MILLER","CRAIG CONOVER","MARCIA CONOVER-HARRIS"
"SP2511","CRAIG JENSEN","MARCIA CONOVER-HARRIS","AMANDA MILLER","DALE WATSON","CRAIG CONOVER","MICHAEL SNELSON","XIMENA M. BISHOP"
"SP2512","CRAIG JENSEN","MICHAEL SNELSON","skipped","skipped","skipped","skipped","skipped"
"SP2513","CRAIG JENSEN","MICHAEL SNELSON","DALE WATSON","XIMENA M. BISHOP","AMANDA MILLER","CRAIG CONOVER","MARCIA CONOVER-HARRIS"
"SP2514","XIMENA M. BISHOP","MARCIA CONOVER-HARRIS","AMANDA MILLER","CRAIG CONOVER","DALE WATSON","MICHAEL SNELSON","CRAIG JENSEN"
"SP2515","CRAIG JENSEN","MICHAEL SNELSON","DALE WATSON","XIMENA M. BISHOP","AMANDA MILLER","CRAIG CONOVER","MARCIA CONOVER-HARRIS"
"SP2516","CRAIG JENSEN","MICHAEL SNELSON","XIMENA M. BISHOP","skipped","skipped","skipped","skipped"
"SP2517","CRAIG JENSEN","DALE WATSON","MICHAEL SNELSON","CRAIG CONOVER","MARCIA CONOVER-HARRIS","XIMENA M. BISHOP","AMANDA MILLER"
"SP2518","MICHAEL SNELSON","CRAIG JENSEN","XIMENA M. BISHOP","CRAIG CONOVER","AMANDA MILLER","MARCIA CONOVER-HARRIS","DALE WATSON"
"SP2519","CRAIG JENSEN","MICHAEL SNELSON","skipped","skipped","skipped","skipped","skipped"
"SP2520","DALE WATSON","MICHAEL SNELSON","skipped","skipped","skipped","skipped","skipped"
"SP2521","CRAIG JENSEN","XIMENA M. BISHOP","MARCIA CONOVER-HARRIS","AMANDA MILLER","CRAIG CONOVER","MICHAEL SNELSON","DALE WATSON"
"SP2522","MICHAEL SNELSON","CRAIG CONOVER","MARCIA CONOVER-HARRIS","DALE WATSON","CRAIG JENSEN","AMANDA MILLER","XIMENA M. BISHOP"
"SP2523","XIMENA M. BISHOP","MARCIA CONOVER-HARRIS","MICHAEL SNELSON","CRAIG JENSEN","AMANDA MILLER","CRAIG CONOVER","DALE WATSON"
"SP2524","CRAIG JENSEN","CRAIG CONOVER","DALE WATSON","MARCIA CONOVER-HARRIS","AMANDA MILLER","XIMENA M. BISHOP","MICHAEL SNELSON"
"SP2525","MICHAEL SNELSON","CRAIG JENSEN","DALE WATSON","XIMENA M. BISHOP","AMANDA MILLER","CRAIG CONOVER","MARCIA CONOVER-HARRIS"
"SP2526","MICHAEL SNELSON","CRAIG JENSEN","XIMENA M. BISHOP","skipped","skipped","skipped","skipped"
"SP2527","AMANDA MILLER","DALE WATSON","CRAIG CONOVER","XIMENA M. BISHOP","MICHAEL SNELSON","MARCIA CONOVER-HARRIS","CRAIG JENSEN"
"SP2528","MICHAEL SNELSON","CRAIG CONOVER","CRAIG JENSEN","XIMENA M. BISHOP","DALE WATSON","AMANDA MILLER","MARCIA CONOVER-HARRIS"
"SP2529","MICHAEL SNELSON","CRAIG JENSEN","XIMENA M. BISHOP","skipped","skipped","skipped","skipped"
"SP2530","AMANDA MILLER","DALE WATSON","CRAIG CONOVER","XIMENA M. BISHOP","MICHAEL SNELSON","MARCIA CONOVER-HARRIS","CRAIG JENSEN"
"SP2531","MICHAEL SNELSON","AMANDA MILLER","DALE WATSON","CRAIG JENSEN","XIMENA M. BISHOP","MARCIA CONOVER-HARRIS","CRAIG CONOVER"
"SP2532","MICHAEL SNELSON","CRAIG JENSEN","XIMENA M. BISHOP","AMANDA MILLER","skipped","skipped","skipped"
"SP2533","MICHAEL SNELSON","MARCIA CONOVER-HARRIS","CRAIG CONOVER","XIMENA M. BISHOP","DALE WATSON","AMANDA MILLER","CRAIG JENSEN"
"SP2534","overvote","CRAIG JENSEN","skipped","skipped","skipped","skipped","skipped"
"SP2535","CRAIG JENSEN","DALE WATSON","MARCIA CONOVER-HARRIS","XIMENA M. BISHOP","AMANDA MILLER","MICHAEL SNELSON","CRAIG CONOVER"
"SP2536","DALE WATSON","XIMENA M. BISHOP","MICHAEL SNELSON","CRAIG JENSEN","MARCIA CONOVER-HARRIS","AMANDA MILLER","CRAIG CONOVER"
"SP2537","XIMENA M. BISHOP","AMANDA MILLER","XIMENA M. BISHOP","MARCIA CONOVER-HARRIS","CRAIG JENSEN","MICHAEL SNELSON","CRAIG CONOVER"
"SP2538","MICHAEL SNELSON","CRAIG JENSEN","skipped","skipped","skipped","skipped","skipped"
"SP2539","overvote","MICHAEL SNELSON","CRAIG JENSEN","XIMENA M. BISHOP","DALE WATSON","MARCIA CONOVER-HARRIS","AMANDA MILLER"
"SP2540","CRAIG JENSEN","MICHAEL SNELSON","DALE WATSON","CRAIG CONOVER","MARCIA CONOVER-HARRIS","overvote","AMANDA MILLER"
"SP2541","MICHAEL SNELSON","CRAIG JENSEN","skipped","skipped","skipped","skipped","skipped"
"SP2542","MICHAEL SNELSON","CRAIG JENSEN","DALE WATSON","skipped","skipped","skipped","skipped"
"SP2543","DALE WATSON","MICHAEL SNELSON","CRAIG JENSEN","CRAIG CONOVER","AMANDA MILLER","MARCIA CONOVER-HARRIS","XIMENA M. BISHOP"
"SP2544","CRAIG CONOVER","XIMENA M. BISHOP","MARCIA CONOVER-HARRIS","MICHAEL SNELSON","CRAIG JENSEN","AMANDA MILLER","DALE WATSON"
"SP2545","MICHAEL SNELSON","CRAIG CONOVER","CRAIG JENSEN","MARCIA CONOVER-HARRIS","skipped","skipped","skipped"
"SP2546","XIMENA M. BISHOP","MICHAEL SNELSON","CRAIG JENSEN","CRAIG CONOVER","MARCIA CONOVER-HARRIS","AMANDA MILLER","DALE WATSON"
"SP2547","MICHAEL SNELSON","AMANDA MILLER","DALE WATSON","CRAIG JENSEN","MARCIA CONOVER-HARRIS","XIMENA M. BISHOP","CRAIG CONOVER"
"SP2548","MARCIA CONOVER-HARRIS","CRAIG CONOVER","AMANDA MILLER","CRAIG JENSEN","MICHAEL SNELSON","XIMENA M. BISHOP","DALE WATSON"
"SP2549","MARCIA CONOVER-HARRIS","XIMENA M. BISHOP","CRAIG JENSEN","MICHAEL SNELSON","CRAIG CONOVER","DALE WATSON","AMANDA MILLER"
"SP2550","CRAIG CONOVER","MARCIA CONOVER-HARRIS","AMANDA MILLER","CRAIG JENSEN","MICHAEL SNELSON","XIMENA M. BISHOP","DALE WATSON"
"SP2551","CRAIG CONOVER","MICHAEL SNELSON","MARCIA CONOVER-HARRIS","XIMENA M. BISHOP","DALE WATSON","CRAIG JENSEN","AMANDA MILLER"
"SP2552","MICHAEL SNELSON","CRAIG JENSEN","AMANDA MILLER","DALE WATSON","XIMENA M. BISHOP","MARCIA CONOVER-HARRIS","CRAIG CONOVER"
"SP2553","MARCIA CONOVER-HARRIS","CRAIG CONOVER","skipped","skipped","skipped","skipped","skipped"
"SP2554","DALE WATSON","CRAIG JENSEN","CRAIG CONOVER","MARCIA CONOVER-HARRIS","MICHAEL SNELSON","AMANDA MILLER","XIMENA M. BISHOP"
"SP2555","DALE WATSON","CRAIG JENSEN","AMANDA MILLER","MICHAEL SNELSON","CRAIG CONOVER","MARCIA CONOVER-HARRIS","XIMENA M. BISHOP"
"SP2556","MICHAEL SNELSON","CRAIG JENSEN","skipped","skipped","skipped","skipped","skipped"
"SP2557","CRAIG CONOVER","MARCIA CONOVER-HARRIS","MICHAEL SNELSON","XIMENA M. BISHOP","CRAIG JENSEN","AMANDA MILLER","DALE WATSON"
"SP2558","MICHAEL SNELSON","CRAIG JENSEN","DALE WATSON","XIMENA M. BISHOP","AMANDA MILLER","MARCIA CONOVER-HARRIS","CRAIG CONOVER"
"SP2559","DALE WATSON","CRAIG JENSEN","AMANDA MILLER","MICHAEL SNELSON","CRAIG CONOVER","MARCIA CONOVER-HARRIS","XIMENA M. BISHOP"
"SP2560","DALE WATSON","MICHAEL SNELSON","skipped","skipped","skipped","skipped","skipped"
"SP2561","CRAIG JENSEN","MICHAEL SNELSON","XIMENA M. BISHOP","DALE WATSON","MARCIA CONOVER-HARRIS","CRAIG CONOVER","AMANDA MILLER"
"SP2562","XIMENA M. BISHOP","MICHAEL SNELSON","CRAIG JENSEN","DALE WATSON","MARCIA CONOVER-HARRIS","CRAIG CONOVER","AMANDA MILLER"
"SP2563","AMANDA MILLER","MARCIA CONOVER-HARRIS","XIMENA M. BISHOP","MICHAEL SNELSON","CRAIG JENSEN","CRAIG CONOVER","DALE WATSON"
"SP2564","MICHAEL SNELSON","CRAIG CONOVER","XIMENA M. BISHOP","MARCIA CONOVER-HARRIS","CRAIG JENSEN","DALE WATSON","AMANDA MILLER"
"SP2565","CRAIG CONOVER","MARCIA CONOVER-HARRIS","AMANDA MILLER","CRAIG JENSEN","MICHAEL SNELSON","XIMENA M. BISHOP","DALE WATSON"
"SP2566","DALE WATSON","AMANDA MILLER","MARCIA CONOVER-HARRIS","XIMENA M. BISHOP","MICHAEL SNELSON","CRAIG JENSEN","CRAIG CONOVER"
"SP2567","MICHAEL SNELSON","CRAIG JENSEN","XIMENA M. BISHOP","DALE WATSON","CRAIG CONOVER","AMANDA MILLER","MARCIA CONOVER-HARRIS"
"SP2568","XIMENA M. BISHOP","MICHAEL SNELSON","CRAIG JENSEN","MARCIA CONOVER-HARRIS","DALE WATSON","CRAIG CONOVER","AMANDA MILLER"
"SP2569","CRAIG CONOVER","XIMENA M. BISHOP","MARCIA CONOVER-HARRIS","CRAIG JENSEN","MICHAEL SNELSON","DALE WATSON","AMANDA MILLER"
"SP2570","MICHAEL SNELSON","CRAIG JENSEN","skipped","skipped","skipped","skipped","skipped"
"SP2571","CRAIG JENSEN","DALE WATSON","CRAIG CONOVER","XIMENA M. BISHOP","MICHAEL SNELSON","MARCIA CONOVER-HARRIS","AMANDA MILLER"
"SP2572","XIMENA M. BISHOP","MICHAEL SNELSON","CRAIG JENSEN","MARCIA CONOVER-HARRIS","CRAIG CONOVER","DALE WATSON","skipped"
"SP2573","XIMENA M. BISHOP","MICHAEL SNELSON","CRAIG JENSEN","CRAIG CONOVER","MARCIA CONOVER-HARRIS","DALE WATSON","AMANDA MILLER"
"SP2574","DALE WATSON","XIMENA M. BISHOP","MICHAEL SNELSON","CRAIG JENSEN","CRAIG CONOVER","skipped","skipped"
"SP2575","MICHAEL SNELSON","CRAIG JENSEN","XIMENA M. BISHOP","AMANDA MILLER","DALE WATSON","CRAIG CONOVER","MARCIA CONOVER-HARRIS"
"SP2576","CRAIG JENSEN","MICHAEL SNELSON","XIMENA M. BISHOP","AMANDA MILLER","DALE WATSON","CRAIG CONOVER","MARCIA CONOVER-HARRIS"
"SP2577","MICHAEL SNELSON","CRAIG JENSEN","XIMENA M. BISHOP","AMANDA MILLER","DALE WATSON","CRAIG CONOVER","MARCIA CONOVER-HARRIS"
"SP2578","MICHAEL SNELSON","CRAIG JENSEN","MARCIA CONOVER-HARRIS","AMANDA MILLER","DALE WATSON","XIMENA M. BISHOP","CRAIG CONOVER"
"SP2579","CRAIG CONOVER","CRAIG JENSEN","MICHAEL SNELSON","XIMENA M. BISHOP","MARCIA CONOVER-HARRIS","DALE WATSON","AMANDA MILLER"
"SP2580","MICHAEL SNELSON","XIMENA M. BISHOP","CRAIG JENSEN","AMANDA MILLER","XIMENA M. BISHOP","MARCIA CONOVER-HARRIS","CRAIG CONOVER"
"SP2581","CRAIG CONOVER","MARCIA CONOVER-HARRIS","skipped","skipped","skipped","skipped","skipped"
"SP2582","MARCIA CONOVER-HARRIS","CRAIG CONOVER","skipped","skipped","skipped","skipped","skipped"
"SP2583","DALE WATSON","MICHAEL SNELSON","AMANDA MILLER","XIMENA M. BISHOP","CRAIG JENSEN","CRAIG CONOVER","MARCIA CONOVER-HARRIS"
"SP2584","MICHAEL SNELSON","CRAIG JENSEN","AMANDA MILLER","DALE WATSON","XIMENA M. BISHOP","CRAIG CONOVER","MARCIA CONOVER-HARRIS"
"SP2585","MARCIA CONOVER-HARRIS","CRAIG CONOVER","CRAIG JENSEN","XIMENA M. BISHOP","MICHAEL SNELSON","DALE WATSON","AMANDA MILLER"
"SP2586","CRAIG CONOVER","MICHAEL SNELSON","MARCIA CONOVER-HARRIS","CRAIG JENSEN","AMANDA MILLER","XIMENA M. BISHOP","DALE WATSON"
"SP2587","MICHAEL SNELSON","CRAIG JENSEN","CRAIG CONOVER","XIMENA M. BISHOP","MARCIA CONOVER-HARRIS","DALE WATSON","AMANDA MILLER"
"SP2588","CRAIG CONOVER","MARCIA CONOVER-HARRIS","MICHAEL SNELSON","CRAIG JENSEN","XIMENA M. BISHOP","DALE WATSON","AMANDA MILLER"
"SP2589","skipped","skipped","skipped","skipped","skipped","skipped","skipped"
"SP2590","CRAIG CONOVER","MICHAEL SNELSON","AMANDA MILLER","MARCIA CONOVER-HARRIS","CRAIG JENSEN","DALE WATSON","XIMENA M. BISHOP"
"SP2591","AMANDA MILLER","skipped","skipped","skipped","skipped","skipped","skipped"
"SP2592","XIMENA M. BISHOP","AMANDA MILLER","CRAIG JENSEN","DALE WATSON","MICHAEL SNELSON","MARCIA CONOVER-HARRIS","CRAIG CONOVER"
"SP2593","overvote","overvote","MICHAEL SNELSON","MICHAEL SNELSON","MICHAEL SNELSON","MICHAEL SNELSON","MICHAEL SNELSON"
"SP2594","CRAIG JENSEN","CRAIG CONOVER","MARCIA CONOVER-HARRIS","MICHAEL SNELSON","XIMENA M. BISHOP","AMANDA MILLER","DALE WATSON"
"SP2595","XIMENA M. BISHOP","CRAIG CONOVER","MICHAEL SNELSON","CRAIG CONOVER","CRAIG JENSEN","DALE WATSON","AMANDA MILLER"
"SP2596","CRAIG JENSEN","MICHAEL SNELSON","AMANDA MILLER","XIMENA M. BISHOP","DALE WATSON","CRAIG CONOVER","MARCIA CONOVER-HARRIS"
"SP2597","CRAIG CONOVER","skipped","skipped","skipped","skipped","skipped","skipped"
"SP2598","skipped","skipped","skipped","skipped","skipped","overvote","overvote"
"SP2599","CRAIG CONOVER","MICHAEL SNELSON","CRAIG JENSEN","MARCIA CONOVER-HARRIS","XIMENA M. BISHOP","DALE WATSON","AMANDA MILLER"
"SP2600","DALE WATSON","MICHAEL SNELSON","AMANDA MILLER","XIMENA M. BISHOP","CRAIG JENSEN","CRAIG CONOVER","MARCIA CONOVER-HARRIS"
"SP2601","CRAIG JENSEN","MICHAEL SNELSON","skipped","skipped","skipped","skipped","skipped"
"SP2602","CRAIG JENSEN","skipped","skipped","skipped","skipped","skipped","skipped"
"SP2603","DALE WATSON","CRAIG CONOVER","MARCIA CONOVER-HARRIS","MICHAEL SNELSON","CRAIG JENSEN","AMANDA MILLER","XIMENA M. BISHOP"
"SP2604","CRAIG CONOVER","CRAIG JENSEN","DALE WATSON","XIMENA M. BISHOP","MICHAEL SNELSON","MARCIA CONOVER-HARRIS","AMANDA MILLER"
"SP2605","MICHAEL SNELSON","XIMENA M. BISHOP","DALE WATSON","CRAIG JENSEN","CRAIG CONOVER","MARCIA CONOVER-HARRIS","AMANDA MILLER"
"SP2606","AMANDA MILLER","MARCIA CONOVER-HARRIS","DALE WATSON","MICHAEL SNELSON","XIMENA M. BISHOP","MICHAEL SNELSON","CRAIG CONOVER"
"SP2607","overvote","skipped","skipped","skipped","skipped","skipped","skipped"
"SP2608","DALE WATSON","XIMENA M. BISHOP","MICHAEL SNELSON","AMANDA MILLER","CRAIG CONOVER","MARCIA CONOVER-HARRIS","CRAIG CONOVER"
"SP2609","XIMENA M. BISHOP","CRAIG CONOVER","MARCIA CONOVER-HARRIS","CRAIG JENSEN","MICHAEL SNELSON","AMANDA MILLER","DALE WATSON"
"SP2610","CRAIG JENSEN","CRAIG CONOVER","MARCIA CONOVER-HARRIS","DALE WATSON","AMANDA MILLER","MICHAEL SNELSON","XIMENA M. BISHOP"
"SP2611","CRAIG CONOVER","CRAIG JENSEN","DALE WATSON","AMANDA MILLER","MARCIA CONOVER-HARRIS","XIMENA M. BISHOP","MICHAEL SNELSON"
"SP2612","CRAIG JENSEN","CRAIG CONOVER","MARCIA CONOVER-HARRIS","MICHAEL SNELSON","AMANDA MILLER","DALE WATSON","XIMENA M. BISHOP"
"SP2613","CRAIG CONOVER","CRAIG JENSEN","DALE WATSON","AMANDA MILLER","MARCIA CONOVER-HARRIS","XIMENA M. BISHOP","MICHAEL SNELSON"
"SP2614","XIMENA M. BISHOP","CRAIG JENSEN","AMANDA MILLER","DALE WATSON","MICHAEL SNELSON","MARCIA CONOVER-HARRIS","CRAIG CONOVER"
"SP2615","CRAIG CONOVER","MICHAEL SNELSON","CRAIG JENSEN","MARCIA CONOVER-HARRIS","AMANDA MILLER","DALE WATSON","XIMENA M. BISHOP"
"SP2616","DALE WATSON","MICHAEL SNELSON","CRAIG JENSEN","CRAIG CONOVER","MARCIA CONOVER-HARRIS","AMANDA MILLER","skipped"
"SP2617","XIMENA M. BISHOP","MARCIA CONOVER-HARRIS","CRAIG CONOVER","MICHAEL SNELSON","CRAIG JENSEN","AMANDA MILLER","DALE WATSON"
"SP2618","MARCIA CONOVER-HARRIS","MICHAEL SNELSON","CRAIG JENSEN","AMANDA MILLER","CRAIG CONOVER","XIMENA M. BISHOP","DALE WATSON"
"SP2619","CRAIG CONOVER","XIMENA M. BISHOP","MICHAEL SNELSON","CRAIG JENSEN","MARCIA CONOVER-HARRIS","AMANDA MILLER","DALE WATSON"
"SP2620","CRAIG CONOVER","CRAIG JENSEN","MICHAEL SNELSON","XIMENA M. BISHOP","DALE WATSON","MARCIA CONOVER-HARRIS","AMANDA MILLER"
"SP2621","CRAIG CONOVER","CRAIG JENSEN","MICHAEL SNELSON","XIMENA M. BISHOP","DALE WATSON","AMANDA MILLER","MARCIA CONOVER-HARRIS"
"SP2622","MICHAEL SNELSON","DALE WATSON","CRAIG CONOVER","CRAIG JENSEN","XIMENA M. BISHOP","AMANDA MILLER","MARCIA CONOVER-HARRIS"
"SP2623","MICHAEL SNELSON","CRAIG CONOVER","MARCIA CONOVER-HARRIS","DALE WATSON","CRAIG JENSEN","XIMENA M. BISHOP","AMANDA MILLER"
"SP2624","XIMENA M. BISHOP","CRAIG CONOVER","MARCIA CONOVER-HARRIS","MICHAEL SNELSON","CRAIG JENSEN","AMANDA MILLER","DALE WATSON"
"SP2625","MICHAEL SNELSON","CRAIG CONOVER","MARCIA CONOVER-HARRIS","skipped","skipped","skipped","skipped"
"SP2626","XIMENA M. BISHOP","CRAIG CONOVER","CRAIG JENSEN","MICHAEL SNELSON","AMANDA MILLER","MARCIA CONOVER-HARRIS","DALE WATSON"
"SP2627","MICHAEL SNELSON","CRAIG JENSEN","DALE WATSON","XIMENA M. BISHOP","AMANDA MILLER","MARCIA CONOVER-HARRIS","CRAIG CONOVER"
"SP2628","DALE WATSON","CRAIG JENSEN","CRAIG CONOVER","MICHAEL SNELSON","AMANDA MILLER","MARCIA CONOVER-HARRIS","XIMENA M. BISHOP"
"SP2629","skipped","skipped","skipped","skipped","skipped","skipped","skipped"
"SP2630","overvote","skipped","skipped","skipped","skipped","skipped","skipped"
"SP2631","AMANDA MILLER","MARCIA CONOVER-HARRIS","XIMENA M. BISHOP","MICHAEL SNELSON","CRAIG JENSEN","CRAIG CONOVER","DALE WATSON"
"SP2632","MICHAEL SNELSON","DALE WATSON","CRAIG JENSEN","AMANDA MILLER","XIMENA M. BISHOP","CRAIG CONOVER","MARCIA CONOVER-HARRIS"
"SP2633","MICHAEL SNELSON","AMANDA MILLER","DALE WATSON","CRAIG JENSEN","MARCIA CONOVER-HARRIS","XIMENA M. BISHOP","CRAIG CONOVER"
"SP2634","XIMENA M. BISHOP","MARCIA CONOVER-HARRIS","CRAIG CONOVER","MICHAEL SNELSON","CRAIG JENSEN","AMANDA MILLER","DALE WATSON"
"SP2635","CRAIG JENSEN","MICHAEL SNELSON","CRAIG JENSEN","MICHAEL SNELSON","CRAIG JENSEN","MICHAEL SNELSON","CRAIG JENSEN"
"SP2636","MICHAEL SNELSON","CRAIG JENSEN","DALE WATSON","AMANDA MILLER","XIMENA M. BISHOP","CRAIG CONOVER","MARCIA CONOVER-HARRIS"
"SP2637","MICHAEL SNELSON","XIMENA M. BISHOP","CRAIG JENSEN","DALE WATSON","MARCIA CONOVER-HARRIS","CRAIG CONOVER","AMANDA MILLER"
"SP2638","DALE WATSON","CRAIG JENSEN","CRAIG CONOVER","MICHAEL SNELSON","AMANDA MILLER","MARCIA CONOVER-HARRIS","XIMENA M. BISHOP"
"SP2639","MICHAEL SNELSON","CRAIG JENSEN","XIMENA M. BISHOP","CRAIG CONOVER","MARCIA CONOVER-HARRIS","AMANDA MILLER","DALE WATSON"
"SP2640","MARCIA CONOVER-HARRIS","XIMENA M. BISHOP","AMANDA MILLER","MICHAEL SNELSON","CRAIG JENSEN","CRAIG CONOVER","DALE WATSON"
"SP2641","XIMENA M. BISHOP","MARCIA CONOVER-HARRIS","CRAIG JENSEN","MICHAEL SNELSON","CRAIG CONOVER","DALE WATSON","AMANDA MILLER"
"SP2642","MICHAEL SNELSON","CRAIG JENSEN","CRAIG CONOVER","XIMENA M. BISHOP","MARCIA CONOVER-HARRIS","AMANDA MILLER","DALE WATSON"
"SP2643","CRAIG JENSEN","MARCIA CONOVER-HARRIS","XIMENA M. BISHOP","CRAIG CONOVER","AMANDA MILLER","MICHAEL SNELSON","DALE WATSON"
"SP2644","CRAIG CONOVER","DALE WATSON","CRAIG JENSEN","XIMENA M. BISHOP","MICHAEL SNELSON","AMANDA MILLER","MARCIA CONOVER-HARRIS"
"SP2645","XIMENA M. BISHOP","CRAIG JENSEN","MICHAEL SNELSON","DALE WATSON","skipped","skipped","skipped"
"SP2646","AMANDA MILLER","CRAIG CONOVER","MARCIA CONOVER-HARRIS","MICHAEL SNELSON","CRAIG JENSEN","XIMENA M. BISHOP","DALE WATSON"
"SP2647","CRAIG JENSEN","MICHAEL SNELSON","skipped","skipped","skipped","skipped","skipped"
"SP2648","CRAIG CONOVER","CRAIG JENSEN","MARCIA CONOVER-HARRIS","AMANDA MILLER","MICHAEL SNELSON","DALE WATSON","XIMENA M. BISHOP"
"SP2649","CRAIG CONOVER","CRAIG JENSEN","MARCIA CONOVER-HARRIS","AMANDA MILLER","MICHAEL SNELSON","DALE WATSON","XIMENA M. BISHOP"
"SP2650","MICHAEL SNELSON","CRAIG CONOVER","MARCIA CONOVER-HARRIS","AMANDA MILLER","DALE WATSON","XIMENA M. BISHOP","CRAIG JENSEN"
"SP2651","DALE WATSON","MICHAEL SNELSON","CRAIG CONOVER","AMANDA MILLER","MARCIA CONOVER-HARRIS","CRAIG JENSEN","XIMENA M. BISHOP"
"SP2652","MICHAEL SNELSON","CRAIG JENSEN","XIMENA M. BISHOP","CRAIG CONOVER","skipped","skipped","skipped"
"SP2653","overvote","skipped","skipped","skipped","skipped","skipped","skipped"
"SP2654","MICHAEL SNELSON","CRAIG JENSEN","XIMENA M. BISHOP","AMANDA MILLER","DALE WATSON","CRAIG CONOVER","MARCIA CONOVER-HARRIS"
"SP2655","MICHAEL SNELSON","MARCIA CONOVER-HARRIS","CRAIG CONOVER","skipped","skipped","skipped","skipped"
"SP2656","MICHAEL SNELSON","CRAIG JENSEN","XIMENA M. BISHOP","DALE WATSON","AMANDA MILLER","CRAIG CONOVER","MARCIA CONOVER-HARRIS"
"SP2657","skipped","skipped","skipped","skipped","skipped","skipped","skipped"
"SP2658","CRAIG JENSEN","MARCIA CONOVER-HARRIS","MICHAEL SNELSON","XIMENA M. BISHOP","CRAIG CONOVER","AMANDA MILLER","DALE WATSON"
"SP2659","MARCIA CONOVER-HARRIS","CRAIG CONOVER","AMANDA MILLER","XIMENA M. BISHOP","MICHAEL SNELSON","DALE WATSON","CRAIG JENSEN"
"SP2660","CRAIG CONOVER","XIMENA M. BISHOP","MICHAEL SNELSON","MARCIA CONOVER-HARRIS","CRAIG JENSEN","DALE WATSON","skipped"
"SP2661","DALE WATSON","CRAIG JENSEN","MICHAEL SNELSON","MARCIA CONOVER-HARRIS","XIMENA M. BISHOP","CRAIG CONOVER","AMANDA MILLER"
"SP2662","CRAIG JENSEN","MICHAEL SNELSON","DALE WATSON","skipped","skipped","skipped","skipped"
"SP2663","CRAIG CONOVER","MARCIA CONOVER-HARRIS","CRAIG JENSEN","MICHAEL SNELSON","XIMENA M. BISHOP","AMANDA MILLER","DALE WATSON"
"SP2664","MICHAEL SNELSON","XIMENA M. BISHOP","CRAIG CONOVER","MARCIA CONOVER-HARRIS","CRAIG JENSEN","DALE WATSON","skipped"
"SP2665","MICHAEL SNELSON","CRAIG CONOVER","XIMENA M. BISHOP","MARCIA CONOVER-HARRIS","DALE WATSON","CRAIG JENSEN","AMANDA MILLER"
"SP2666","CRAIG JENSEN","MICHAEL SNELSON","skipped","skipped","skipped","skipped","skipped"
"SP2667","DALE WATSON","XIMENA M. BISHOP","MICHAEL SNELSON","CRAIG JENSEN","CRAIG CONOVER","MARCIA CONOVER-HARRIS","AMANDA MILLER"
"SP2668","XIMENA M. BISHOP","MICHAEL SNELSON","MARCIA CONOVER-HARRIS","CRAIG CONOVER","CRAIG JENSEN","AMANDA MILLER","DALE WATSON"
"SP2669","CRAIG JENSEN","MARCIA CONOVER-HARRIS","DALE WATSON","MICHAEL SNELSON","CRAIG CONOVER","XIMENA M. BISHOP","AMANDA MILLER"
"SP2670","MICHAEL SNELSON","CRAIG CONOVER","CRAIG JENSEN","MARCIA CONOVER-HARRIS","DALE WATSON","XIMENA M. BISHOP","AMANDA MILLER"
"SP2671","XIMENA M. BISHOP","CRAIG CONOVER","MICHAEL SNELSON","CRAIG JENSEN","MARCIA CONOVER-HARRIS","skipped","skipped"
"SP2672","AMANDA MILLER","MARCIA CONOVER-HARRIS","CRAIG CONOVER","CRAIG JENSEN","XIMENA M. BISHOP","MICHAEL SNELSON","DALE WATSON"
"SP2673","CRAIG JENSEN","MICHAEL SNELSON","AMANDA MILLER","MARCIA CONOVER-HARRIS","DALE WATSON","XIMENA M. BISHOP","CRAIG CONOVER"
"SP2674","MARCIA CONOVER-HARRIS","CRAIG CONOVER","MICHAEL SNELSON","XIMENA M. BISHOP","AMANDA MILLER","DALE WATSON","CRAIG JENSEN"
"SP2675","MICHAEL SNELSON","XIMENA M. BISHOP","CRAIG JENSEN","DALE WATSON","AMANDA MILLER","MARCIA CONOVER-HARRIS","CRAIG CONOVER"
"SP2676","skipped","skipped","skipped","skipped","skipped","skipped","skipped"
"SP2677","MICHAEL SNELSON","CRAIG JENSEN","AMANDA MILLER","DALE WATSON","XIMENA M. BISHOP","MARCIA CONOVER-HARRIS","CRAIG CONOVER"
"SP2678","MICHAEL SNELSON","XIMENA M. BISHOP","CRAIG JENSEN","DALE WATSON","AMANDA MILLER","MARCIA CONOVER-HARRIS","CRAIG CONOVER"
"SP2679","MARCIA CONOVER-HARRIS","CRAIG CONOVER","XIMENA M. BISHOP","AMANDA MILLER","CRAIG JENSEN","DALE WATSON","MICHAEL SNELSON"
"SP2680","MICHAEL SNELSON","CRAIG JENSEN","DALE WATSON","AMANDA MILLER","XIMENA M. BISHOP","MARCIA CONOVER-HARRIS","CRAIG CONOVER"
"SP2681","CRAIG JENSEN","XIMENA M. BISHOP","MARCIA CONOVER-HARRIS","AMANDA MILLER","MICHAEL SNELSON","CRAIG CONOVER","DALE WATSON"
"SP2682","AMANDA MILLER","CRAIG JENSEN","MARCIA CONOVER-HARRIS","CRAIG CONOVER","XIMENA M. BISHOP","MICHAEL SNELSON","DALE WATSON"
"SP2683","XIMENA M. BISHOP","CRAIG JENSEN","CRAIG CONOVER","AMANDA MILLER","MICHAEL SNELSON","MARCIA CONOVER-HARRIS","DALE WATSON"
"SP2684","MICHAEL SNELSON","CRAIG CONOVER","MARCIA CONOVER-HARRIS","DALE WATSON","XIMENA M. BISHOP","CRAIG JENSEN","AMANDA MILLER"
"SP2685","DALE WATSON","MICHAEL SNELSON","CRAIG JENSEN","CRAIG CONOVER","MARCIA CONOVER-HARRIS","AMANDA MILLER","XIMENA M. BISHOP"
"SP2686","XIMENA M. BISHOP","CRAIG CONOVER","MICHAEL SNELSON","MARCIA CONOVER-HARRIS","CRAIG JENSEN","AMANDA MILLER","DALE WATSON"
"SP2687","MICHAEL SNELSON","CRAIG JENSEN","CRAIG CONOVER","AMANDA MILLER","MARCIA CONOVER-HARRIS","DALE WATSON","XIMENA M. BISHOP"
"SP2688","MICHAEL SNELSON","CRAIG JENSEN","DALE WATSON","XIMENA M. BISHOP","AMANDA MILLER","MARCIA CONOVER-HARRIS","CRAIG CONOVER"
"SP2689","MICHAEL SNELSON","skipped","skipped","skipped","skipped","skipped","skipped"
"SP2690","AMANDA MILLER","CRAIG CONOVER","MARCIA CONOVER-HARRIS","XIMENA M. BISHOP","MICHAEL SNELSON","DALE WATSON","CRAIG JENSEN"
"SP2691","CRAIG JENSEN","CRAIG CONOVER","MARCIA CONOVER-HARRIS","AMANDA MILLER","MICHAEL SNELSON","XIMENA M. BISHOP","DALE WATSON"
"SP2692","XIMENA M. BISHOP","CRAIG JENSEN","MICHAEL SNELSON","AMANDA MILLER","DALE WATSON","MARCIA CONOVER-HARRIS","CRAIG CONOVER"
"SP2693","XIMENA M. BISHOP","MICHAEL SNELSON","CRAIG JENSEN","AMANDA MILLER","CRAIG CONOVER","MARCIA CONOVER-HARRIS","DALE WATSON"
"SP2694","MICHAEL SNELSON","XIMENA M. BISHOP","skipped","skipped","skipped","skipped","skipped"
"SP2695","MICHAEL SNELSON","CRAIG JENSEN","XIMENA M. BISHOP","AMANDA MILLER","MARCIA CONOVER-HARRIS","DALE WATSON","CRAIG CONOVER"
"SP2696","DALE WATSON","MICHAEL SNELSON","CRAIG JENSEN","CRAIG CONOVER","MARCIA CONOVER-HARRIS","AMANDA MILLER","XIMENA M. BISHOP"
"SP2697","MICHAEL SNELSON","XIMENA M. BISHOP","skipped","skipped","skipped","skipped","skipped"
"SP2698","MICHAEL SNELSON","CRAIG CONOVER","MARCIA CONOVER-HARRIS","AMANDA MILLER","DALE WATSON","XIMENA M. BISHOP","CRAIG JENSEN"
"SP2699","DALE WATSON","MICHAEL SNELSON","CRAIG JENSEN","CRAIG CONOVER","MARCIA CONOVER-HARRIS","AMANDA MILLER","XIMENA M. BISHOP"
"SP2700","CRAIG JENSEN","MICHAEL SNELSON","skipped","skipped","skipped","skipped","skipped"
"SP2701","DALE WATSON","MICHAEL SNELSON","XIMENA M. BISHOP","CRAIG JENSEN","CRAIG CONOVER","MARCIA CONOVER-HARRIS","AMANDA MILLER"
"SP2702","DALE WATSON","MICHAEL SNELSON","CRAIG CONOVER","XIMENA M. BISHOP","MARCIA CONOVER-HARRIS","CRAIG JENSEN","AMANDA MILLER"
"SP2703","MICHAEL SNELSON","DALE WATSON","CRAIG JENSEN","AMANDA MILLER","XIMENA M. BISHOP","MARCIA CONOVER-HARRIS","CRAIG CONOVER"
"SP2704","skipped","skipped","skipped","skipped","skipped","skipped","skipped"
"SP2705","CRAIG JENSEN","AMANDA MILLER","MICHAEL SNELSON","XIMENA M. BISHOP","CRAIG CONOVER","MARCIA CONOVER-HARRIS","DALE WATSON"
"SP2706","MICHAEL SNELSON","CRAIG JENSEN","CRAIG CONOVER","XIMENA M. BISHOP","AMANDA MILLER","MARCIA CONOVER-HARRIS","DALE WATSON"
"SP2707","overvote","MARCIA CONOVER-HARRIS","skipped","skipped","skipped","skipped","skipped"
"SP2708","CRAIG JENSEN","MARCIA CONOVER-HARRIS","XIMENA M. BISHOP","skipped","skipped","skipped","skipped"
"SP2709","MICHAEL SNELSON","XIMENA M. BISHOP","CRAIG JENSEN","CRAIG CONOVER","DALE WATSON","MARCIA CONOVER-HARRIS","AMANDA MILLER"
"SP2710","MICHAEL SNELSON","XIMENA M. BISHOP","CRAIG JENSEN","CRAIG CONOVER","MARCIA CONOVER-HARRIS","DALE WATSON","AMANDA MILLER"
"SP2711","overvote","skipped","CRAIG JENSEN","skipped","skipped","skipped","skipped"
"SP2712","XIMENA M. BISHOP","MARCIA CONOVER-HARRIS","AMANDA MILLER","MICHAEL SNELSON","CRAIG CONOVER","CRAIG JENSEN","DALE WATSON"
"SP2713","CRAIG JENSEN","CRAIG CONOVER","XIMENA M. BISHOP","MICHAEL SNELSON","AMANDA MILLER","MARCIA CONOVER-HARRIS","DALE WATSON"
"SP2714","DALE WATSON","MARCIA CONOVER-HARRIS","AMANDA MILLER","XIMENA M. BISHOP","skipped","skipped","skipped"
"SP2715","CRAIG CONOVER","MARCIA CONOVER-HARRIS","skipped","skipped","skipped","skipped","skipped"
"SP2716","CRAIG CONOVER","MARCIA CONOVER-HARRIS","CRAIG JENSEN","XIMENA M. BISHOP","DALE WATSON","MICHAEL SNELSON","AMANDA MILLER"
"SP2717","XIMENA M. BISHOP","AMANDA MILLER","CRAIG CONOVER","MARCIA CONOVER-HARRIS","CRAIG JENSEN","MICHAEL SNELSON","DALE WATSON"
"SP2718","CRAIG CONOVER","MARCIA CONOVER-HARRIS","DALE WATSON","XIMENA M. BISHOP","AMANDA MILLER","CRAIG JENSEN","MICHAEL SNELSON"
"SP2719","MICHAEL SNELSON","skipped","skipped","skipped","skipped","skipped","skipped"
"SP2720","skipped","skipped","skipped","skipped","skipped","skipped","skipped"
"SP2721","XIMENA M. BISHOP","AMANDA MILLER","MARCIA CONOVER-HARRIS","CRAIG CONOVER","MICHAEL SNELSON","CRAIG JENSEN","DALE WATSON"
"SP2722","MICHAEL SNELSON","CRAIG JENSEN","XIMENA M. BISHOP","DALE WATSON","CRAIG CONOVER","MARCIA CONOVER-HARRIS","AMANDA MILLER"
"SP2723","XIMENA M. BISHOP","AMANDA MILLER","MICHAEL SNELSON","CRAIG CONOVER","CRAIG JENSEN","DALE WATSON","MARCIA CONOVER-HARRIS"
"SP2724","overvote","DALE WATSON","XIMENA M. BISHOP","skipped","skipped","skipped","skipped"
"SP2725","MICHAEL SNELSON","DALE WATSON","CRAIG JENSEN","XIMENA M. BISHOP","AMANDA MILLER","MARCIA CONOVER-HARRIS","CRAIG CONOVER"
"SP2726","MICHAEL SNELSON","CRAIG JENSEN","XIMENA M. BISHOP","DALE WATSON","CRAIG CONOVER","MARCIA CONOVER-HARRIS","AMANDA MILLER"
"SP2727","AMANDA MILLER","MARCIA CONOVER-HARRIS","CRAIG JENSEN","CRAIG CONOVER","XIMENA M. BISHOP","MICHAEL SNELSON","DALE WATSON"
"SP2728","MICHAEL SNELSON","CRAIG CONOVER","MARCIA CONOVER-HARRIS","skipped","skipped","skipped","skipped"
"SP2729","CRAIG JENSEN","CRAIG CONOVER","MARCIA CONOVER-HARRIS","XIMENA M. BISHOP","AMANDA MILLER","MICHAEL SNELSON","DALE WATSON"
"SP2730","CRAIG JENSEN","CRAIG CONOVER","MICHAEL SNELSON","DALE WATSON","XIMENA M. BISHOP","MARCIA CONOVER-HARRIS","AMANDA MILLER"
"SP2731","MICHAEL SNELSON","CRAIG JENSEN","CRAIG CONOVER","AMANDA MILLER","MARCIA CONOVER-HARRIS","DALE WATSON","XIMENA M. BISHOP"
"SP2732","CRAIG JENSEN","CRAIG CONOVER","MARCIA CONOVER-HARRIS","XIMENA M. BISHOP","AMANDA MILLER","MICHAEL SNELSON","DALE WATSON"
"SP2733","CRAIG JENSEN","CRAIG CONOVER","MARCIA CONOVER-HARRIS","XIMENA M. BISHOP","MICHAEL SNELSON","AMANDA MILLER","DALE WATSON"
"SP2734","MICHAEL SNELSON","CRAIG JENSEN","XIMENA M. BISHOP","CRAIG CONOVER","MARCIA CONOVER-HARRIS","AMANDA MILLER","DALE WATSON"
"SP2735","AMANDA MILLER","CRAIG JENSEN","CRAIG CONOVER","XIMENA M. BISHOP","DALE WATSON","MICHAEL SNELSON","MARCIA CONOVER-HARRIS"
"SP2736","CRAIG JENSEN","MICHAEL SNELSON","CRAIG CONOVER","MARCIA CONOVER-HARRIS","AMANDA MILLER","XIMENA M. BISHOP","DALE WATSON"
"SP2737","CRAIG CONOVER","CRAIG JENSEN","DALE WATSON","MARCIA CONOVER-HARRIS","MICHAEL SNELSON","XIMENA M. BISHOP","AMANDA MILLER"
"SP2738","AMANDA MILLER","CRAIG CONOVER","CRAIG JENSEN","MICHAEL SNELSON","DALE WATSON","XIMENA M. BISHOP","MARCIA CONOVER-HARRIS"
"SP2739","MICHAEL SNELSON","CRAIG JENSEN","CRAIG CONOVER","MARCIA CONOVER-HARRIS","AMANDA MILLER","XIMENA M. BISHOP","DALE WATSON"
"SP2740","CRAIG CONOVER","DALE WATSON","MARCIA CONOVER-HARRIS","CRAIG JENSEN","MICHAEL SNELSON","XIMENA M. BISHOP","AMANDA MILLER"
"SP2741","MICHAEL SNELSON","CRAIG JENSEN","AMANDA MILLER","CRAIG CONOVER","XIMENA M. BISHOP","MARCIA CONOVER-HARRIS","DALE WATSON"
"SP2742","CRAIG CONOVER","MARCIA CONOVER-HARRIS","skipped","skipped","skipped","skipped","skipped"
"SP2743","MICHAEL SNELSON","CRAIG CONOVER","MARCIA CONOVER-HARRIS","CRAIG JENSEN","DALE WATSON","AMANDA MILLER","XIMENA M. BISHOP"
"SP2744","MICHAEL SNELSON","CRAIG JENSEN","CRAIG CONOVER","MARCIA CONOVER-HARRIS","AMANDA MILLER","XIMENA M. BISHOP","DALE WATSON"
"SP2745","AMANDA MILLER","MARCIA CONOVER-HARRIS","DALE WATSON","CRAIG JENSEN","MARCIA CONOVER-HARRIS","CRAIG CONOVER","XIMENA M. BISHOP"
"SP2746","MICHAEL SNELSON","XIMENA M. BISHOP","CRAIG CONOVER","CRAIG JENSEN","AMANDA MILLER","MARCIA CONOVER-HARRIS","DALE WATSON"
"SP2747","CRAIG JENSEN","MICHAEL SNELSON","DALE WATSON","AMANDA MILLER","XIMENA M. BISHOP","MARCIA CONOVER-HARRIS","CRAIG CONOVER"
"SP2748","MICHAEL SNELSON","CRAIG JENSEN","AMANDA MILLER","DALE WATSON","XIMENA M. BISHOP","MARCIA CONOVER-HARRIS","CRAIG CONOVER"
"SP2749","CRAIG JENSEN","MICHAEL SNELSON","DALE WATSON","AMANDA MILLER","XIMENA M. BISHOP","MARCIA CONOVER-HARRIS","CRAIG CONOVER"
"SP2750","XIMENA M. BISHOP","MICHAEL SNELSON","skipped","skipped","skipped","skipped","skipped"
"SP2751","CRAIG CONOVER","MARCIA CONOVER-HARRIS","XIMENA M. BISHOP","skipped","skipped","skipped","MICHAEL SNELSON"
"SP2752","MICHAEL SNELSON","CRAIG JENSEN","MICHAEL SNELSON","CRAIG JENSEN","MICHAEL SNELSON","CRAIG JENSEN","MICHAEL SNELSON"
"SP2753","MICHAEL SNELSON","CRAIG JENSEN","CRAIG CONOVER","XIMENA M. BISHOP","AMANDA MILLER","DALE WATSON","MARCIA CONOVER-HARRIS"
"SP2754","CRAIG JENSEN","MARCIA CONOVER-HARRIS","CRAIG CONOVER","AMANDA MILLER","XIMENA M. BISHOP","MICHAEL SNELSON","DALE WATSON"
"SP2755","MICHAEL SNELSON","XIMENA M. BISHOP","CRAIG CONOVER","CRAIG JENSEN","AMANDA MILLER","MARCIA CONOVER-HARRIS","DALE WATSON"
"SP2756","AMANDA MILLER","CRAIG CONOVER","MARCIA CONOVER-HARRIS","XIMENA M. BISHOP","DALE WATSON","MICHAEL SNELSON","CRAIG JENSEN"
"SP2757","CRAIG CONOVER","XIMENA M. BISHOP","MICHAEL SNELSON","CRAIG JENSEN","MARCIA CONOVER-HARRIS","DALE WATSON","AMANDA MILLER"
"SP2758","MICHAEL SNELSON","CRAIG JENSEN","AMANDA MILLER","DALE WATSON","XIMENA M. BISHOP","MARCIA CONOVER-HARRIS","CRAIG CONOVER"
"SP2759","CRAIG JENSEN","DALE WATSON","XIMENA M. BISHOP","MICHAEL SNELSON","AMANDA MILLER","MARCIA CONOVER-HARRIS","CRAIG CONOVER"
"SP2760","skipped","skipped","skipped","skipped","skipped","AMANDA MILLER","overvote"
"SP2761","MARCIA CONOVER-HARRIS","overvote","CRAIG CONOVER","CRAIG JENSEN","skipped","MICHAEL SNELSON","DALE WATSON"
"SP2762","CRAIG JENSEN","DALE WATSON","MICHAEL SNELSON","XIMENA M. BISHOP","CRAIG CONOVER","MARCIA CONOVER-HARRIS","AMANDA MILLER"
"SP2763","MICHAEL SNELSON","CRAIG JENSEN","DALE WATSON","CRAIG CONOVER","overvote","XIMENA M. BISHOP","MARCIA CONOVER-HARRIS"
"SP2764","XIMENA M. BISHOP","MICHAEL SNELSON","CRAIG JENSEN","MARCIA CONOVER-HARRIS","CRAIG CONOVER","DALE WATSON","AMANDA MILLER"
"SP2765","XIMENA M. BISHOP","CRAIG JENSEN","MARCIA CONOVER-HARRIS","MARCIA CONOVER-HARRIS","DALE WATSON","AMANDA MILLER","MICHAEL SNELSON"
"SP2766","XIMENA M. BISHOP","AMANDA MILLER","MARCIA CONOVER-HARRIS","CRAIG CONOVER","DALE WATSON","CRAIG JENSEN","MICHAEL SNELSON"
"SP2767","overvote","skipped","skipped","skipped","skipped","skipped","skipped"
"SP2768","CRAIG CONOVER","MARCIA CONOVER-HARRIS","MICHAEL SNELSON","XIMENA M. BISHOP","CRAIG JENSEN","DALE WATSON","AMANDA MILLER"
"SP2769","XIMENA M. BISHOP","MICHAEL SNELSON","DALE WATSON","AMANDA MILLER","CRAIG JENSEN","CRAIG CONOVER","MARCIA CONOVER-HARRIS"
"SP2770","MICHAEL SNELSON","CRAIG JENSEN","XIMENA M. BISHOP","skipped","skipped","skipped","skipped"
"SP2771","MICHAEL SNELSON","XIMENA M. BISHOP","CRAIG CONOVER","MARCIA CONOVER-HARRIS","AMANDA MILLER","CRAIG JENSEN","DALE WATSON"
"SP2772","overvote","skipped","skipped","skipped","skipped","skipped","skipped"
"SP2773","DALE WATSON","CRAIG CONOVER","MICHAEL SNELSON","MARCIA CONOVER-HARRIS","CRAIG JENSEN","XIMENA M. BISHOP","AMANDA MILLER"
"SP2774","AMANDA MILLER","XIMENA M. BISHOP","skipped","skipped","skipped","skipped","skipped"
"SP2775","DALE WATSON","CRAIG JENSEN","skipped","skipped","skipped","skipped","skipped"
"SP2776","MARCIA CONOVER-HARRIS","MICHAEL SNELSON","XIMENA M. BISHOP","skipped","skipped","skipped","skipped"
"SP2777","XIMENA M. BISHOP","MARCIA CONOVER-HARRIS","DALE WATSON","MICHAEL SNELSON","AMANDA MILLER","CRAIG JENSEN","CRAIG CONOVER"
"SP2778","MARCIA CONOVER-HARRIS","XIMENA M. BISHOP","AMANDA MILLER","CRAIG CONOVER","CRAIG JENSEN","MICHAEL SNELSON","DALE WATSON"
"SP2779","MICHAEL SNELSON","XIMENA M. BISHOP","MARCIA CONOVER-HARRIS","AMANDA MILLER","DALE WATSON","MICHAEL SNELSON","CRAIG JENSEN"
"SP2780","CRAIG CONOVER","MARCIA CONOVER-HARRIS","AMANDA MILLER","XIMENA M. BISHOP","CRAIG JENSEN","MICHAEL SNELSON","DALE WATSON"
"SP2781","MICHAEL SNELSON","XIMENA M. BISHOP","CRAIG CONOVER","CRAIG JENSEN","DALE WATSON","MARCIA CONOVER-HARRIS","AMANDA MILLER"
"SP2782","CRAIG CONOVER","MARCIA CONOVER-HARRIS","AMANDA MILLER","XIMENA M. BISHOP","CRAIG JENSEN","MICHAEL SNELSON","DALE WATSON"
"SP2783","CRAIG JENSEN","skipped","skipped","skipped","skipped","skipped","skipped"
"SP2784","CRAIG JENSEN","MICHAEL SNELSON","DALE WATSON","CRAIG CONOVER","MARCIA CONOVER-HARRIS","XIMENA M. BISHOP","AMANDA MILLER"
"SP2785","CRAIG JENSEN","DALE WATSON","CRAIG CONOVER","MICHAEL SNELSON","AMANDA MILLER","XIMENA M. BISHOP","MARCIA CONOVER-HARRIS"
"SP2786","XIMENA M. BISHOP","MICHAEL SNELSON","CRAIG JENSEN","skipped","skipped","skipped","skipped"
"SP2787","CRAIG JENSEN","MICHAEL SNELSON","DALE WATSON","CRAIG CONOVER","MARCIA CONOVER-HARRIS","XIMENA M. BISHOP","AMANDA MILLER"
"SP2788","XIMENA M. BISHOP","MICHAEL SNELSON","MARCIA CONOVER-HARRIS","DALE WATSON","CRAIG JENSEN","CRAIG CONOVER","AMANDA MILLER"
"SP2789","MICHAEL SNELSON","XIMENA M. BISHOP","MARCIA CONOVER-HARRIS","DALE WATSON","CRAIG JENSEN","CRAIG CONOVER","AMANDA MILLER"
"SP2790","CRAIG CONOVER","CRAIG JENSEN","MARCIA CONOVER-HARRIS","XIMENA M. BISHOP","AMANDA MILLER","MICHAEL SNELSON","DALE WATSON"
"SP2791","MICHAEL SNELSON","XIMENA M. BISHOP","MARCIA CONOVER-HARRIS","DALE WATSON","CRAIG JENSEN","CRAIG CONOVER","AMANDA MILLER"
"SP2792","XIMENA M. BISHOP","CRAIG CONOVER","MARCIA CONOVER-HARRIS","AMANDA MILLER","CRAIG JENSEN","MICHAEL SNELSON","DALE WATSON"
"SP2793","XIMENA M. BISHOP","MARCIA CONOVER-HARRIS","CRAIG JENSEN","AMANDA MILLER","MICHAEL SNELSON","CRAIG CONOVER","DALE WATSON"
"SP2794","CRAIG JENSEN","CRAIG CONOVER","XIMENA M. BISHOP","skipped","skipped","skipped","skipped"
"SP2795","MICHAEL SNELSON","CRAIG JENSEN","CRAIG CONOVER","DALE WATSON","AMANDA MILLER","XIMENA M. BISHOP","MARCIA CONOVER-HARRIS"
"SP2796","CRAIG JENSEN","CRAIG CONOVER","MICHAEL SNELSON","skipped","skipped","skipped","skipped"
"SP2797","CRAIG JENSEN","MICHAEL SNELSON","skipped","skipped","skipped","MARCIA CONOVER-HARRIS","CRAIG CONOVER"
"SP2798","MICHAEL SNELSON","DALE WATSON","CRAIG JENSEN","CRAIG CONOVER","XIMENA M. BISHOP","MARCIA CONOVER-HARRIS","AMANDA MILLER"
"SP2799","XIMENA M. BISHOP","skipped","skipped","skipped","skipped","skipped","skipped"
"SP2800","CRAIG JENSEN","MARCIA CONOVER-HARRIS","XIMENA M. BISHOP","MICHAEL SNELSON","CRAIG CONOVER","AMANDA MILLER","DALE WATSON"
"SP2801","AMANDA MILLER","MICHAEL SNELSON","XIMENA M. BISHOP","CRAIG CONOVER","DALE WATSON","skipped","skipped"
"SP2802","AMANDA MILLER","MICHAEL SNELSON","XIMENA M. BISHOP","CRAIG CONOVER","skipped","skipped","skipped"
"SP2803","AMANDA MILLER","DALE WATSON","MICHAEL SNELSON","CRAIG JENSEN","CRAIG CONOVER","MARCIA CONOVER-HARRIS","XIMENA M. BISHOP"
"SP2804","MARCIA CONOVER-HARRIS","MICHAEL SNELSON","CRAIG CONOVER","CRAIG JENSEN","XIMENA M. BISHOP","DALE WATSON","AMANDA MILLER"
"SP2805","CRAIG CONOVER","CRAIG JENSEN","MICHAEL SNELSON","MARCIA CONOVER-HARRIS","DALE WATSON","XIMENA M. BISHOP","skipped"
"SP2806","CRAIG JENSEN","CRAIG CONOVER","MARCIA CONOVER-HARRIS","skipped","skipped","skipped","skipped"
"SP2807","XIMENA M. BISHOP","MARCIA CONOVER-HARRIS","MICHAEL SNELSON","CRAIG JENSEN","CRAIG CONOVER","AMANDA MILLER","DALE WATSON"
"SP2808","MARCIA CONOVER-HARRIS","XIMENA M. BISHOP","AMANDA MILLER","MICHAEL SNELSON","CRAIG CONOVER","CRAIG JENSEN","DALE WATSON"
"SP2809","CRAIG JENSEN","CRAIG CONOVER","MARCIA CONOVER-HARRIS","MICHAEL SNELSON","AMANDA MILLER","XIMENA M. BISHOP","DALE WATSON"
"SP2810","CRAIG CONOVER","MICHAEL SNELSON","CRAIG JENSEN","skipped","skipped","skipped","skipped"
"SP2811","XIMENA M. BISHOP","MICHAEL SNELSON","CRAIG JENSEN","skipped","skipped","skipped","skipped"
"SP2812","CRAIG JENSEN","XIMENA M. BISHOP","MICHAEL SNELSON","MARCIA CONOVER-HARRIS","DALE WATSON","CRAIG CONOVER","AMANDA MILLER"
"SP2813","CRAIG CONOVER","MICHAEL SNELSON","DALE WATSON","XIMENA M. BISHOP","CRAIG JENSEN","AMANDA MILLER","MARCIA CONOVER-HARRIS"
"SP2814","MICHAEL SNELSON","CRAIG JENSEN","XIMENA M. BISHOP","DALE WATSON","CRAIG CONOVER","MARCIA CONOVER-HARRIS","AMANDA MILLER"
"SP2815","CRAIG JENSEN","XIMENA M. BISHOP","skipped","skipped","skipped","skipped","skipped"
"SP2816","CRAIG JENSEN","CRAIG CONOVER","XIMENA M. BISHOP","DALE WATSON","MICHAEL SNELSON","MARCIA CONOVER-HARRIS","AMANDA MILLER"
"SP2817","MARCIA CONOVER-HARRIS","CRAIG CONOVER","MICHAEL SNELSON","XIMENA M. BISHOP","CRAIG JENSEN","AMANDA MILLER","DALE WATSON"
"SP2818","XIMENA M. BISHOP","MICHAEL SNELSON","CRAIG CONOVER","CRAIG JENSEN","AMANDA MILLER","MARCIA CONOVER-HARRIS","DALE WATSON"
"SP2819","AMANDA MILLER","MARCIA CONOVER-HARRIS","CRAIG CONOVER","DALE WATSON","MICHAEL SNELSON","CRAIG JENSEN","XIMENA M. BISHOP"
"SP2820","MICHAEL SNELSON","XIMENA M. BISHOP","DALE WATSON","CRAIG CONOVER","MARCIA CONOVER-HARRIS","CRAIG JENSEN","AMANDA MILLER"
"SP2821","CRAIG JENSEN","XIMENA M. BISHOP","skipped","skipped","skipped","MARCIA CONOVER-HARRIS","CRAIG CONOVER"
"SP2822","AMANDA MILLER","DALE WATSON","CRAIG JENSEN","MICHAEL SNELSON","CRAIG CONOVER","MARCIA CONOVER-HARRIS","XIMENA M. BISHOP"
"SP2823","XIMENA M. BISHOP","MICHAEL SNELSON","CRAIG JENSEN","DALE WATSON","skipped","skipped","skipped"
"SP2824","MARCIA CONOVER-HARRIS","CRAIG CONOVER","DALE WATSON","XIMENA M. BISHOP","CRAIG JENSEN","MICHAEL SNELSON","AMANDA MILLER"
"SP2825","CRAIG CONOVER","MICHAEL SNELSON","CRAIG JENSEN","DALE WATSON","XIMENA M. BISHOP","MARCIA CONOVER-HARRIS","AMANDA MILLER"
"SP2826","MICHAEL SNELSON","CRAIG CONOVER","CRAIG JENSEN","AMANDA MILLER","MARCIA CONOVER-HARRIS","XIMENA M. BISHOP","DALE WATSON"
"SP2827","XIMENA M. BISHOP","CRAIG JENSEN","DALE WATSON","MICHAEL SNELSON","AMANDA MILLER","MARCIA CONOVER-HARRIS","CRAIG CONOVER"
"SP2828","MICHAEL SNELSON","XIMENA M. BISHOP","DALE WATSON","CRAIG JENSEN","CRAIG CONOVER","MARCIA CONOVER-HARRIS","AMANDA MILLER"
"SP2829","MICHAEL SNELSON","XIMENA M. BISHOP","CRAIG JENSEN","CRAIG CONOVER","DALE WATSON","MARCIA CONOVER-HARRIS","AMANDA MILLER"
"SP2830","MICHAEL SNELSON","CRAIG JENSEN","DALE WATSON","AMANDA MILLER","MARCIA CONOVER-HARRIS","MARCIA CONOVER-HARRIS","AMANDA MILLER"
"SP2831","MICHAEL SNELSON","CRAIG JENSEN","DALE WATSON","AMANDA MILLER","XIMENA M. BISHOP","CRAIG CONOVER","MARCIA CONOVER-HARRIS"
"SP2832","MICHAEL SNELSON","XIMENA M. BISHOP","CRAIG JENSEN","CRAIG CONOVER","DALE WATSON","MARCIA CONOVER-HARRIS","AMANDA MILLER"
"SP2833","MICHAEL SNELSON","CRAIG JENSEN","skipped","skipped","skipped","skipped","skipped"
"SP2834","MICHAEL SNELSON","CRAIG JENSEN","MARCIA CONOVER-HARRIS","XIMENA M. BISHOP","CRAIG CONOVER","AMANDA MILLER","DALE WATSON"
"SP2835","CRAIG JENSEN","XIMENA M. BISHOP","MICHAEL SNELSON","skipped","skipped","skipped","skipped"
"SP2836","CRAIG CONOVER","MARCIA CONOVER-HARRIS","CRAIG JENSEN","XIMENA M. BISHOP","AMANDA MILLER","MICHAEL SNELSON","DALE WATSON"
"SP2837","CRAIG JENSEN","XIMENA M. BISHOP","MICHAEL SNELSON","skipped","skipped","skipped","skipped"
"SP2838","CRAIG CONOVER","MARCIA CONOVER-HARRIS","CRAIG JENSEN","XIMENA M. BISHOP","AMANDA MILLER","MICHAEL SNELSON","DALE WATSON"
"SP2839","MICHAEL SNELSON","DALE WATSON","CRAIG JENSEN","CRAIG CONOVER","XIMENA M. BISHOP","MARCIA CONOVER-HARRIS","AMANDA MILLER"
"SP2840","XIMENA M. BISHOP","MARCIA CONOVER-HARRIS","CRAIG JENSEN","CRAIG CONOVER","AMANDA MILLER","MICHAEL SNELSON","DALE WATSON"
"SP2841","MARCIA CONOVER-HARRIS","XIMENA M. BISHOP","AMANDA MILLER","MICHAEL SNELSON","CRAIG CONOVER","DALE WATSON","CRAIG JENSEN"
"SP2842","MICHAEL SNELSON","CRAIG JENSEN","MARCIA CONOVER-HARRIS","CRAIG CONOVER","XIMENA M. BISHOP","AMANDA MILLER","DALE WATSON"
"SP2843","MICHAEL SNELSON","CRAIG CONOVER","CRAIG JENSEN","AMANDA MILLER","MARCIA CONOVER-HARRIS","XIMENA M. BISHOP","DALE WATSON"
"SP2844","MICHAEL SNELSON","CRAIG CONOVER","CRAIG JENSEN","AMANDA MILLER","MARCIA CONOVER-HARRIS","XIMENA M. BISHOP","DALE WATSON"
"SP2845","MICHAEL SNELSON","XIMENA M. BISHOP","CRAIG CONOVER","CRAIG JENSEN","MARCIA CONOVER-HARRIS","AMANDA MILLER","DALE WATSON"
"SP2846","CRAIG CONOVER","MARCIA CONOVER-HARRIS","MICHAEL SNELSON","AMANDA MILLER","CRAIG JENSEN","DALE WATSON","XIMENA M. BISHOP"
"SP2847","CRAIG CONOVER","MARCIA CONOVER-HARRIS","AMANDA MILLER","XIMENA M. BISHOP","CRAIG JENSEN","DALE WATSON","MICHAEL SNELSON"
"SP2848","CRAIG CONOVER","MARCIA CONOVER-HARRIS","MICHAEL SNELSON","AMANDA MILLER","CRAIG JENSEN","DALE WATSON","XIMENA M. BISHOP"
"SP2849","CRAIG JENSEN","MICHAEL SNELSON","XIMENA M. BISHOP","skipped","skipped","skipped","skipped"
"SP2850","MARCIA CONOVER-HARRIS","CRAIG CONOVER","MICHAEL SNELSON","CRAIG JENSEN","XIMENA M. BISHOP","AMANDA MILLER","DALE WATSON"
"SP2851","MICHAEL SNELSON","XIMENA M. BISHOP","DALE WATSON","AMANDA MILLER","MARCIA CONOVER-HARRIS","CRAIG JENSEN","CRAIG CONOVER"
"SP2852","CRAIG JENSEN","CRAIG CONOVER","MARCIA CONOVER-HARRIS","MICHAEL SNELSON","DALE WATSON","XIMENA M. BISHOP","AMANDA MILLER"
"SP2853","MARCIA CONOVER-HARRIS","XIMENA M. BISHOP","MICHAEL SNELSON","CRAIG JENSEN","CRAIG CONOVER","skipped","skipped"
"SP2854","AMANDA MILLER","MARCIA CONOVER-HARRIS","CRAIG CONOVER","CRAIG JENSEN","MICHAEL SNELSON","XIMENA M. BISHOP","DALE WATSON"
"SP2855","MICHAEL SNELSON","CRAIG CONOVER","MARCIA CONOVER-HARRIS","skipped","skipped","skipped","skipped"
"SP2856","AMANDA MILLER","XIMENA M. BISHOP","MICHAEL SNELSON","MARCIA CONOVER-HARRIS","CRAIG CONOVER","CRAIG JENSEN","DALE WATSON"
"SP2857","CRAIG CONOVER","MARCIA CONOVER-HARRIS","MICHAEL SNELSON","CRAIG JENSEN","DALE WATSON","AMANDA MILLER","XIMENA M. BISHOP"
"SP2858","MICHAEL SNELSON","CRAIG JENSEN","XIMENA M. BISHOP","DALE WATSON","skipped","skipped","skipped"
"SP2859","AMANDA MILLER","skipped","skipped","skipped","skipped","skipped","skipped"
"SP2860","MICHAEL SNELSON","CRAIG JENSEN","DALE WATSON","XIMENA M. BISHOP","AMANDA MILLER","MARCIA CONOVER-HARRIS","CRAIG CONOVER"
"SP2861","MICHAEL SNELSON","CRAIG JENSEN","CRAIG CONOVER","MARCIA CONOVER-HARRIS","DALE WATSON","XIMENA M. BISHOP","AMANDA MILLER"
"SP2862","CRAIG CONOVER","MARCIA CONOVER-HARRIS","MICHAEL SNELSON","CRAIG JENSEN","DALE WATSON","XIMENA M. BISHOP","AMANDA MILLER"
"SP2863","CRAIG CONOVER","CRAIG JENSEN","MARCIA CONOVER-HARRIS","MICHAEL SNELSON","DALE WATSON","AMANDA MILLER","XIMENA M. BISHOP"
"SP2864","CRAIG JENSEN","MICHAEL SNELSON","XIMENA M. BISHOP","skipped","skipped","skipped","skipped"
"SP2865","CRAIG CONOVER","CRAIG JENSEN","MARCIA CONOVER-HARRIS","MICHAEL SNELSON","DALE WATSON","AMANDA MILLER","XIMENA M. BISHOP"
"SP2866","XIMENA M. BISHOP","AMANDA MILLER","MICHAEL SNELSON","CRAIG JENSEN","DALE WATSON","MARCIA CONOVER-HARRIS","CRAIG CONOVER"
"SP2867","CRAIG JENSEN","XIMENA M. BISHOP","MICHAEL SNELSON","CRAIG CONOVER","DALE WATSON","AMANDA MILLER","MARCIA CONOVER-HARRIS"
"SP2868","MARCIA CONOVER-HARRIS","XIMENA M. BISHOP","CRAIG JENSEN","CRAIG CONOVER","AMANDA MILLER","MICHAEL SNELSON","DALE WATSON"
"SP2869","CRAIG CONOVER","MARCIA CONOVER-HARRIS","MICHAEL SNELSON","DALE WATSON","CRAIG JENSEN","XIMENA M. BISHOP","AMANDA MILLER"
"SP2870","MICHAEL SNELSON","CRAIG JENSEN","AMANDA MILLER","skipped","skipped","skipped","skipped"
"SP2871","MICHAEL SNELSON","CRAIG JENSEN","XIMENA M. BISHOP","skipped","skipped","skipped","skipped"
"SP2872","CRAIG CONOVER","MICHAEL SNELSON","CRAIG JENSEN","XIMENA M. BISHOP","DALE WATSON","AMANDA MILLER","MARCIA CONOVER-HARRIS"
"SP2873","XIMENA M. BISHOP","DALE WATSON","MICHAEL SNELSON","CRAIG JENSEN","CRAIG CONOVER","MARCIA CONOVER-HARRIS","AMANDA MILLER"
"SP2874","DALE WATSON","MICHAEL SNELSON","AMANDA MILLER","skipped","skipped","skipped","skipped"
"SP2875","DALE WATSON","DALE WATSON","DALE WATSON","DALE WATSON","DALE WATSON","DALE WATSON","DALE WATSON"
"SP2876","CRAIG CONOVER","DALE WATSON","MICHAEL SNELSON","CRAIG JENSEN","MARCIA CONOVER-HARRIS","skipped","skipped"
"SP2877","MICHAEL SNELSON","CRAIG CONOVER","XIMENA M. BISHOP","DALE WATSON","CRAIG JENSEN","MARCIA CONOVER-HARRIS","AMANDA MILLER"
"SP2878","DALE WATSON","CRAIG CONOVER","AMANDA MILLER","MARCIA CONOVER-HARRIS","XIMENA M. BISHOP","CRAIG JENSEN","MICHAEL SNELSON"
"SP2879","CRAIG CONOVER","CRAIG JENSEN","MICHAEL SNELSON","XIMENA M. BISHOP","DALE WATSON","MARCIA CONOVER-HARRIS","AMANDA MILLER"
"SP2880","MICHAEL SNELSON","skipped","skipped","skipped","skipped","skipped","skipped"
"SP2881","XIMENA M. BISHOP","AMANDA MILLER","MICHAEL SNELSON","DALE WATSON","AMANDA MILLER","CRAIG JENSEN","MARCIA CONOVER-HARRIS"
"SP2882","MICHAEL SNELSON","XIMENA M. BISHOP","CRAIG CONOVER","AMANDA MILLER","DALE WATSON","MARCIA CONOVER-HARRIS","CRAIG JENSEN"
"SP2883","XIMENA M. BISHOP","MICHAEL SNELSON","CRAIG JENSEN","AMANDA MILLER","MARCIA CONOVER-HARRIS","DALE WATSON","CRAIG CONOVER"
"SP2884","CRAIG CONOVER","CRAIG JENSEN","MARCIA CONOVER-HARRIS","XIMENA M. BISHOP","AMANDA MILLER","MICHAEL SNELSON","DALE WATSON"
"SP2885","MICHAEL SNELSON","CRAIG JENSEN","XIMENA M. BISHOP","skipped","skipped","skipped","skipped"
"SP2886","XIMENA M. BISHOP","MARCIA CONOVER-HARRIS","CRAIG CONOVER","CRAIG JENSEN","DALE WATSON","AMANDA MILLER","MICHAEL SNELSON"
"SP2887","CRAIG CONOVER","MICHAEL SNELSON","DALE WATSON","XIMENA M. BISHOP","CRAIG JENSEN","MARCIA CONOVER-HARRIS","AMANDA MILLER"
"SP2888","DALE WATSON","XIMENA M. BISHOP","MARCIA CONOVER-HARRIS","CRAIG CONOVER","MICHAEL SNELSON","CRAIG JENSEN","AMANDA MILLER"
"SP2889","CRAIG CONOVER","AMANDA MILLER","XIMENA M. BISHOP","DALE WATSON","CRAIG JENSEN","MICHAEL SNELSON","MARCIA CONOVER-HARRIS"
"SP2890","MARCIA CONOVER-HARRIS","AMANDA MILLER","MICHAEL SNELSON","XIMENA M. BISHOP","CRAIG JENSEN","CRAIG CONOVER","DALE WATSON"
"SP2891","MICHAEL SNELSON","CRAIG CONOVER","MARCIA CONOVER-HARRIS","AMANDA MILLER","skipped","skipped","skipped"
"SP2892","CRAIG CONOVER","MICHAEL SNELSON","MARCIA CONOVER-HARRIS","CRAIG JENSEN","DALE WATSON","AMANDA MILLER","XIMENA M. BISHOP"
"SP2893","MICHAEL SNELSON","skipped","skipped","skipped","skipped","skipped","skipped"
"SP2894","XIMENA M. BISHOP","CRAIG JENSEN","MICHAEL SNELSON","MARCIA CONOVER-HARRIS","CRAIG CONOVER","AMANDA MILLER","DALE WATSON"
"SP2895","CRAIG JENSEN","skipped","skipped","skipped","skipped","skipped","CRAIG CONOVER"
"SP2896","MARCIA CONOVER-HARRIS","AMANDA MILLER","XIMENA M. BISHOP","MICHAEL SNELSON","CRAIG CONOVER","CRAIG JENSEN","DALE WATSON"
"SP2897","overvote","MARCIA CONOVER-HARRIS","skipped","skipped","skipped","skipped","skipped"
"SP2898","MICHAEL SNELSON","MARCIA CONOVER-HARRIS","XIMENA M. BISHOP","CRAIG JENSEN","CRAIG CONOVER","DALE WATSON","AMANDA MILLER"
"SP2899","CRAIG CONOVER","MICHAEL SNELSON","CRAIG JENSEN","XIMENA M. BISHOP","MARCIA CONOVER-HARRIS","AMANDA MILLER","DALE WATSON"
"SP2900","AMANDA MILLER","DALE WATSON","XIMENA M. BISHOP","MICHAEL SNELSON","CRAIG CONOVER","CRAIG JENSEN","MARCIA CONOVER-HARRIS"
"SP2901","CRAIG JENSEN","MICHAEL SNELSON","XIMENA M. BISHOP","DALE WATSON","AMANDA MILLER","MARCIA CONOVER-HARRIS","CRAIG CONOVER"
"SP2902","MICHAEL SNELSON","CRAIG CONOVER","MARCIA CONOVER-HARRIS","CRAIG JENSEN","XIMENA M. BISHOP","AMANDA MILLER","DALE WATSON"
"SP2903","MICHAEL SNELSON","CRAIG JENSEN","CRAIG CONOVER","XIMENA M. BISHOP","AMANDA MILLER","MARCIA CONOVER-HARRIS","DALE WATSON"
"SP2904","XIMENA M. BISHOP","CRAIG JENSEN","MICHAEL SNELSON","MARCIA CONOVER-HARRIS","skipped","skipped","skipped"
"SP2905","MARCIA CONOVER-HARRIS","CRAIG CONOVER","XIMENA M. BISHOP","AMANDA MILLER","DALE WATSON","MICHAEL SNELSON","CRAIG JENSEN"
"SP2906","MICHAEL SNELSON","CRAIG CONOVER","CRAIG JENSEN","MARCIA CONOVER-HARRIS","DALE WATSON","XIMENA M. BISHOP","AMANDA MILLER"
"SP2907","CRAIG CONOVER","XIMENA M. BISHOP","MARCIA CONOVER-HARRIS","MICHAEL SNELSON","CRAIG JENSEN","DALE WATSON","AMANDA MILLER"
"SP2908","MICHAEL SNELSON","XIMENA M. BISHOP","MARCIA CONOVER-HARRIS","DALE WATSON","AMANDA MILLER","CRAIG JENSEN","CRAIG CONOVER"
"SP2909","MICHAEL SNELSON","CRAIG CONOVER","AMANDA MILLER","DALE WATSON","CRAIG JENSEN","XIMENA M. BISHOP","MARCIA CONOVER-HARRIS"
"SP2910","MICHAEL SNELSON","XIMENA M. BISHOP","CRAIG CONOVER","MARCIA CONOVER-HARRIS","CRAIG JENSEN","AMANDA MILLER","DALE WATSON"
"SP2911","MICHAEL SNELSON","DALE WATSON","CRAIG JENSEN","MARCIA CONOVER-HARRIS","CRAIG CONOVER","XIMENA M. BISHOP","AMANDA MILLER"
"SP2912","MICHAEL SNELSON","XIMENA M. BISHOP","CRAIG CONOVER","MARCIA CONOVER-HARRIS","AMANDA MILLER","CRAIG JENSEN","DALE WATSON"
"SP2913","overvote","skipped","skipped","skipped","skipped","skipped","XIMENA M. BISHOP"
"SP2914","XIMENA M. BISHOP","CRAIG JENSEN","MICHAEL SNELSON","skipped","skipped","skipped","skipped"
"SP2915","MICHAEL SNELSON","CRAIG CONOVER","CRAIG JENSEN","MARCIA CONOVER-HARRIS","XIMENA M. BISHOP","DALE WATSON","AMANDA MILLER"
"SP2916","CRAIG CONOVER","CRAIG JENSEN","DALE WATSON","XIMENA M. BISHOP","MICHAEL SNELSON","MARCIA CONOVER-HARRIS","AMANDA MILLER"
"SP2917","MICHAEL SNELSON","CRAIG CONOVER","MARCIA CONOVER-HARRIS","DALE WATSON","XIMENA M. BISHOP","CRAIG JENSEN","AMANDA MILLER"
"SP2918","DALE WATSON","XIMENA M. BISHOP","MICHAEL SNELSON","AMANDA MILLER","CRAIG JENSEN","MARCIA CONOVER-HARRIS","MARCIA CONOVER-HARRIS"
"SP2919","MICHAEL SNELSON","CRAIG CONOVER","MARCIA CONOVER-HARRIS","DALE WATSON","XIMENA M. BISHOP","CRAIG JENSEN","AMANDA MILLER"
"SP2920","MICHAEL SNELSON","CRAIG JENSEN","AMANDA MILLER","CRAIG CONOVER","MARCIA CONOVER-HARRIS","XIMENA M. BISHOP","DALE WATSON"
"SP2921","DALE WATSON","XIMENA M. BISHOP","AMANDA MILLER","MICHAEL SNELSON","CRAIG JENSEN","MARCIA CONOVER-HARRIS","CRAIG CONOVER"
"SP2922","MARCIA CONOVER-HARRIS","CRAIG CONOVER","MICHAEL SNELSON","DALE WATSON","AMANDA MILLER","XIMENA M. BISHOP","CRAIG JENSEN"
"SP2923","MICHAEL SNELSON","CRAIG CONOVER","CRAIG JENSEN","skipped","skipped","skipped","skipped"
"SP2924","CRAIG CONOVER","XIMENA M. BISHOP","MARCIA CONOVER-HARRIS","MICHAEL SNELSON","CRAIG JENSEN","AMANDA MILLER","DALE WATSON"
"SP2925","CRAIG CONOVER","MARCIA CONOVER-HARRIS","AMANDA MILLER","XIMENA M. BISHOP","DALE WATSON","MICHAEL SNELSON","CRAIG JENSEN"
"SP2926","MICHAEL SNELSON","CRAIG JENSEN","XIMENA M. BISHOP","DALE WATSON","AMANDA MILLER","CRAIG CONOVER","MARCIA CONOVER-HARRIS"
"SP2927","CRAIG JENSEN","XIMENA M. BISHOP","MARCIA CONOVER-HARRIS","DALE WATSON","CRAIG CONOVER","skipped","skipped"
"SP2928","MARCIA CONOVER-HARRIS","CRAIG CONOVER","DALE WATSON","MICHAEL SNELSON","XIMENA M. BISHOP","CRAIG JENSEN","AMANDA MILLER"
"SP2929","DALE WATSON","AMANDA MILLER","MICHAEL SNELSON","XIMENA M. BISHOP","CRAIG JENSEN","CRAIG CONOVER","MARCIA CONOVER-HARRIS"
"SP2930","MARCIA CONOVER-HARRIS","XIMENA M. BISHOP","CRAIG CONOVER","CRAIG JENSEN","AMANDA MILLER","MICHAEL SNELSON","DALE WATSON"
"SP2931","MICHAEL SNELSON","CRAIG JENSEN","CRAIG CONOVER","MARCIA CONOVER-HARRIS","DALE WATSON","XIMENA M. BISHOP","AMANDA MILLER"
"SP2932","MICHAEL SNELSON","CRAIG CONOVER","MARCIA CONOVER-HARRIS","AMANDA MILLER","skipped","skipped","skipped"
"SP2933","CRAIG CONOVER","DALE WATSON","MICHAEL SNELSON","MARCIA CONOVER-HARRIS","XIMENA M. BISHOP","CRAIG JENSEN","AMANDA MILLER"
"SP2934","DALE WATSON","XIMENA M. BISHOP","MARCIA CONOVER-HARRIS","MICHAEL SNELSON","CRAIG JENSEN","CRAIG CONOVER","AMANDA MILLER"
"SP2935","DALE WATSON","CRAIG JENSEN","MARCIA CONOVER-HARRIS","XIMENA M. BISHOP","MICHAEL SNELSON","CRAIG JENSEN","CRAIG CONOVER"
"SP2936","CRAIG JENSEN","DALE WATSON","XIMENA M. BISHOP","MARCIA CONOVER-HARRIS","MICHAEL SNELSON","CRAIG CONOVER","AMANDA MILLER"
"SP2937","skipped","skipped","skipped","skipped","skipped","skipped","skipped"
"SP2938","CRAIG JENSEN","XIMENA M. BISHOP","MICHAEL SNELSON","AMANDA MILLER","MARCIA CONOVER-HARRIS","CRAIG CONOVER","DALE WATSON"
"SP2939","CRAIG CONOVER","DALE WATSON","MICHAEL SNELSON","CRAIG JENSEN","XIMENA M. BISHOP","AMANDA MILLER","MARCIA CONOVER-HARRIS"
"SP2940","XIMENA M. BISHOP","DALE WATSON","AMANDA MILLER","MICHAEL SNELSON","CRAIG JENSEN","CRAIG CONOVER","skipped"
"SP2941","MICHAEL SNELSON","CRAIG CONOVER","skipped","skipped","skipped","skipped","skipped"
"SP2942","CRAIG JENSEN","CRAIG CONOVER","MARCIA CONOVER-HARRIS","MICHAEL SNELSON","DALE WATSON","XIMENA M. BISHOP","AMANDA MILLER"
"SP2943","CRAIG JENSEN","CRAIG CONOVER","MICHAEL SNELSON","DALE WATSON","MARCIA CONOVER-HARRIS","XIMENA M. BISHOP","AMANDA MILLER"
"SP2944","CRAIG JENSEN","MARCIA CONOVER-HARRIS","XIMENA M. BISHOP","CRAIG CONOVER","MICHAEL SNELSON","AMANDA MILLER","DALE WATSON"
"SP2945","MICHAEL SNELSON","XIMENA M. BISHOP","CRAIG CONOVER","MARCIA CONOVER-HARRIS","CRAIG JENSEN","AMANDA MILLER","DALE WATSON"
"SP2946","MARCIA CONOVER-HARRIS","CRAIG CONOVER","XIMENA M. BISHOP","MICHAEL SNELSON","AMANDA MILLER","CRAIG JENSEN","DALE WATSON"
"SP2947","MARCIA CONOVER-HARRIS","XIMENA M. BISHOP","AMANDA MILLER","CRAIG CONOVER","CRAIG JENSEN","MICHAEL SNELSON","DALE WATSON"
"SP2948","MICHAEL SNELSON","CRAIG CONOVER","MARCIA CONOVER-HARRIS","MICHAEL SNELSON","CRAIG CONOVER","MARCIA CONOVER-HARRIS","MICHAEL SNELSON"
"SP2949","MICHAEL SNELSON","CRAIG CONOVER","skipped","MARCIA CONOVER-HARRIS","MICHAEL SNELSON","CRAIG CONOVER","MARCIA CONOVER-HARRIS"
"SP2950","XIMENA M. BISHOP","AMANDA MILLER","DALE WATSON","CRAIG JENSEN","MARCIA CONOVER-HARRIS","CRAIG CONOVER","MICHAEL SNELSON"
"SP2951","MARCIA CONOVER-HARRIS","CRAIG CONOVER","MICHAEL SNELSON","skipped","skipped","skipped","skipped"
"SP2952","CRAIG JENSEN","CRAIG CONOVER","MICHAEL SNELSON","DALE WATSON","skipped","skipped","skipped"
"SP2953","MICHAEL SNELSON","CRAIG JENSEN","CRAIG CONOVER","XIMENA M. BISHOP","DALE WATSON","AMANDA MILLER","MARCIA CONOVER-HARRIS"
"SP2954","MICHAEL SNELSON","AMANDA MILLER","XIMENA M. BISHOP","DALE WATSON","CRAIG JENSEN","MARCIA CONOVER-HARRIS","CRAIG CONOVER"
"SP2955","skipped","skipped","skipped","skipped","skipped","skipped","skipped"
"SP2956","CRAIG CONOVER","XIMENA M. BISHOP","MICHAEL SNELSON","CRAIG JENSEN","skipped","skipped","skipped"
"SP2957","CRAIG JENSEN","CRAIG CONOVER","MARCIA CONOVER-HARRIS","MICHAEL SNELSON","DALE WATSON","XIMENA M. BISHOP","AMANDA MILLER"
"SP2958","MICHAEL SNELSON","CRAIG JENSEN","CRAIG CONOVER","DALE WATSON","MARCIA CONOVER-HARRIS","XIMENA M. BISHOP","AMANDA MILLER"
"SP2959","CRAIG JENSEN","MICHAEL SNELSON","CRAIG CONOVER","XIMENA M. BISHOP","MARCIA CONOVER-HARRIS","DALE WATSON","AMANDA MILLER"
"SP2960","MICHAEL SNELSON","XIMENA M. BISHOP","CRAIG JENSEN","DALE WATSON","MARCIA CONOVER-HARRIS","skipped","skipped"
"SP2961","MICHAEL SNELSON","CRAIG JENSEN","DALE WATSON","AMANDA MILLER","XIMENA M. BISHOP","MARCIA CONOVER-HARRIS","CRAIG JENSEN"
"SP2962","DALE WATSON","CRAIG CONOVER","MARCIA CONOVER-HARRIS","skipped","skipped","skipped","skipped"
"SP2963","CRAIG JENSEN","MICHAEL SNELSON","XIMENA M. BISHOP","DALE WATSON","CRAIG CONOVER","MARCIA CONOVER-HARRIS","AMANDA MILLER"
"SP2964","XIMENA M. BISHOP","MARCIA CONOVER-HARRIS","CRAIG CONOVER","MICHAEL SNELSON","CRAIG JENSEN","DALE WATSON","AMANDA MILLER"
"SP2965","MICHAEL SNELSON","XIMENA M. BISHOP","CRAIG JENSEN","skipped","skipped","skipped","skipped"
"SP2966","DALE WATSON","CRAIG CONOVER","XIMENA M. BISHOP","MICHAEL SNELSON","CRAIG JENSEN","MARCIA CONOVER-HARRIS","AMANDA MILLER"
"SP2967","CRAIG JENSEN","MICHAEL SNELSON","DALE WATSON","AMANDA MILLER","XIMENA M. BISHOP","CRAIG CONOVER","MARCIA CONOVER-HARRIS"
"SP2968","DALE WATSON","MICHAEL SNELSON","AMANDA MILLER","skipped","skipped","skipped","skipped"
"SP2969","XIMENA M. BISHOP","AMANDA MILLER","MICHAEL SNELSON","DALE WATSON","MARCIA CONOVER-HARRIS","CRAIG CONOVER","CRAIG JENSEN"
"SP2970","AMANDA MILLER","skipped","skipped","skipped","skipped","skipped","skipped"
"SP2971","MARCIA CONOVER-HARRIS","CRAIG CONOVER","CRAIG JENSEN","DALE WATSON","MICHAEL SNELSON","skipped","skipped"
"SP2972","DALE WATSON","XIMENA M. BISHOP","CRAIG JENSEN","skipped","skipped","skipped","skipped"
"SP2973","skipped","skipped","skipped","skipped","skipped","skipped","skipped"
"SP2974","MICHAEL SNELSON","MARCIA CONOVER-HARRIS","XIMENA M. BISHOP","CRAIG JENSEN","CRAIG CONOVER","DALE WATSON","AMANDA MILLER"
"SP2975","skipped","skipped","skipped","skipped","skipped","skipped","skipped"
"SP2976","MARCIA CONOVER-HARRIS","CRAIG CONOVER","CRAIG JENSEN","XIMENA M. BISHOP","DALE WATSON","MICHAEL SNELSON","AMANDA MILLER"
"SP2977","DALE WATSON","MICHAEL SNELSON","CRAIG JENSEN","CRAIG CONOVER","skipped","skipped","skipped"
"SP2978","DALE WATSON","AMANDA MILLER","MICHAEL SNELSON","skipped","skipped","skipped","skipped"
"SP2979","MICHAEL SNELSON","DALE WATSON","XIMENA M. BISHOP","CRAIG JENSEN","CRAIG CONOVER","MARCIA CONOVER-HARRIS","AMANDA MILLER"
"SP2980","MARCIA CONOVER-HARRIS","skipped","skipped","skipped","skipped","skipped","skipped"
"SP2981","CRAIG JENSEN","MARCIA CONOVER-HARRIS","MICHAEL SNELSON","CRAIG CONOVER","DALE WATSON","XIMENA M. BISHOP","AMANDA MILLER"
"SP2982","AMANDA MILLER","skipped","skipped","skipped","skipped","skipped","skipped"
"SP2983","XIMENA M. BISHOP","DALE WATSON","MICHAEL SNELSON","CRAIG JENSEN","CRAIG CONOVER","MARCIA CONOVER-HARRIS","AMANDA MILLER"
"SP2984","AMANDA MILLER","skipped","skipped","skipped","skipped","skipped","XIMENA M. BISHOP"
"SP2985","MICHAEL SNELSON","CRAIG CONOVER","XIMENA M. BISHOP","CRAIG JENSEN","AMANDA MILLER","MARCIA CONOVER-HARRIS","DALE WATSON"
"SP2986","CRAIG JENSEN","CRAIG CONOVER","MICHAEL SNELSON","XIMENA M. BISHOP","AMANDA MILLER","DALE WATSON","MARCIA CONOVER-HARRIS"
"SP2987","skipped","skipped","skipped","skipped","skipped","skipped","skipped"
"SP2988","CRAIG JENSEN","MICHAEL SNELSON","CRAIG CONOVER","MARCIA CONOVER-HARRIS","AMANDA MILLER","DALE WATSON","XIMENA M. BISHOP"
"SP2989","MICHAEL SNELSON","CRAIG CONOVER","DALE WATSON","CRAIG JENSEN","MARCIA CONOVER-HARRIS","XIMENA M. BISHOP","AMANDA MILLER"
"SP2990","DALE WATSON","CRAIG JENSEN","MICHAEL SNELSON","XIMENA M. BISHOP","skipped","skipped","skipped"
"SP2991","MICHAEL SNELSON","XIMENA M. BISHOP","CRAIG JENSEN","skipped","skipped","skipped","skipped"
"SP2992","overvote","skipped","skipped","skipped","skipped","skipped","XIMENA M. BISHOP"
"SP2993","MICHAEL SNELSON","CRAIG JENSEN","MARCIA CONOVER-HARRIS","XIMENA M. BISHOP","DALE WATSON","AMANDA MILLER","CRAIG CONOVER"
"SP2994","MICHAEL SNELSON","MARCIA CONOVER-HARRIS","XIMENA M. BISHOP","AMANDA MILLER","CRAIG CONOVER","CRAIG JENSEN","DALE WATSON"
"SP2995","XIMENA M. BISHOP","MICHAEL SNELSON","CRAIG CONOVER","skipped","skipped","skipped","skipped"
"SP2996","CRAIG CONOVER","MICHAEL SNELSON","DALE WATSON","CRAIG JENSEN","AMANDA MILLER","XIMENA M. BISHOP","MARCIA CONOVER-HARRIS"
"SP2997","XIMENA M. BISHOP","MICHAEL SNELSON","AMANDA MILLER","MARCIA CONOVER-HARRIS","CRAIG CONOVER","CRAIG JENSEN","DALE WATSON"
"SP2998","CRAIG JENSEN","XIMENA M. BISHOP","MICHAEL SNELSON","DALE WATSON","MARCIA CONOVER-HARRIS","CRAIG CONOVER","AMANDA MILLER"
"SP2999","XIMENA M. BISHOP","DALE WATSON","MARCIA CONOVER-HARRIS","CRAIG CONOVER","MICHAEL SNELSON","CRAIG JENSEN","AMANDA MILLER"
"SP3000","DALE WATSON","CRAIG CONOVER","AMANDA MILLER","skipped","skipped","skipped","skipped"
"SP3001","XIMENA M. BISHOP","DALE WATSON","MARCIA CONOVER-HARRIS","CRAIG CONOVER","MICHAEL SNELSON","CRAIG JENSEN","AMANDA MILLER"
"SP3002","CRAIG JENSEN","CRAIG CONOVER","MICHAEL SNELSON","XIMENA M. BISHOP","MARCIA CONOVER-HARRIS","AMANDA MILLER","DALE WATSON"
"SP3003","MICHAEL SNELSON","AMANDA MILLER","CRAIG JENSEN","skipped","skipped","skipped","skipped"
"SP3004","MICHAEL SNELSON","CRAIG JENSEN","AMANDA MILLER","skipped","skipped","skipped","skipped"
"SP3005","XIMENA M. BISHOP","MICHAEL SNELSON","CRAIG JENSEN","AMANDA MILLER","MARCIA CONOVER-HARRIS","CRAIG CONOVER","DALE WATSON"
"SP3006","CRAIG JENSEN","MICHAEL SNELSON","AMANDA MILLER","DALE WATSON","XIMENA M. BISHOP","MARCIA CONOVER-HARRIS","CRAIG CONOVER"
"SP3007","MICHAEL SNELSON","skipped","skipped","AMANDA MILLER","MARCIA CONOVER-HARRIS","CRAIG JENSEN","CRAIG CONOVER"
"SP3008","CRAIG CONOVER","CRAIG JENSEN","MARCIA CONOVER-HARRIS","DALE WATSON","XIMENA M. BISHOP","MICHAEL SNELSON","AMANDA MILLER"
"SP3009","CRAIG JENSEN","MICHAEL SNELSON","XIMENA M. BISHOP","CRAIG CONOVER","MARCIA CONOVER-HARRIS","AMANDA MILLER","DALE WATSON"
"SP3010","MICHAEL SNELSON","CRAIG JENSEN","CRAIG CONOVER","AMANDA MILLER","DALE WATSON","XIMENA M. BISHOP","MARCIA CONOVER-HARRIS"
"SP3011","MICHAEL SNELSON","CRAIG JENSEN","DALE WATSON","MICHAEL SNELSON","XIMENA M. BISHOP","CRAIG CONOVER","MARCIA CONOVER-HARRIS"
"SP3012","MARCIA CONOVER-HARRIS","CRAIG CONOVER","XIMENA M. BISHOP","skipped","skipped","skipped","skipped"
"SP3013","MICHAEL SNELSON","CRAIG JENSEN","DALE WATSON","XIMENA M. BISHOP","AMANDA MILLER","CRAIG CONOVER","MARCIA CONOVER-HARRIS"
"SP3014","CRAIG JENSEN","MICHAEL SNELSON","skipped","skipped","skipped","skipped","skipped"
"SP3015","MICHAEL SNELSON","AMANDA MILLER","MARCIA CONOVER-HARRIS","XIMENA M. BISHOP","CRAIG JENSEN","DALE WATSON","CRAIG CONOVER"
"SP3016","XIMENA M. BISHOP","CRAIG CONOVER","CRAIG JENSEN","CRAIG CONOVER","MICHAEL SNELSON","AMANDA MILLER","DALE WATSON"
"SP3017","MICHAEL SNELSON","DALE WATSON","XIMENA M. BISHOP","CRAIG JENSEN","CRAIG CONOVER","MARCIA CONOVER-HARRIS","AMANDA MILLER"
"SP3018","MICHAEL SNELSON","CRAIG CONOVER","AMANDA MILLER","XIMENA M. BISHOP","MARCIA CONOVER-HARRIS","MICHAEL SNELSON","DALE WATSON"
"SP3019","DALE WATSON","MICHAEL SNELSON","CRAIG CONOVER","AMANDA MILLER","CRAIG JENSEN","XIMENA M. BISHOP","MARCIA CONOVER-HARRIS"
"SP3020","CRAIG CONOVER","skipped","skipped","skipped","skipped","skipped","skipped"
"SP3021","DALE WATSON","skipped","MARCIA CONOVER-HARRIS","overvote","skipped","overvote","XIMENA M. BISHOP"
"SP3022","XIMENA M. BISHOP","CRAIG CONOVER","MARCIA CONOVER-HARRIS","CRAIG JENSEN","MICHAEL SNELSON","AMANDA MILLER","DALE WATSON"
"SP3023","MICHAEL SNELSON","CRAIG JENSEN","DALE WATSON","XIMENA M. BISHOP","CRAIG CONOVER","MARCIA CONOVER-HARRIS","skipped"
"SP3024","AMANDA MILLER","CRAIG CONOVER","MARCIA CONOVER-HARRIS","DALE WATSON","CRAIG JENSEN","MICHAEL SNELSON","XIMENA M. BISHOP"
"SP3025","MICHAEL SNELSON","DALE WATSON","CRAIG CONOVER","MARCIA CONOVER-HARRIS","AMANDA MILLER","CRAIG JENSEN","XIMENA M. BISHOP"
"SP3026","MICHAEL SNELSON","skipped","skipped","skipped","skipped","skipped","skipped"
"SP3027","XIMENA M. BISHOP","CRAIG CONOVER","MARCIA CONOVER-HARRIS","CRAIG JENSEN","MICHAEL SNELSON","AMANDA MILLER","DALE WATSON"
"SP3028","CRAIG JENSEN","MICHAEL SNELSON","CRAIG CONOVER","MARCIA CONOVER-HARRIS","AMANDA MILLER","DALE WATSON","XIMENA M. BISHOP"
"SP3029","DALE WATSON","MICHAEL SNELSON","XIMENA M. BISHOP","CRAIG JENSEN","MARCIA CONOVER-HARRIS","CRAIG CONOVER","AMANDA MILLER"
"SP3030","MICHAEL SNELSON","MARCIA CONOVER-HARRIS","CRAIG JENSEN","DALE WATSON","XIMENA M. BISHOP","CRAIG CONOVER","AMANDA MILLER"
"SP3031","CRAIG CONOVER","MARCIA CONOVER-HARRIS","MICHAEL SNELSON","CRAIG JENSEN","XIMENA M. BISHOP","DALE WATSON","AMANDA MILLER"
"SP3032","CRAIG JENSEN","MICHAEL SNELSON","XIMENA M. BISHOP","DALE WATSON","AMANDA MILLER","MARCIA CONOVER-HARRIS","CRAIG CONOVER"
"SP3033","MICHAEL SNELSON","CRAIG CONOVER","MARCIA CONOVER-HARRIS","skipped","skipped","skipped","skipped"
"SP3034","MARCIA CONOVER-HARRIS","CRAIG CONOVER","XIMENA M. BISHOP","skipped","skipped","skipped","skipped"
"SP3035","MICHAEL SNELSON","CRAIG JENSEN","skipped","skipped","skipped","skipped","skipped"
"SP3036","CRAIG CONOVER","MARCIA CONOVER-HARRIS","AMANDA MILLER","CRAIG JENSEN","MICHAEL SNELSON","DALE WATSON","XIMENA M. BISHOP"
"SP3037","XIMENA M. BISHOP","MARCIA CONOVER-HARRIS","CRAIG JENSEN","CRAIG CONOVER","MICHAEL SNELSON","AMANDA MILLER","DALE WATSON"
"SP3038","MICHAEL SNELSON","CRAIG JENSEN","XIMENA M. BISHOP","DALE WATSON","AMANDA MILLER","CRAIG CONOVER","MARCIA CONOVER-HARRIS"
"SP3039","MICHAEL SNELSON","CRAIG CONOVER","AMANDA MILLER","DALE WATSON","MARCIA CONOVER-HARRIS","CRAIG JENSEN","XIMENA M. BISHOP"
"SP3040","MICHAEL SNELSON","CRAIG JENSEN","CRAIG CONOVER","MARCIA CONOVER-HARRIS","DALE WATSON","AMANDA MILLER","XIMENA M. BISHOP"
"SP3041","CRAIG CONOVER","MARCIA CONOVER-HARRIS","MICHAEL SNELSON","AMANDA MILLER","DALE WATSON","XIMENA M. BISHOP","CRAIG JENSEN"
"SP3042","MICHAEL SNELSON","CRAIG JENSEN","XIMENA M. BISHOP","DALE WATSON","CRAIG CONOVER","MARCIA CONOVER-HARRIS","AMANDA MILLER"
"SP3043","MICHAEL SNELSON","MARCIA CONOVER-HARRIS","AMANDA MILLER","XIMENA M. BISHOP","DALE WATSON","CRAIG JENSEN","CRAIG CONOVER"
"SP3044","CRAIG CONOVER","MARCIA CONOVER-HARRIS","XIMENA M. BISHOP","AMANDA MILLER","DALE WATSON","MICHAEL SNELSON","CRAIG JENSEN"
"SP3045","MARCIA CONOVER-HARRIS","skipped","skipped","skipped","skipped","skipped","skipped"
"SP3046","CRAIG CONOVER","MICHAEL SNELSON","CRAIG JENSEN","XIMENA M. BISHOP","DALE WATSON","XIMENA M. BISHOP","AMANDA MILLER"
"SP3047","XIMENA M. BISHOP","MICHAEL SNELSON","CRAIG JENSEN","DALE WATSON","AMANDA MILLER","MARCIA CONOVER-HARRIS","CRAIG CONOVER"
"SP3048","CRAIG JENSEN","MICHAEL SNELSON","XIMENA M. BISHOP","AMANDA MILLER","DALE WATSON","MARCIA CONOVER-HARRIS","CRAIG CONOVER"
"SP3049","CRAIG CONOVER","MICHAEL SNELSON","CRAIG JENSEN","DALE WATSON","MARCIA CONOVER-HARRIS","AMANDA MILLER","XIMENA M. BISHOP"
"SP3050","CRAIG CONOVER","XIMENA M. BISHOP","DALE WATSON","MICHAEL SNELSON","AMANDA MILLER","CRAIG JENSEN","MARCIA CONOVER-HARRIS"
"SP3051","MICHAEL SNELSON","CRAIG JENSEN","XIMENA M. BISHOP","skipped","skipped","skipped","skipped"
"SP3052","DALE WATSON","skipped","skipped","skipped","skipped","skipped","skipped"
"SP3053","AMANDA MILLER","MARCIA CONOVER-HARRIS","CRAIG CONOVER","MICHAEL SNELSON","DALE WATSON","CRAIG JENSEN","XIMENA M. BISHOP"
"SP3054","CRAIG CONOVER","MARCIA CONOVER-HARRIS","DALE WATSON","CRAIG JENSEN","skipped","skipped","skipped"
"SP3055","CRAIG JENSEN","CRAIG CONOVER","DALE WATSON","XIMENA M. BISHOP","MICHAEL SNELSON","MARCIA CONOVER-HARRIS","AMANDA MILLER"
"SP3056","MICHAEL SNELSON","CRAIG JENSEN","XIMENA M. BISHOP","CRAIG CONOVER","DALE WATSON","AMANDA MILLER","MARCIA CONOVER-HARRIS"
"SP3057","CRAIG CONOVER","MARCIA CONOVER-HARRIS","skipped","skipped","skipped","skipped","skipped"
"SP3058","CRAIG JENSEN","XIMENA M. BISHOP","MICHAEL SNELSON","skipped","skipped","skipped","skipped"
"SP3059","CRAIG JENSEN","MICHAEL SNELSON","CRAIG CONOVER","DALE WATSON","XIMENA M. BISHOP","MARCIA CONOVER-HARRIS","AMANDA MILLER"
"SP3060","AMANDA MILLER","MARCIA CONOVER-HARRIS","DALE WATSON","CRAIG JENSEN","XIMENA M. BISHOP","CRAIG CONOVER","MICHAEL SNELSON"
"SP3061","MICHAEL SNELSON","XIMENA M. BISHOP","CRAIG JENSEN","MARCIA CONOVER-HARRIS","AMANDA MILLER","CRAIG CONOVER","DALE WATSON"
"SP3062","CRAIG JENSEN","CRAIG CONOVER","AMANDA MILLER","MICHAEL SNELSON","DALE WATSON","XIMENA M. BISHOP","MARCIA CONOVER-HARRIS"
"SP3063","CRAIG JENSEN","CRAIG CONOVER","MICHAEL SNELSON","MARCIA CONOVER-HARRIS","AMANDA MILLER","skipped","skipped"
"SP3064","CRAIG CONOVER","DALE WATSON","MICHAEL SNELSON","CRAIG JENSEN","AMANDA MILLER","XIMENA M. BISHOP","MARCIA CONOVER-HARRIS"
"SP3065","CRAIG JENSEN","MICHAEL SNELSON","CRAIG CONOVER","XIMENA M. BISHOP","MARCIA CONOVER-HARRIS","AMANDA MILLER","DALE WATSON"
"SP3066","skipped","skipped","skipped","skipped","skipped","skipped","skipped"
"SP3067","CRAIG CONOVER","skipped","skipped","skipped","skipped","skipped","skipped"
"SP3068","XIMENA M. BISHOP","CRAIG JENSEN","DALE WATSON","MICHAEL SNELSON","CRAIG CONOVER","MARCIA CONOVER-HARRIS","AMANDA MILLER"
"SP3069","CRAIG JENSEN","MICHAEL SNELSON","XIMENA M. BISHOP","CRAIG CONOVER","MARCIA CONOVER-HARRIS","AMANDA MILLER","DALE WATSON"
"SP3070","XIMENA M. BISHOP","CRAIG JENSEN","DALE WATSON","MICHAEL SNELSON","CRAIG CONOVER","MARCIA CONOVER-HARRIS","AMANDA MILLER"
"SP3071","CRAIG JENSEN","MICHAEL SNELSON","DALE WATSON","skipped","skipped","skipped","skipped"
"SP3072","DALE WATSON","CRAIG JENSEN","CRAIG CONOVER","MARCIA CONOVER-HARRIS","AMANDA MILLER","XIMENA M. BISHOP","MICHAEL SNELSON"
"SP3073","CRAIG JENSEN","MICHAEL SNELSON","CRAIG CONOVER","MARCIA CONOVER-HARRIS","DALE WATSON","XIMENA M. BISHOP","AMANDA MILLER"
"SP3074","MICHAEL SNELSON","DALE WATSON","XIMENA M. BISHOP","CRAIG JENSEN","CRAIG CONOVER","MARCIA CONOVER-HARRIS","AMANDA MILLER"
"SP3075","XIMENA M. BISHOP","CRAIG CONOVER","DALE WATSON","CRAIG JENSEN","MICHAEL SNELSON","AMANDA MILLER","MARCIA CONOVER-HARRIS"
"SP3076","skipped","skipped","skipped","skipped","skipped","skipped","skipped"
"SP3077","MARCIA CONOVER-HARRIS","CRAIG CONOVER","skipped","skipped","skipped","skipped","skipped"
"SP3078","CRAIG JENSEN","CRAIG CONOVER","MICHAEL SNELSON","AMANDA MILLER","MARCIA CONOVER-HARRIS","XIMENA M. BISHOP","DALE WATSON"
"SP3079","CRAIG CONOVER","MARCIA CONOVER-HARRIS","MICHAEL SNELSON","AMANDA MILLER","XIMENA M. BISHOP","CRAIG JENSEN","DALE WATSON"
"SP3080","MICHAEL SNELSON","CRAIG CONOVER","MARCIA CONOVER-HARRIS","CRAIG JENSEN","XIMENA M. BISHOP","DALE WATSON","AMANDA MILLER"
"SP3081","skipped","skipped","skipped","skipped","skipped","skipped","skipped"
"SP3082","CRAIG JENSEN","AMANDA MILLER","skipped","skipped","skipped","skipped","skipped"
"SP3083","DALE WATSON","MARCIA CONOVER-HARRIS","MICHAEL SNELSON","CRAIG JENSEN","CRAIG CONOVER","XIMENA M. BISHOP","AMANDA MILLER"
"SP3084","skipped","skipped","skipped","skipped","skipped","skipped","skipped"
"SP3085","CRAIG CONOVER","MARCIA CONOVER-HARRIS","XIMENA M. BISHOP","MICHAEL SNELSON","DALE WATSON","AMANDA MILLER","CRAIG JENSEN"
"SP3086","CRAIG CONOVER","MARCIA CONOVER-HARRIS","MICHAEL SNELSON","XIMENA M. BISHOP","CRAIG JENSEN","DALE WATSON","AMANDA MILLER"
"SP3087","MICHAEL SNELSON","CRAIG CONOVER","MARCIA CONOVER-HARRIS","CRAIG JENSEN","DALE WATSON","AMANDA MILLER","XIMENA M. BISHOP"
"SP3088","XIMENA M. BISHOP","MICHAEL SNELSON","MARCIA CONOVER-HARRIS","DALE WATSON","CRAIG JENSEN","CRAIG CONOVER","AMANDA MILLER"
"SP3089","skipped","skipped","skipped","skipped","skipped","skipped","skipped"
"SP3090","MICHAEL SNELSON","CRAIG JENSEN","CRAIG CONOVER","MARCIA CONOVER-HARRIS","DALE WATSON","AMANDA MILLER","XIMENA M. BISHOP"
"SP3091","MICHAEL SNELSON","CRAIG JENSEN","XIMENA M. BISHOP","CRAIG CONOVER","MARCIA CONOVER-HARRIS","AMANDA MILLER","DALE WATSON"
"SP3092","MICHAEL SNELSON","XIMENA M. BISHOP","DALE WATSON","CRAIG CONOVER","MARCIA CONOVER-HARRIS","CRAIG JENSEN","AMANDA MILLER"
"SP3093","MICHAEL SNELSON","CRAIG JENSEN","XIMENA M. BISHOP","CRAIG CONOVER","MARCIA CONOVER-HARRIS","AMANDA MILLER","DALE WATSON"
"SP3094","DALE WATSON","AMANDA MILLER","XIMENA M. BISHOP","MICHAEL SNELSON","CRAIG JENSEN","CRAIG CONOVER","MARCIA CONOVER-HARRIS"
"SP3095","XIMENA M. BISHOP","MICHAEL SNELSON","CRAIG JENSEN","AMANDA MILLER","DALE WATSON","CRAIG CONOVER","MARCIA CONOVER-HARRIS"
"SP3096","CRAIG CONOVER","MARCIA CONOVER-HARRIS","MICHAEL SNELSON","DALE WATSON","CRAIG JENSEN","AMANDA MILLER","XIMENA M. BISHOP"
"SP3097","MARCIA CONOVER-HARRIS","CRAIG CONOVER","MICHAEL SNELSON","DALE WATSON","CRAIG JENSEN","XIMENA M. BISHOP","AMANDA MILLER"
"SP3098","MICHAEL SNELSON","CRAIG JENSEN","XIMENA M. BISHOP","CRAIG CONOVER","MARCIA CONOVER-HARRIS","DALE WATSON","AMANDA MILLER"
"SP3099","MICHAEL SNELSON","MARCIA CONOVER-HARRIS","DALE WATSON","CRAIG CONOVER","AMANDA MILLER","CRAIG JENSEN","XIMENA M. BISHOP"
"SP3100","CRAIG CONOVER","DALE WATSON","CRAIG JENSEN","AMANDA MILLER","MICHAEL SNELSON","CRAIG JENSEN","MARCIA CONOVER-HARRIS"
"SP3101","DALE WATSON","CRAIG JENSEN","MICHAEL SNELSON","XIMENA M. BISHOP","skipped","AMANDA MILLER","MARCIA CONOVER-HARRIS"
"SP3102","CRAIG CONOVER","MICHAEL SNELSON","MARCIA CONOVER-HARRIS","XIMENA M. BISHOP","AMANDA MILLER","DALE WATSON","CRAIG JENSEN"
"SP3103","CRAIG CONOVER","MARCIA CONOVER-HARRIS","skipped","skipped","skipped","skipped","skipped"
"SP3104","MARCIA CONOVER-HARRIS","CRAIG CONOVER","MICHAEL SNELSON","XIMENA M. BISHOP","CRAIG JENSEN","DALE WATSON","AMANDA MILLER"
"SP3105","CRAIG CONOVER","MARCIA CONOVER-HARRIS","MICHAEL SNELSON","skipped","skipped","skipped","skipped"
"SP3106","MICHAEL SNELSON","CRAIG CONOVER","DALE WATSON","XIMENA M. BISHOP","CRAIG JENSEN","AMANDA MILLER","MARCIA CONOVER-HARRIS"
"SP3107","CRAIG JENSEN","MICHAEL SNELSON","MARCIA CONOVER-HARRIS","DALE WATSON","AMANDA MILLER","CRAIG CONOVER","XIMENA M. BISHOP"
"SP3108","CRAIG JENSEN","MICHAEL SNELSON","DALE WATSON","AMANDA MILLER","XIMENA M. BISHOP","CRAIG CONOVER","MARCIA CONOVER-HARRIS"
"SP3109","CRAIG JENSEN","CRAIG CONOVER","AMANDA MILLER","MARCIA CONOVER-HARRIS","DALE WATSON","XIMENA M. BISHOP","MICHAEL SNELSON"
"SP3110","DALE WATSON","MICHAEL SNELSON","AMANDA MILLER","CRAIG CONOVER","skipped","skipped","skipped"
"SP3111","DALE WATSON","CRAIG CONOVER","CRAIG JENSEN","skipped","skipped","skipped","skipped"
"SP3112","AMANDA MILLER","MARCIA CONOVER-HARRIS","skipped","skipped","skipped","skipped","skipped"
"SP3113","CRAIG CONOVER","MARCIA CONOVER-HARRIS","CRAIG JENSEN","XIMENA M. BISHOP","MICHAEL SNELSON","AMANDA MILLER","DALE WATSON"
"SP3114","CRAIG JENSEN","MICHAEL SNELSON","AMANDA MILLER","DALE WATSON","XIMENA M. BISHOP","MARCIA CONOVER-HARRIS","CRAIG CONOVER"
"SP3115","MICHAEL SNELSON","CRAIG JENSEN","AMANDA MILLER","XIMENA M. BISHOP","skipped","skipped","skipped"
"SP3116","CRAIG JENSEN","MICHAEL SNELSON","MARCIA CONOVER-HARRIS","AMANDA MILLER","DALE WATSON","XIMENA M. BISHOP","CRAIG CONOVER"
"SP3117","DALE WATSON","MICHAEL SNELSON","CRAIG CONOVER","AMANDA MILLER","MARCIA CONOVER-HARRIS","CRAIG JENSEN","XIMENA M. BISHOP"
"SP3118","MICHAEL SNELSON","DALE WATSON","XIMENA M. BISHOP","MICHAEL SNELSON","CRAIG JENSEN","CRAIG CONOVER","overvote"
"SP3119","MICHAEL SNELSON","DALE WATSON","XIMENA M. BISHOP","CRAIG JENSEN","CRAIG CONOVER","MARCIA CONOVER-HARRIS","AMANDA MILLER"
"SP3120","CRAIG JENSEN","MICHAEL SNELSON","XIMENA M. BISHOP","AMANDA MILLER","DALE WATSON","MARCIA CONOVER-HARRIS","CRAIG JENSEN"
"SP3121","MICHAEL SNELSON","CRAIG JENSEN","XIMENA M. BISHOP","DALE WATSON","AMANDA MILLER","MARCIA CONOVER-HARRIS","CRAIG CONOVER"
"SP3122","CRAIG JENSEN","MICHAEL SNELSON","DALE WATSON","XIMENA M. BISHOP","AMANDA MILLER","MARCIA CONOVER-HARRIS","CRAIG CONOVER"
"SP3123","CRAIG JENSEN","MICHAEL SNELSON","MARCIA CONOVER-HARRIS","AMANDA MILLER","DALE WATSON","XIMENA M. BISHOP","CRAIG CONOVER"
"SP3124","XIMENA M. BISHOP","CRAIG CONOVER","CRAIG JENSEN","MICHAEL SNELSON","MARCIA CONOVER-HARRIS","AMANDA MILLER","DALE WATSON"
"SP3125","CRAIG JENSEN","MICHAEL SNELSON","CRAIG CONOVER","DALE WATSON","XIMENA M. BISHOP","CRAIG CONOVER","AMANDA MILLER"
"SP3126","XIMENA M. BISHOP","CRAIG CONOVER","CRAIG JENSEN","MICHAEL SNELSON","MARCIA CONOVER-HARRIS","AMANDA MILLER","DALE WATSON"
"SP3127","MICHAEL SNELSON","CRAIG JENSEN","CRAIG CONOVER","AMANDA MILLER","XIMENA M. BISHOP","DALE WATSON","MARCIA CONOVER-HARRIS"
"SP3128","MICHAEL SNELSON","DALE WATSON","CRAIG JENSEN","overvote","skipped","MARCIA CONOVER-HARRIS","XIMENA M. BISHOP"
"SP3129","MICHAEL SNELSON","DALE WATSON","CRAIG JENSEN","XIMENA M. BISHOP","AMANDA MILLER","CRAIG CONOVER","MARCIA CONOVER-HARRIS"
"SP3130","DALE WATSON","MARCIA CONOVER-HARRIS","skipped","skipped","skipped","skipped","skipped"
"SP3131","AMANDA MILLER","CRAIG JENSEN","DALE WATSON","XIMENA M. BISHOP","MARCIA CONOVER-HARRIS","MICHAEL SNELSON","CRAIG CONOVER"
"SP3132","CRAIG JENSEN","MICHAEL SNELSON","CRAIG CONOVER","DALE WATSON","AMANDA MILLER","XIMENA M. BISHOP","MARCIA CONOVER-HARRIS"
"SP3133","CRAIG CONOVER","MARCIA CONOVER-HARRIS","AMANDA MILLER","MICHAEL SNELSON","DALE WATSON","XIMENA M. BISHOP","CRAIG JENSEN"
"SP3134","CRAIG JENSEN","MICHAEL SNELSON","DALE WATSON","XIMENA M. BISHOP","MARCIA CONOVER-HARRIS","CRAIG CONOVER","AMANDA MILLER"
"SP3135","CRAIG JENSEN","MICHAEL SNELSON","DALE WATSON","AMANDA MILLER","XIMENA M. BISHOP","CRAIG CONOVER","MARCIA CONOVER-HARRIS"
"SP3136","CRAIG CONOVER","MICHAEL SNELSON","MARCIA CONOVER-HARRIS","AMANDA MILLER","CRAIG JENSEN","DALE WATSON","MICHAEL SNELSON"
"SP3137","CRAIG CONOVER","DALE WATSON","MICHAEL SNELSON","XIMENA M. BISHOP","CRAIG JENSEN","AMANDA MILLER","MARCIA CONOVER-HARRIS"
"SP3138","MICHAEL SNELSON","CRAIG JENSEN","DALE WATSON","XIMENA M. BISHOP","CRAIG CONOVER","MARCIA CONOVER-HARRIS","AMANDA MILLER"
"SP3139","MARCIA CONOVER-HARRIS","CRAIG CONOVER","XIMENA M. BISHOP","AMANDA MILLER","DALE WATSON","CRAIG JENSEN","MICHAEL SNELSON"
"SP3140","MICHAEL SNELSON","CRAIG CONOVER","MARCIA CONOVER-HARRIS","DALE WATSON","XIMENA M. BISHOP","CRAIG JENSEN","AMANDA MILLER"
"SP3141","CRAIG JENSEN","DALE WATSON","MICHAEL SNELSON","MARCIA CONOVER-HARRIS","XIMENA M. BISHOP","CRAIG CONOVER","AMANDA MILLER"
"SP3142","CRAIG JENSEN","AMANDA MILLER","CRAIG CONOVER","MARCIA CONOVER-HARRIS","MICHAEL SNELSON","DALE WATSON","XIMENA M. BISHOP"
"SP3143","MICHAEL SNELSON","CRAIG CONOVER","CRAIG JENSEN","AMANDA MILLER","MARCIA CONOVER-HARRIS","XIMENA M. BISHOP","DALE WATSON"
"SP3144","MICHAEL SNELSON","CRAIG JENSEN","XIMENA M. BISHOP","DALE WATSON","AMANDA MILLER","MARCIA CONOVER-HARRIS","CRAIG CONOVER"
"SP3145","CRAIG JENSEN","MICHAEL SNELSON","skipped","skipped","skipped","skipped","skipped"
"SP3146","DALE WATSON","MICHAEL SNELSON","CRAIG JENSEN","CRAIG CONOVER","XIMENA M. BISHOP","MARCIA CONOVER-HARRIS","AMANDA MILLER"
"SP3147","MARCIA CONOVER-HARRIS","CRAIG CONOVER","XIMENA M. BISHOP","AMANDA MILLER","CRAIG JENSEN","MICHAEL SNELSON","DALE WATSON"
"SP3148","CRAIG CONOVER","MICHAEL SNELSON","MARCIA CONOVER-HARRIS","DALE WATSON","XIMENA M. BISHOP","CRAIG JENSEN","AMANDA MILLER"
"SP3149","MICHAEL SNELSON","CRAIG JENSEN","AMANDA MILLER","DALE WATSON","XIMENA M. BISHOP","MARCIA CONOVER-HARRIS","CRAIG CONOVER"
"SP3150","CRAIG CONOVER","skipped","skipped","skipped","skipped","skipped","skipped"
"SP3151","MARCIA CONOVER-HARRIS","XIMENA M. BISHOP","overvote","CRAIG JENSEN","CRAIG CONOVER","AMANDA MILLER","DALE WATSON"
"SP3152","XIMENA M. BISHOP","AMANDA MILLER","MARCIA CONOVER-HARRIS","MICHAEL SNELSON","CRAIG JENSEN","DALE WATSON","CRAIG CONOVER"
"SP3153","skipped","skipped","skipped","skipped","skipped","skipped","skipped"
"SP3154","CRAIG CONOVER","MICHAEL SNELSON","XIMENA M. BISHOP","CRAIG JENSEN","MARCIA CONOVER-HARRIS","DALE WATSON","AMANDA MILLER"
"SP3155","CRAIG JENSEN","MICHAEL SNELSON","MARCIA CONOVER-HARRIS","XIMENA M. BISHOP","AMANDA MILLER","DALE WATSON","CRAIG CONOVER"
"SP3156","XIMENA M. BISHOP","MARCIA CONOVER-HARRIS","AMANDA MILLER","CRAIG JENSEN","CRAIG CONOVER","MICHAEL SNELSON","DALE WATSON"
"SP3157","CRAIG CONOVER","CRAIG JENSEN","MICHAEL SNELSON","XIMENA M. BISHOP","DALE WATSON","MARCIA CONOVER-HARRIS","AMANDA MILLER"
"SP3158","MICHAEL SNELSON","CRAIG JENSEN","skipped","skipped","skipped","skipped","skipped"
"SP3159","MICHAEL SNELSON","CRAIG CONOVER","MARCIA CONOVER-HARRIS","AMANDA MILLER","DALE WATSON","CRAIG JENSEN","XIMENA M. BISHOP"
"SP3160","CRAIG JENSEN","MICHAEL SNELSON","DALE WATSON","CRAIG CONOVER","MARCIA CONOVER-HARRIS","AMANDA MILLER","XIMENA M. BISHOP"
"SP3161","XIMENA M. BISHOP","CRAIG CONOVER","CRAIG JENSEN","MARCIA CONOVER-HARRIS","MICHAEL SNELSON","AMANDA MILLER","DALE WATSON"
"SP3162","AMANDA MILLER","XIMENA M. BISHOP","skipped","skipped","skipped","skipped","skipped"
"SP3163","MICHAEL SNELSON","CRAIG JENSEN","CRAIG CONOVER","MARCIA CONOVER-HARRIS","XIMENA M. BISHOP","AMANDA MILLER","DALE WATSON"
"SP3164","MICHAEL SNELSON","CRAIG JENSEN","skipped","skipped","skipped","skipped","skipped"
"SP3165","MICHAEL SNELSON","CRAIG JENSEN","MARCIA CONOVER-HARRIS","skipped","skipped","skipped","skipped"
"SP3166","MICHAEL SNELSON","DALE WATSON","AMANDA MILLER","XIMENA M. BISHOP","CRAIG JENSEN","CRAIG CONOVER","MARCIA CONOVER-HARRIS"
"SP3167","XIMENA M. BISHOP","MICHAEL SNELSON","CRAIG JENSEN","DALE WATSON","CRAIG CONOVER","AMANDA MILLER","MARCIA CONOVER-HARRIS"
"SP3168","DALE WATSON","skipped","skipped","skipped","skipped","skipped","skipped"
"SP3169","DALE WATSON","skipped","skipped","skipped","skipped","skipped","skipped"
"SP3170","MARCIA CONOVER-HARRIS","XIMENA M. BISHOP","DALE WATSON","AMANDA MILLER","CRAIG JENSEN","MICHAEL SNELSON","CRAIG CONOVER"
"SP3171","CRAIG JENSEN","MICHAEL SNELSON","overvote","AMANDA MILLER","DALE WATSON","MARCIA CONOVER-HARRIS","skipped"
"SP3172","DALE WATSON","XIMENA M. BISHOP","MICHAEL SNELSON","CRAIG JENSEN","CRAIG CONOVER","MARCIA CONOVER-HARRIS","AMANDA MILLER"
"SP3173","CRAIG CONOVER","DALE WATSON","XIMENA M. BISHOP","MICHAEL SNELSON","CRAIG JENSEN","MARCIA CONOVER-HARRIS","AMANDA MILLER"
"SP3174","CRAIG CONOVER","DALE WATSON","XIMENA M. BISHOP","AMANDA MILLER","MICHAEL SNELSON","CRAIG JENSEN","MARCIA CONOVER-HARRIS"
"SP3175","CRAIG CONOVER","MARCIA CONOVER-HARRIS","AMANDA MILLER","MICHAEL SNELSON","XIMENA M. BISHOP","DALE WATSON","CRAIG JENSEN"
"SP3176","MICHAEL SNELSON","CRAIG CONOVER","MARCIA CONOVER-HARRIS","CRAIG JENSEN","DALE WATSON","AMANDA MILLER","XIMENA M. BISHOP"
"SP3177","AMANDA MILLER","MICHAEL SNELSON","CRAIG JENSEN","XIMENA M. BISHOP","DALE WATSON","CRAIG CONOVER","MARCIA CONOVER-HARRIS"
"SP3178","CRAIG CONOVER","MARCIA CONOVER-HARRIS","MICHAEL SNELSON","skipped","skipped","skipped","skipped"
"SP3179","XIMENA M. BISHOP","DALE WATSON","AMANDA MILLER","MARCIA CONOVER-HARRIS","CRAIG CONOVER","CRAIG JENSEN","MICHAEL SNELSON"
"SP3180","XIMENA M. BISHOP","MICHAEL SNELSON","MARCIA CONOVER-HARRIS","CRAIG CONOVER","AMANDA MILLER","CRAIG JENSEN","DALE WATSON"
"SP3181","MICHAEL SNELSON","CRAIG JENSEN","AMANDA MILLER","DALE WATSON","XIMENA M. BISHOP","MARCIA CONOVER-HARRIS","CRAIG CONOVER"
"SP3182","MARCIA CONOVER-HARRIS","CRAIG JENSEN","AMANDA MILLER","MICHAEL SNELSON","XIMENA M. BISHOP","CRAIG CONOVER","DALE WATSON"
"SP3183","MICHAEL SNELSON","CRAIG JENSEN","XIMENA M. BISHOP","skipped","skipped","skipped","skipped"
"SP3184","MARCIA CONOVER-HARRIS","MICHAEL SNELSON","XIMENA M. BISHOP","AMANDA MILLER","CRAIG JENSEN","DALE WATSON","CRAIG CONOVER"
"SP3185","CRAIG JENSEN","CRAIG CONOVER","MICHAEL SNELSON","DALE WATSON","AMANDA MILLER","XIMENA M. BISHOP","MARCIA CONOVER-HARRIS"
"SP3186","AMANDA MILLER","CRAIG CONOVER","MICHAEL SNELSON","CRAIG JENSEN","XIMENA M. BISHOP","DALE WATSON","MARCIA CONOVER-HARRIS"
"SP3187","MARCIA CONOVER-HARRIS","CRAIG CONOVER","skipped","skipped","skipped","skipped","skipped"
"SP3188","AMANDA MILLER","DALE WATSON","XIMENA M. BISHOP","MICHAEL SNELSON","CRAIG JENSEN","CRAIG CONOVER","MARCIA CONOVER-HARRIS"
"SP3189","CRAIG CONOVER","MARCIA CONOVER-HARRIS","skipped","skipped","skipped","skipped","skipped"
"SP3190","MICHAEL SNELSON","DALE WATSON","CRAIG JENSEN","CRAIG CONOVER","XIMENA M. BISHOP","MARCIA CONOVER-HARRIS","AMANDA MILLER"
"SP3191","XIMENA M. BISHOP","MICHAEL SNELSON","CRAIG JENSEN","skipped","skipped","skipped","skipped"
"SP3192","CRAIG JENSEN","DALE WATSON","AMANDA MILLER","CRAIG CONOVER","XIMENA M. BISHOP","MARCIA CONOVER-HARRIS","MICHAEL SNELSON"
"SP3193","AMANDA MILLER","MARCIA CONOVER-HARRIS","XIMENA M. BISHOP","CRAIG JENSEN","MICHAEL SNELSON","CRAIG CONOVER","DALE WATSON"
"SP3194","CRAIG CONOVER","skipped","skipped","skipped","skipped","skipped","skipped"
"SP3195","CRAIG CONOVER","MARCIA CONOVER-HARRIS","CRAIG JENSEN","MICHAEL SNELSON","AMANDA MILLER","DALE WATSON","XIMENA M. BISHOP"
"SP3196","MARCIA CONOVER-HARRIS","XIMENA M. BISHOP","CRAIG CONOVER","MICHAEL SNELSON","CRAIG JENSEN","AMANDA MILLER","DALE WATSON"
"SP3197","CRAIG JENSEN","CRAIG CONOVER","AMANDA MILLER","MARCIA CONOVER-HARRIS","XIMENA M. BISHOP","MICHAEL SNELSON","DALE WATSON"
"SP3198","CRAIG CONOVER","CRAIG JENSEN","MICHAEL SNELSON","AMANDA MILLER","DALE WATSON","XIMENA M. BISHOP","MARCIA CONOVER-HARRIS"
"SP3199","overvote","skipped","skipped","skipped","skipped","skipped","skipped"
"SP3200","AMANDA MILLER","DALE WATSON","CRAIG JENSEN","XIMENA M. BISHOP","MICHAEL SNELSON","MARCIA CONOVER-HARRIS","CRAIG CONOVER"
"SP3201","XIMENA M. BISHOP","MICHAEL SNELSON","MARCIA CONOVER-HARRIS","CRAIG CONOVER","CRAIG JENSEN","AMANDA MILLER","DALE WATSON"
"SP3202","MICHAEL SNELSON","CRAIG JENSEN","CRAIG CONOVER","AMANDA MILLER","XIMENA M. BISHOP","AMANDA MILLER","DALE WATSON"
"SP3203","CRAIG JENSEN","MICHAEL SNELSON","CRAIG CONOVER","XIMENA M. BISHOP","DALE WATSON","MARCIA CONOVER-HARRIS","AMANDA MILLER"
"SP3204","MICHAEL SNELSON","XIMENA M. BISHOP","skipped","skipped","skipped","skipped","skipped"
"SP3205","MICHAEL SNELSON","CRAIG JENSEN","AMANDA MILLER","XIMENA M. BISHOP","DALE WATSON","MARCIA CONOVER-HARRIS","CRAIG CONOVER"
"SP3206","MICHAEL SNELSON","CRAIG CONOVER","MARCIA CONOVER-HARRIS","skipped","skipped","skipped","skipped"
"SP3207","MICHAEL SNELSON","CRAIG JENSEN","XIMENA M. BISHOP","DALE WATSON","AMANDA MILLER","MARCIA CONOVER-HARRIS","CRAIG CONOVER"
"SP3208","AMANDA MILLER","XIMENA M. BISHOP","skipped","skipped","skipped","skipped","skipped"
"SP3209","CRAIG JENSEN","MICHAEL SNELSON","CRAIG CONOVER","XIMENA M. BISHOP","DALE WATSON","MARCIA CONOVER-HARRIS","AMANDA MILLER"
"SP3210","CRAIG CONOVER","DALE WATSON","MICHAEL SNELSON","CRAIG JENSEN","MARCIA CONOVER-HARRIS","AMANDA MILLER","XIMENA M. BISHOP"
"SP3211","AMANDA MILLER","MARCIA CONOVER-HARRIS","XIMENA M. BISHOP","CRAIG CONOVER","MICHAEL SNELSON","CRAIG JENSEN","DALE WATSON"
"SP3212","CRAIG CONOVER","MARCIA CONOVER-HARRIS","DALE WATSON","AMANDA MILLER","XIMENA M. BISHOP","MICHAEL SNELSON","CRAIG JENSEN"
"SP3213","CRAIG JENSEN","AMANDA MILLER","XIMENA M. BISHOP","MICHAEL SNELSON","DALE WATSON","MARCIA CONOVER-HARRIS","CRAIG CONOVER"
"SP3214","MICHAEL SNELSON","DALE WATSON","CRAIG JENSEN","CRAIG CONOVER","AMANDA MILLER","MARCIA CONOVER-HARRIS","XIMENA M. BISHOP"
"SP3215","MICHAEL SNELSON","CRAIG JENSEN","DALE WATSON","skipped","skipped","skipped","skipped"
"SP3216","MICHAEL SNELSON","CRAIG JENSEN","MARCIA CONOVER-HARRIS","XIMENA M. BISHOP","DALE WATSON","AMANDA MILLER","CRAIG CONOVER"
"SP3217","MARCIA CONOVER-HARRIS","AMANDA MILLER","CRAIG CONOVER","CRAIG JENSEN","MICHAEL SNELSON","XIMENA M. BISHOP","DALE WATSON"
"SP3218","MICHAEL SNELSON","AMANDA MILLER","CRAIG CONOVER","MARCIA CONOVER-HARRIS","DALE WATSON","CRAIG JENSEN","XIMENA M. BISHOP"
"SP3219","CRAIG JENSEN","MICHAEL SNELSON","DALE WATSON","XIMENA M. BISHOP","AMANDA MILLER","MARCIA CONOVER-HARRIS","CRAIG CONOVER"
"SP3220","MICHAEL SNELSON","CRAIG CONOVER","MARCIA CONOVER-HARRIS","CRAIG JENSEN","skipped","skipped","skipped"
"SP3221","MARCIA CONOVER-HARRIS","CRAIG CONOVER","skipped","skipped","skipped","skipped","skipped"
"SP3222","AMANDA MILLER","MICHAEL SNELSON","DALE WATSON","XIMENA M. BISHOP","CRAIG JENSEN","CRAIG CONOVER","MARCIA CONOVER-HARRIS"
"SP3223","MICHAEL SNELSON","CRAIG JENSEN","skipped","skipped","skipped","skipped","skipped"
"SP3224","AMANDA MILLER","MARCIA CONOVER-HARRIS","CRAIG CONOVER","CRAIG JENSEN","MICHAEL SNELSON","XIMENA M. BISHOP","DALE WATSON"
"SP3225","MICHAEL SNELSON","CRAIG JENSEN","XIMENA M. BISHOP","MARCIA CONOVER-HARRIS","AMANDA MILLER","CRAIG CONOVER","DALE WATSON"
"SP3226","MARCIA CONOVER-HARRIS","CRAIG CONOVER","CRAIG JENSEN","MICHAEL SNELSON","MICHAEL SNELSON","MICHAEL SNELSON","MICHAEL SNELSON"
"SP3227","MICHAEL SNELSON","CRAIG JENSEN","CRAIG CONOVER","DALE WATSON","skipped","skipped","skipped"
"SP3228","XIMENA M. BISHOP","CRAIG CONOVER","MARCIA CONOVER-HARRIS","MICHAEL SNELSON","AMANDA MILLER","CRAIG JENSEN","DALE WATSON"
"SP3229","MARCIA CONOVER-HARRIS","CRAIG CONOVER","CRAIG JENSEN","DALE WATSON","MICHAEL SNELSON","AMANDA MILLER","XIMENA M. BISHOP"
"SP3230","CRAIG CONOVER","CRAIG JENSEN","MARCIA CONOVER-HARRIS","AMANDA MILLER","skipped","skipped","skipped"
"SP3231","MARCIA CONOVER-HARRIS","CRAIG CONOVER","CRAIG JENSEN","XIMENA M. BISHOP","MICHAEL SNELSON","DALE WATSON","AMANDA MILLER"
"SP3232","XIMENA M. BISHOP","MARCIA CONOVER-HARRIS","AMANDA MILLER","DALE WATSON","MICHAEL SNELSON","CRAIG JENSEN","CRAIG CONOVER"
"SP3233","CRAIG JENSEN","CRAIG CONOVER","MICHAEL SNELSON","XIMENA M. BISHOP","MARCIA CONOVER-HARRIS","AMANDA MILLER","DALE WATSON"
"SP3234","MARCIA CONOVER-HARRIS","CRAIG CONOVER","skipped","skipped","skipped","skipped","skipped"
"SP3235","MARCIA CONOVER-HARRIS","XIMENA M. BISHOP","AMANDA MILLER","DALE WATSON","MICHAEL SNELSON","CRAIG JENSEN","CRAIG CONOVER"
"SP3236","CRAIG JENSEN","skipped","skipped","skipped","skipped","skipped","skipped"
"SP3237","AMANDA MILLER","MARCIA CONOVER-HARRIS","MICHAEL SNELSON","CRAIG CONOVER","CRAIG JENSEN","DALE WATSON","XIMENA M. BISHOP"
"SP3238","XIMENA M. BISHOP","CRAIG JENSEN","MICHAEL SNELSON","AMANDA MILLER","DALE WATSON","CRAIG CONOVER","MARCIA CONOVER-HARRIS"
"SP3239","XIMENA M. BISHOP","MICHAEL SNELSON","CRAIG CONOVER","CRAIG JENSEN","DALE WATSON","MARCIA CONOVER-HARRIS","AMANDA MILLER"
"SP3240","MICHAEL SNELSON","CRAIG CONOVER","DALE WATSON","XIMENA M. BISHOP","MARCIA CONOVER-HARRIS","CRAIG JENSEN","AMANDA MILLER"
"SP3241","DALE WATSON","CRAIG JENSEN","skipped","skipped","skipped","skipped","skipped"
"SP3242","AMANDA MILLER","CRAIG CONOVER","MARCIA CONOVER-HARRIS","DALE WATSON","CRAIG JENSEN","XIMENA M. BISHOP","MICHAEL SNELSON"
"SP3243","MICHAEL SNELSON","CRAIG JENSEN","AMANDA MILLER","CRAIG CONOVER","MARCIA CONOVER-HARRIS","DALE WATSON","XIMENA M. BISHOP"
"SP3244","CRAIG JENSEN","MICHAEL SNELSON","DALE WATSON","CRAIG CONOVER","AMANDA MILLER","XIMENA M. BISHOP","MARCIA CONOVER-HARRIS"
"SP3245","CRAIG CONOVER","MICHAEL SNELSON","XIMENA M. BISHOP","CRAIG JENSEN","MARCIA CONOVER-HARRIS","DALE WATSON","AMANDA MILLER"
"SP3246","CRAIG JENSEN","MICHAEL SNELSON","DALE WATSON","CRAIG CONOVER","AMANDA MILLER","XIMENA M. BISHOP","MARCIA CONOVER-HARRIS"
"SP3247","CRAIG CONOVER","AMANDA MILLER","DALE WATSON","XIMENA M. BISHOP","MICHAEL SNELSON","CRAIG JENSEN","CRAIG CONOVER"
"SP3248","DALE WATSON","CRAIG CONOVER","CRAIG JENSEN","MICHAEL SNELSON","XIMENA M. BISHOP","AMANDA MILLER","MARCIA CONOVER-HARRIS"
"SP3249","MICHAEL SNELSON","skipped","skipped","skipped","skipped","skipped","skipped"
"SP3250","XIMENA M. BISHOP","MARCIA CONOVER-HARRIS","CRAIG CONOVER","CRAIG JENSEN","MICHAEL SNELSON","DALE WATSON","AMANDA MILLER"
"SP3251","AMANDA MILLER","XIMENA M. BISHOP","CRAIG JENSEN","DALE WATSON","MICHAEL SNELSON","MARCIA CONOVER-HARRIS","CRAIG CONOVER"
"SP3252","CRAIG JENSEN","CRAIG CONOVER","MARCIA CONOVER-HARRIS","XIMENA M. BISHOP","MICHAEL SNELSON","AMANDA MILLER","DALE WATSON"
"SP3253","XIMENA M. BISHOP","MARCIA CONOVER-HARRIS","AMANDA MILLER","DALE WATSON","MICHAEL SNELSON","CRAIG JENSEN","CRAIG CONOVER"
"SP3254","XIMENA M. BISHOP","MICHAEL SNELSON","CRAIG JENSEN","MARCIA CONOVER-HARRIS","CRAIG CONOVER","AMANDA MILLER","DALE WATSON"
"SP3255","CRAIG CONOVER","MICHAEL SNELSON","CRAIG JENSEN","DALE WATSON","XIMENA M. BISHOP","MARCIA CONOVER-HARRIS","AMANDA MILLER"
"SP3256","DALE WATSON","AMANDA MILLER","CRAIG CONOVER","MARCIA CONOVER-HARRIS","MICHAEL SNELSON","CRAIG JENSEN","XIMENA M. BISHOP"
"SP3257","MARCIA CONOVER-HARRIS","AMANDA MILLER","CRAIG CONOVER","CRAIG JENSEN","DALE WATSON","XIMENA M. BISHOP","MICHAEL SNELSON"
"SP3258","MICHAEL SNELSON","CRAIG CONOVER","CRAIG JENSEN","XIMENA M. BISHOP","MARCIA CONOVER-HARRIS","DALE WATSON","AMANDA MILLER"
"SP3259","CRAIG JENSEN","MICHAEL SNELSON","CRAIG CONOVER","XIMENA M. BISHOP","DALE WATSON","AMANDA MILLER","MARCIA CONOVER-HARRIS"
"SP3260","CRAIG JENSEN","MICHAEL SNELSON","CRAIG CONOVER","DALE WATSON","XIMENA M. BISHOP","AMANDA MILLER","MARCIA CONOVER-HARRIS"
"SP3261","MICHAEL SNELSON","CRAIG JENSEN","AMANDA MILLER","DALE WATSON","XIMENA M. BISHOP","CRAIG CONOVER","MARCIA CONOVER-HARRIS"
"SP3262","MICHAEL SNELSON","XIMENA M. BISHOP","CRAIG JENSEN","AMANDA MILLER","DALE WATSON","MARCIA CONOVER-HARRIS","CRAIG CONOVER"
"SP3263","MICHAEL SNELSON","CRAIG JENSEN","XIMENA M. BISHOP","DALE WATSON","AMANDA MILLER","MARCIA CONOVER-HARRIS","CRAIG CONOVER"
"SP3264","AMANDA MILLER","MARCIA CONOVER-HARRIS","CRAIG CONOVER","CRAIG JENSEN","MICHAEL SNELSON","XIMENA M. BISHOP","DALE WATSON"
"SP3265","MARCIA CONOVER-HARRIS","CRAIG CONOVER","skipped","skipped","skipped","skipped","skipped"
"SP3266","overvote","skipped","skipped","skipped","skipped","skipped","skipped"
"SP3267","skipped","skipped","skipped","skipped","skipped","skipped","skipped"
"SP3268","MARCIA CONOVER-HARRIS","CRAIG CONOVER","skipped","skipped","skipped","skipped","skipped"
"SP3269","DALE WATSON","CRAIG CONOVER","MICHAEL SNELSON","CRAIG JENSEN","XIMENA M. BISHOP","MARCIA CONOVER-HARRIS","AMANDA MILLER"
"SP3270","MARCIA CONOVER-HARRIS","AMANDA MILLER","XIMENA M. BISHOP","CRAIG CONOVER","CRAIG JENSEN","MICHAEL SNELSON","DALE WATSON"
"SP3271","XIMENA M. BISHOP","AMANDA MILLER","MARCIA CONOVER-HARRIS","skipped","skipped","skipped","skipped"
"SP3272","DALE WATSON","MICHAEL SNELSON","CRAIG JENSEN","CRAIG CONOVER","AMANDA MILLER","XIMENA M. BISHOP","MARCIA CONOVER-HARRIS"
"SP3273","MICHAEL SNELSON","CRAIG JENSEN","XIMENA M. BISHOP","AMANDA MILLER","DALE WATSON","MARCIA CONOVER-HARRIS","CRAIG CONOVER"
"SP3274","DALE WATSON","MICHAEL SNELSON","CRAIG JENSEN","CRAIG CONOVER","AMANDA MILLER","XIMENA M. BISHOP","MARCIA CONOVER-HARRIS"
"SP3275","AMANDA MILLER","MICHAEL SNELSON","CRAIG JENSEN","DALE WATSON","XIMENA M. BISHOP","CRAIG CONOVER","MARCIA CONOVER-HARRIS"
"SP3276","CRAIG JENSEN","MICHAEL SNELSON","AMANDA MILLER","MARCIA CONOVER-HARRIS","XIMENA M. BISHOP","DALE WATSON","CRAIG CONOVER"
"SP3277","XIMENA M. BISHOP","MARCIA CONOVER-HARRIS","skipped","skipped","skipped","skipped","skipped"
"SP3278","MICHAEL SNELSON","MARCIA CONOVER-HARRIS","CRAIG JENSEN","CRAIG CONOVER","AMANDA MILLER","DALE WATSON","XIMENA M. BISHOP"
"SP3279","CRAIG CONOVER","MICHAEL SNELSON","CRAIG JENSEN","DALE WATSON","XIMENA M. BISHOP","MARCIA CONOVER-HARRIS","AMANDA MILLER"
"SP3280","XIMENA M. BISHOP","AMANDA MILLER","MICHAEL SNELSON","MARCIA CONOVER-HARRIS","CRAIG JENSEN","CRAIG CONOVER","DALE WATSON"
"SP3281","CRAIG JENSEN","CRAIG CONOVER","MARCIA CONOVER-HARRIS","XIMENA M. BISHOP","skipped","skipped","skipped"
"SP3282","MICHAEL SNELSON","CRAIG CONOVER","XIMENA M. BISHOP","MARCIA CONOVER-HARRIS","CRAIG JENSEN","AMANDA MILLER","DALE WATSON"
"SP3283","MICHAEL SNELSON","skipped","skipped","skipped","skipped","skipped","skipped"
"SP3284","overvote","MICHAEL SNELSON","DALE WATSON","CRAIG CONOVER","MARCIA CONOVER-HARRIS","AMANDA MILLER","skipped"
"SP3285","MARCIA CONOVER-HARRIS","CRAIG JENSEN","MICHAEL SNELSON","CRAIG CONOVER","DALE WATSON","skipped","skipped"
"SP3286","CRAIG CONOVER","skipped","skipped","skipped","skipped","skipped","skipped"
"SP3287","MARCIA CONOVER-HARRIS","CRAIG JENSEN","MICHAEL SNELSON","CRAIG CONOVER","DALE WATSON","skipped","skipped"
"SP3288","CRAIG CONOVER","DALE WATSON","XIMENA M. BISHOP","MARCIA CONOVER-HARRIS","AMANDA MILLER","MICHAEL SNELSON","CRAIG JENSEN"
"SP3289","XIMENA M. BISHOP","CRAIG CONOVER","MICHAEL SNELSON","CRAIG JENSEN","AMANDA MILLER","MARCIA CONOVER-HARRIS","DALE WATSON"
"SP3290","MICHAEL SNELSON","CRAIG JENSEN","XIMENA M. BISHOP","CRAIG CONOVER","MARCIA CONOVER-HARRIS","DALE WATSON","AMANDA MILLER"
"SP3291","MICHAEL SNELSON","CRAIG JENSEN","DALE WATSON","XIMENA M. BISHOP","CRAIG CONOVER","AMANDA MILLER","MARCIA CONOVER-HARRIS"
"SP3292","DALE WATSON","CRAIG CONOVER","MARCIA CONOVER-HARRIS","XIMENA M. BISHOP","AMANDA MILLER","MICHAEL SNELSON","CRAIG JENSEN"
"SP3293","CRAIG JENSEN","CRAIG CONOVER","DALE WATSON","XIMENA M. BISHOP","AMANDA MILLER","MICHAEL SNELSON","MARCIA CONOVER-HARRIS"
"SP3294","CRAIG JENSEN","DALE WATSON","CRAIG CONOVER","MICHAEL SNELSON","XIMENA M. BISHOP","MARCIA CONOVER-HARRIS","AMANDA MILLER"
"SP3295","XIMENA M. BISHOP","AMANDA MILLER","MICHAEL SNELSON","CRAIG JENSEN","MARCIA CONOVER-HARRIS","DALE WATSON","CRAIG CONOVER"
"SP3296","CRAIG JENSEN","MICHAEL SNELSON","MARCIA CONOVER-HARRIS","CRAIG CONOVER","XIMENA M. BISHOP","DALE WATSON","AMANDA MILLER"
"SP3297","XIMENA M. BISHOP","CRAIG CONOVER","MARCIA CONOVER-HARRIS","MICHAEL SNELSON","CRAIG JENSEN","DALE WATSON","AMANDA MILLER"
"SP3298","MICHAEL SNELSON","CRAIG CONOVER","DALE WATSON","CRAIG JENSEN","AMANDA MILLER","XIMENA M. BISHOP","MARCIA CONOVER-HARRIS"
"SP3299","CRAIG JENSEN","CRAIG CONOVER","MICHAEL SNELSON","DALE WATSON","AMANDA MILLER","MARCIA CONOVER-HARRIS","XIMENA M. BISHOP"
"SP3300","MICHAEL SNELSON","CRAIG JENSEN","CRAIG CONOVER","MARCIA CONOVER-HARRIS","AMANDA MILLER","XIMENA M. BISHOP","DALE WATSON"
"SP3301","CRAIG JENSEN","MICHAEL SNELSON","XIMENA M. BISHOP","CRAIG CONOVER","DALE WATSON","MARCIA CONOVER-HARRIS","AMANDA MILLER"
"SP3302","XIMENA M. BISHOP","MARCIA CONOVER-HARRIS","CRAIG CONOVER","DALE WATSON","CRAIG JENSEN","AMANDA MILLER","MICHAEL SNELSON"
"SP3303","MICHAEL SNELSON","CRAIG JENSEN","CRAIG CONOVER","XIMENA M. BISHOP","DALE WATSON","MARCIA CONOVER-HARRIS","AMANDA MILLER"
"SP3304","MICHAEL SNELSON","CRAIG JENSEN","CRAIG CONOVER","DALE WATSON","skipped","skipped","skipped"
"SP3305","MICHAEL SNELSON","CRAIG JENSEN","skipped","skipped","skipped","skipped","skipped"
"SP3306","MICHAEL SNELSON","XIMENA M. BISHOP","skipped","skipped","skipped","skipped","skipped"
"SP3307","DALE WATSON","AMANDA MILLER","XIMENA M. BISHOP","MICHAEL SNELSON","CRAIG JENSEN","MARCIA CONOVER-HARRIS","CRAIG CONOVER"
"SP3308","AMANDA MILLER","CRAIG CONOVER","MARCIA CONOVER-HARRIS","XIMENA M. BISHOP","CRAIG JENSEN","MICHAEL SNELSON","DALE WATSON"
"SP3309","XIMENA M. BISHOP","CRAIG JENSEN","MARCIA CONOVER-HARRIS","AMANDA MILLER","DALE WATSON","CRAIG CONOVER","MICHAEL SNELSON"
"SP3310","skipped","skipped","skipped","skipped","skipped","skipped","skipped"
"SP3311","AMANDA MILLER","MARCIA CONOVER-HARRIS","XIMENA M. BISHOP","CRAIG CONOVER","DALE WATSON","MICHAEL SNELSON","CRAIG JENSEN"
"SP3312","CRAIG JENSEN","CRAIG CONOVER","MICHAEL SNELSON","DALE WATSON","XIMENA M. BISHOP","AMANDA MILLER","MARCIA CONOVER-HARRIS"
"SP3313","XIMENA M. BISHOP","MICHAEL SNELSON","CRAIG CONOVER","MARCIA CONOVER-HARRIS","DALE WATSON","CRAIG JENSEN","AMANDA MILLER"
"SP3314","DALE WATSON","XIMENA M. BISHOP","MICHAEL SNELSON","CRAIG JENSEN","CRAIG CONOVER","MARCIA CONOVER-HARRIS","AMANDA MILLER"
"SP3315","CRAIG CONOVER","MARCIA CONOVER-HARRIS","MICHAEL SNELSON","XIMENA M. BISHOP","skipped","skipped","skipped"
"SP3316","MICHAEL SNELSON","XIMENA M. BISHOP","CRAIG JENSEN","AMANDA MILLER","DALE WATSON","MARCIA CONOVER-HARRIS","CRAIG CONOVER"
"SP3317","CRAIG JENSEN","MARCIA CONOVER-HARRIS","XIMENA M. BISHOP","AMANDA MILLER","DALE WATSON","CRAIG CONOVER","MICHAEL SNELSON"
"SP3318","MICHAEL SNELSON","XIMENA M. BISHOP","CRAIG CONOVER","MICHAEL SNELSON","DALE WATSON","CRAIG JENSEN","AMANDA MILLER"
"SP3319","MICHAEL SNELSON","CRAIG JENSEN","DALE WATSON","AMANDA MILLER","XIMENA M. BISHOP","CRAIG CONOVER","MARCIA CONOVER-HARRIS"
"SP3320","MICHAEL SNELSON","CRAIG CONOVER","MARCIA CONOVER-HARRIS","DALE WATSON","XIMENA M. BISHOP","CRAIG JENSEN","AMANDA MILLER"
"SP3321","MICHAEL SNELSON","CRAIG JENSEN","XIMENA M. BISHOP","AMANDA MILLER","MARCIA CONOVER-HARRIS","CRAIG CONOVER","DALE WATSON"
"SP3322","MICHAEL SNELSON","CRAIG JENSEN","XIMENA M. BISHOP","CRAIG CONOVER","MARCIA CONOVER-HARRIS","DALE WATSON","AMANDA MILLER"
"SP3323","XIMENA M. BISHOP","MICHAEL SNELSON","CRAIG JENSEN","overvote","AMANDA MILLER","skipped","DALE WATSON"
"SP3324","DALE WATSON","MICHAEL SNELSON","XIMENA M. BISHOP","AMANDA MILLER","skipped","skipped","skipped"
"SP3325","MICHAEL SNELSON","AMANDA MILLER","CRAIG JENSEN","XIMENA M. BISHOP","DALE WATSON","CRAIG CONOVER","MARCIA CONOVER-HARRIS"
"SP3326","CRAIG JENSEN","CRAIG CONOVER","MICHAEL SNELSON","skipped","skipped","skipped","skipped"
"SP3327","XIMENA M. BISHOP","AMANDA MILLER","MARCIA CONOVER-HARRIS","CRAIG CONOVER","CRAIG JENSEN","MICHAEL SNELSON","DALE WATSON"
"SP3328","AMANDA MILLER","MARCIA CONOVER-HARRIS","CRAIG JENSEN","CRAIG CONOVER","MICHAEL SNELSON","XIMENA M. BISHOP","DALE WATSON"
"SP3329","MICHAEL SNELSON","XIMENA M. BISHOP","CRAIG JENSEN","DALE WATSON","AMANDA MILLER","MARCIA CONOVER-HARRIS","CRAIG CONOVER"
"SP3330","MICHAEL SNELSON","CRAIG JENSEN","CRAIG CONOVER","DALE WATSON","MARCIA CONOVER-HARRIS","XIMENA M. BISHOP","AMANDA MILLER"
"SP3331","XIMENA M. BISHOP","MARCIA CONOVER-HARRIS","AMANDA MILLER","CRAIG CONOVER","MICHAEL SNELSON","CRAIG JENSEN","DALE WATSON"
"SP3332","AMANDA MILLER","CRAIG JENSEN","XIMENA M. BISHOP","DALE WATSON","MICHAEL SNELSON","MARCIA CONOVER-HARRIS","skipped"
"SP3333","MARCIA CONOVER-HARRIS","CRAIG CONOVER","skipped","skipped","skipped","skipped","skipped"
"SP3334","CRAIG JENSEN","CRAIG CONOVER","DALE WATSON","XIMENA M. BISHOP","MICHAEL SNELSON","skipped","skipped"
"SP3335","XIMENA M. BISHOP","CRAIG JENSEN","MICHAEL SNELSON","DALE WATSON","AMANDA MILLER","MARCIA CONOVER-HARRIS","CRAIG CONOVER"
"SP3336","MARCIA CONOVER-HARRIS","CRAIG CONOVER","skipped","skipped","skipped","skipped","skipped"
"SP3337","MICHAEL SNELSON","CRAIG CONOVER","CRAIG JENSEN","skipped","skipped","skipped","skipped"
"SP3338","MARCIA CONOVER-HARRIS","CRAIG CONOVER","skipped","skipped","skipped","skipped","skipped"
"SP3339","MARCIA CONOVER-HARRIS","CRAIG CONOVER","skipped","skipped","skipped","skipped","MICHAEL SNELSON"
"SP3340","MICHAEL SNELSON","CRAIG JENSEN","DALE WATSON","XIMENA M. BISHOP","AMANDA MILLER","CRAIG CONOVER","MARCIA CONOVER-HARRIS"
"SP3341","CRAIG JENSEN","MICHAEL SNELSON","AMANDA MILLER","DALE WATSON","XIMENA M. BISHOP","CRAIG CONOVER","MARCIA CONOVER-HARRIS"
"SP3342","MICHAEL SNELSON","skipped","skipped","skipped","skipped","skipped","skipped"
"SP3343","CRAIG CONOVER","MARCIA CONOVER-HARRIS","skipped","skipped","skipped","skipped","skipped"
"SP3344","MICHAEL SNELSON","XIMENA M. BISHOP","CRAIG JENSEN","CRAIG CONOVER","AMANDA MILLER","MARCIA CONOVER-HARRIS","DALE WATSON"
"SP3345","MICHAEL SNELSON","XIMENA M. BISHOP","DALE WATSON","MARCIA CONOVER-HARRIS","CRAIG CONOVER","CRAIG JENSEN","AMANDA MILLER"
"SP3346","MICHAEL SNELSON","CRAIG JENSEN","skipped","skipped","skipped","skipped","skipped"
"SP3347","CRAIG JENSEN","MICHAEL SNELSON","DALE WATSON","XIMENA M. BISHOP","AMANDA MILLER","CRAIG CONOVER","MARCIA CONOVER-HARRIS"
"SP3348","XIMENA M. BISHOP","AMANDA MILLER","CRAIG JENSEN","MICHAEL SNELSON","MARCIA CONOVER-HARRIS","DALE WATSON","CRAIG CONOVER"
"SP3349","CRAIG JENSEN","MICHAEL SNELSON","MARCIA CONOVER-HARRIS","CRAIG CONOVER","DALE WATSON","AMANDA MILLER","XIMENA M. BISHOP"
"SP3350","CRAIG JENSEN","CRAIG CONOVER","MICHAEL SNELSON","MARCIA CONOVER-HARRIS","AMANDA MILLER","DALE WATSON","XIMENA M. BISHOP"
"SP3351","XIMENA M. BISHOP","MARCIA CONOVER-HARRIS","DALE WATSON","AMANDA MILLER","CRAIG CONOVER","CRAIG JENSEN","MICHAEL SNELSON"
"SP3352","MARCIA CONOVER-HARRIS","XIMENA M. BISHOP","MICHAEL SNELSON","CRAIG CONOVER","skipped","skipped","skipped"
"SP3353","MARCIA CONOVER-HARRIS","CRAIG CONOVER","CRAIG JENSEN","AMANDA MILLER","MICHAEL SNELSON","XIMENA M. BISHOP","DALE WATSON"
"SP3354","XIMENA M. BISHOP","MARCIA CONOVER-HARRIS","AMANDA MILLER","CRAIG CONOVER","MICHAEL SNELSON","CRAIG JENSEN","DALE WATSON"
"SP3355","XIMENA M. BISHOP","MARCIA CONOVER-HARRIS","MICHAEL SNELSON","skipped","skipped","skipped","skipped"
"SP3356","MARCIA CONOVER-HARRIS","CRAIG CONOVER","skipped","skipped","skipped","skipped","skipped"
"SP3357","CRAIG JENSEN","CRAIG CONOVER","AMANDA MILLER","MARCIA CONOVER-HARRIS","XIMENA M. BISHOP","MICHAEL SNELSON","DALE WATSON"
"SP3358","AMANDA MILLER","MICHAEL SNELSON","DALE WATSON","skipped","skipped","skipped","skipped"
"SP3359","MARCIA CONOVER-HARRIS","MICHAEL SNELSON","CRAIG CONOVER","DALE WATSON","CRAIG JENSEN","AMANDA MILLER","XIMENA M. BISHOP"
"SP3360","XIMENA M. BISHOP","MARCIA CONOVER-HARRIS","AMANDA MILLER","DALE WATSON","CRAIG JENSEN","CRAIG CONOVER","MICHAEL SNELSON"
"SP3361","AMANDA MILLER","MARCIA CONOVER-HARRIS","DALE WATSON","XIMENA M. BISHOP","CRAIG CONOVER","CRAIG JENSEN","MICHAEL SNELSON"
"SP3362","XIMENA M. BISHOP","CRAIG CONOVER","CRAIG JENSEN","MARCIA CONOVER-HARRIS","AMANDA MILLER","MICHAEL SNELSON","DALE WATSON"
"SP3363","CRAIG JENSEN","DALE WATSON","XIMENA M. BISHOP","AMANDA MILLER","skipped","skipped","skipped"
"SP3364","MARCIA CONOVER-HARRIS","CRAIG CONOVER","MICHAEL SNELSON","CRAIG JENSEN","XIMENA M. BISHOP","DALE WATSON","AMANDA MILLER"
"SP3365","MARCIA CONOVER-HARRIS","XIMENA M. BISHOP","MICHAEL SNELSON","CRAIG JENSEN","skipped","skipped","skipped"
"SP3366","CRAIG JENSEN","MICHAEL SNELSON","DALE WATSON","XIMENA M. BISHOP","skipped","skipped","skipped"
"SP3367","AMANDA MILLER","skipped","skipped","skipped","skipped","skipped","skipped"
"SP3368","CRAIG JENSEN","MICHAEL SNELSON","CRAIG CONOVER","MARCIA CONOVER-HARRIS","XIMENA M. BISHOP","DALE WATSON","AMANDA MILLER"
"SP3369","overvote","skipped","skipped","skipped","skipped","skipped","skipped"
"SP3370","XIMENA M. BISHOP","MARCIA CONOVER-HARRIS","CRAIG JENSEN","MICHAEL SNELSON","DALE WATSON","CRAIG CONOVER","AMANDA MILLER"
"SP3371","overvote","skipped","skipped","skipped","skipped","skipped","skipped"
"SP3372","AMANDA MILLER","MARCIA CONOVER-HARRIS","XIMENA M. BISHOP","CRAIG JENSEN","DALE WATSON","MICHAEL SNELSON","CRAIG CONOVER"
"SP3373","MICHAEL SNELSON","XIMENA M. BISHOP","DALE WATSON","CRAIG JENSEN","AMANDA MILLER","MARCIA CONOVER-HARRIS","CRAIG CONOVER"
"SP3374","CRAIG JENSEN","skipped","skipped","skipped","skipped","skipped","skipped"
"SP3375","CRAIG JENSEN","MICHAEL SNELSON","DALE WATSON","XIMENA M. BISHOP","MARCIA CONOVER-HARRIS","AMANDA MILLER","CRAIG CONOVER"
"SP3376","XIMENA M. BISHOP","skipped","skipped","skipped","skipped","skipped","skipped"
"SP3377","MICHAEL SNELSON","CRAIG JENSEN","XIMENA M. BISHOP","MARCIA CONOVER-HARRIS","AMANDA MILLER","CRAIG CONOVER","DALE WATSON"
"SP3378","DALE WATSON","CRAIG JENSEN","CRAIG CONOVER","AMANDA MILLER","MICHAEL SNELSON","XIMENA M. BISHOP","MARCIA CONOVER-HARRIS"
"SP3379","XIMENA M. BISHOP","MICHAEL SNELSON","MARCIA CONOVER-HARRIS","CRAIG CONOVER","AMANDA MILLER","CRAIG JENSEN","DALE WATSON"
"SP3380","AMANDA MILLER","DALE WATSON","XIMENA M. BISHOP","CRAIG JENSEN","MICHAEL SNELSON","CRAIG CONOVER","MARCIA CONOVER-HARRIS"
"SP3381","DALE WATSON","MICHAEL SNELSON","XIMENA M. BISHOP","AMANDA MILLER","MARCIA CONOVER-HARRIS","CRAIG JENSEN","CRAIG CONOVER"
"SP3382","MARCIA CONOVER-HARRIS","MICHAEL SNELSON","CRAIG CONOVER","skipped","skipped","skipped","skipped"
"SP3383","MICHAEL SNELSON","CRAIG JENSEN","MARCIA CONOVER-HARRIS","DALE WATSON","XIMENA M. BISHOP","CRAIG CONOVER","AMANDA MILLER"
"SP3384","XIMENA M. BISHOP","CRAIG JENSEN","DALE WATSON","AMANDA MILLER","MICHAEL SNELSON","CRAIG CONOVER","MARCIA CONOVER-HARRIS"
"SP3385","MICHAEL SNELSON","CRAIG CONOVER","CRAIG JENSEN","MARCIA CONOVER-HARRIS","DALE WATSON","AMANDA MILLER","XIMENA M. BISHOP"
"SP3386","CRAIG JENSEN","MICHAEL SNELSON","DALE WATSON","XIMENA M. BISHOP","AMANDA MILLER","CRAIG CONOVER","MARCIA CONOVER-HARRIS"
"SP3387","XIMENA M. BISHOP","CRAIG JENSEN","CRAIG CONOVER","MARCIA CONOVER-HARRIS","MICHAEL SNELSON","AMANDA MILLER","DALE WATSON"
"SP3388","CRAIG JENSEN","MICHAEL SNELSON","DALE WATSON","XIMENA M. BISHOP","AMANDA MILLER","CRAIG CONOVER","MARCIA CONOVER-HARRIS"
"SP3389","MICHAEL SNELSON","CRAIG JENSEN","AMANDA MILLER","XIMENA M. BISHOP","DALE WATSON","MARCIA CONOVER-HARRIS","CRAIG CONOVER"
"SP3390","MARCIA CONOVER-HARRIS","CRAIG CONOVER","skipped","skipped","skipped","skipped","skipped"
"SP3391","CRAIG CONOVER","DALE WATSON","MICHAEL SNELSON","CRAIG JENSEN","MARCIA CONOVER-HARRIS","AMANDA MILLER","XIMENA M. BISHOP"
"SP3392","DALE WATSON","skipped","skipped","skipped","skipped","skipped","CRAIG CONOVER"
"SP3393","MICHAEL SNELSON","CRAIG JENSEN","DALE WATSON","AMANDA MILLER","MARCIA CONOVER-HARRIS","CRAIG CONOVER","XIMENA M. BISHOP"
"SP3394","XIMENA M. BISHOP","CRAIG JENSEN","DALE WATSON","MICHAEL SNELSON","CRAIG JENSEN","CRAIG CONOVER","AMANDA MILLER"
"SP3395","MICHAEL SNELSON","DALE WATSON","CRAIG JENSEN","CRAIG CONOVER","AMANDA MILLER","MARCIA CONOVER-HARRIS","XIMENA M. BISHOP"
"SP3396","XIMENA M. BISHOP","CRAIG JENSEN","DALE WATSON","MICHAEL SNELSON","CRAIG CONOVER","MARCIA CONOVER-HARRIS","AMANDA MILLER"
"SP3397","MICHAEL SNELSON","XIMENA M. BISHOP","CRAIG JENSEN","AMANDA MILLER","DALE WATSON","MARCIA CONOVER-HARRIS","CRAIG CONOVER"
"SP3398","DALE WATSON","CRAIG CONOVER","CRAIG JENSEN","MICHAEL SNELSON","MARCIA CONOVER-HARRIS","XIMENA M. BISHOP","AMANDA MILLER"
"SP3399","MICHAEL SNELSON","CRAIG JENSEN","CRAIG CONOVER","XIMENA M. BISHOP","AMANDA MILLER","MARCIA CONOVER-HARRIS","DALE WATSON"
"SP3400","AMANDA MILLER","MICHAEL SNELSON","DALE WATSON","CRAIG CONOVER","XIMENA M. BISHOP","MARCIA CONOVER-HARRIS","CRAIG JENSEN"
"SP3401","MARCIA CONOVER-HARRIS","XIMENA M. BISHOP","AMANDA MILLER","CRAIG JENSEN","DALE WATSON","MICHAEL SNELSON","CRAIG CONOVER"
"SP3402","AMANDA MILLER","XIMENA M. BISHOP","DALE WATSON","MICHAEL SNELSON","CRAIG JENSEN","CRAIG CONOVER","MARCIA CONOVER-HARRIS"
"SP3403","MICHAEL SNELSON","AMANDA MILLER","DALE WATSON","XIMENA M. BISHOP","CRAIG JENSEN","MARCIA CONOVER-HARRIS","CRAIG CONOVER"
"SP3404","AMANDA MILLER","MARCIA CONOVER-HARRIS","XIMENA M. BISHOP","CRAIG JENSEN","CRAIG CONOVER","MICHAEL SNELSON","DALE WATSON"
"SP3405","MICHAEL SNELSON","CRAIG JENSEN","MARCIA CONOVER-HARRIS","CRAIG CONOVER","DALE WATSON","AMANDA MILLER","XIMENA M. BISHOP"
"SP3406","MICHAEL SNELSON","DALE WATSON","CRAIG JENSEN","skipped","skipped","skipped","XIMENA M. BISHOP"
"SP3407","MICHAEL SNELSON","skipped","skipped","skipped","skipped","skipped","skipped"
"SP3408","MICHAEL SNELSON","MARCIA CONOVER-HARRIS","CRAIG JENSEN","XIMENA M. BISHOP","CRAIG CONOVER","AMANDA MILLER","DALE WATSON"
"SP3409","MICHAEL SNELSON","AMANDA MILLER","CRAIG JENSEN","DALE WATSON","XIMENA M. BISHOP","MARCIA CONOVER-HARRIS","CRAIG CONOVER"
"SP3410","CRAIG JENSEN","DALE WATSON","MICHAEL SNELSON","XIMENA M. BISHOP","CRAIG CONOVER","MARCIA CONOVER-HARRIS","AMANDA MILLER"
"SP3411","MICHAEL SNELSON","CRAIG JENSEN","DALE WATSON","CRAIG CONOVER","MARCIA CONOVER-HARRIS","AMANDA MILLER","XIMENA M. BISHOP"
"SP3412","MICHAEL SNELSON","MARCIA CONOVER-HARRIS","XIMENA M. BISHOP","CRAIG CONOVER","DALE WATSON","AMANDA MILLER","CRAIG JENSEN"
"SP3413","skipped","skipped","skipped","skipped","skipped","skipped","skipped"
"SP3414","MARCIA CONOVER-HARRIS","AMANDA MILLER","CRAIG CONOVER","CRAIG JENSEN","DALE WATSON","XIMENA M. BISHOP","MICHAEL SNELSON"
"SP3415","CRAIG JENSEN","MARCIA CONOVER-HARRIS","MICHAEL SNELSON","DALE WATSON","XIMENA M. BISHOP","CRAIG CONOVER","AMANDA MILLER"
"SP3416","MICHAEL SNELSON","DALE WATSON","CRAIG CONOVER","MARCIA CONOVER-HARRIS","CRAIG JENSEN","XIMENA M. BISHOP","AMANDA MILLER"
"SP3417","overvote","skipped","skipped","skipped","skipped","skipped","skipped"
"SP3418","MICHAEL SNELSON","DALE WATSON","CRAIG CONOVER","MARCIA CONOVER-HARRIS","CRAIG JENSEN","XIMENA M. BISHOP","AMANDA MILLER"
"SP3419","AMANDA MILLER","CRAIG CONOVER","MARCIA CONOVER-HARRIS","XIMENA M. BISHOP","DALE WATSON","skipped","skipped"
"SP3420","DALE WATSON","CRAIG CONOVER","XIMENA M. BISHOP","CRAIG JENSEN","AMANDA MILLER","MICHAEL SNELSON","MARCIA CONOVER-HARRIS"
"SP3421","AMANDA MILLER","MARCIA CONOVER-HARRIS","DALE WATSON","XIMENA M. BISHOP","CRAIG JENSEN","CRAIG CONOVER","MICHAEL SNELSON"
"SP3422","CRAIG JENSEN","MICHAEL SNELSON","CRAIG CONOVER","XIMENA M. BISHOP","DALE WATSON","MARCIA CONOVER-HARRIS","AMANDA MILLER"
"SP3423","XIMENA M. BISHOP","MICHAEL SNELSON","AMANDA MILLER","CRAIG CONOVER","CRAIG JENSEN","MARCIA CONOVER-HARRIS","DALE WATSON"
"SP3424","AMANDA MILLER","MARCIA CONOVER-HARRIS","DALE WATSON","XIMENA M. BISHOP","CRAIG JENSEN","CRAIG CONOVER","MICHAEL SNELSON"
"SP3425","MICHAEL SNELSON","CRAIG CONOVER","MARCIA CONOVER-HARRIS","overvote","skipped","AMANDA MILLER","XIMENA M. BISHOP"
"SP3426","DALE WATSON","CRAIG CONOVER","XIMENA M. BISHOP","CRAIG JENSEN","AMANDA MILLER","MICHAEL SNELSON","MARCIA CONOVER-HARRIS"
"SP3427","XIMENA M. BISHOP","CRAIG CONOVER","MICHAEL SNELSON","MARCIA CONOVER-HARRIS","skipped","skipped","skipped"
"SP3428","AMANDA MILLER","DALE WATSON","MARCIA CONOVER-HARRIS","MICHAEL SNELSON","CRAIG JENSEN","CRAIG CONOVER","XIMENA M. BISHOP"
"SP3429","MARCIA CONOVER-HARRIS","AMANDA MILLER","CRAIG CONOVER","MICHAEL SNELSON","CRAIG JENSEN","DALE WATSON","XIMENA M. BISHOP"
"SP3430","MICHAEL SNELSON","XIMENA M. BISHOP","DALE WATSON","CRAIG CONOVER","CRAIG JENSEN","AMANDA MILLER","MARCIA CONOVER-HARRIS"
"SP3431","XIMENA M. BISHOP","AMANDA MILLER","MARCIA CONOVER-HARRIS","MICHAEL SNELSON","CRAIG JENSEN","DALE WATSON","CRAIG CONOVER"
"SP3432","skipped","skipped","skipped","skipped","skipped","skipped","skipped"
"SP3433","XIMENA M. BISHOP","MICHAEL SNELSON","CRAIG CONOVER","CRAIG JENSEN","MARCIA CONOVER-HARRIS","AMANDA MILLER","DALE WATSON"
"SP3434","DALE WATSON","MICHAEL SNELSON","skipped","skipped","skipped","skipped","skipped"
"SP3435","MICHAEL SNELSON","CRAIG JENSEN","CRAIG CONOVER","skipped","skipped","skipped","skipped"
"SP3436","MICHAEL SNELSON","CRAIG JENSEN","CRAIG CONOVER","XIMENA M. BISHOP","MARCIA CONOVER-HARRIS","DALE WATSON","AMANDA MILLER"
"SP3437","CRAIG JENSEN","MICHAEL SNELSON","XIMENA M. BISHOP","AMANDA MILLER","DALE WATSON","MARCIA CONOVER-HARRIS","CRAIG CONOVER"
"SP3438","CRAIG CONOVER","DALE WATSON","XIMENA M. BISHOP","MICHAEL SNELSON","CRAIG JENSEN","AMANDA MILLER","MARCIA CONOVER-HARRIS"
"SP3439","CRAIG CONOVER","MICHAEL SNELSON","XIMENA M. BISHOP","DALE WATSON","CRAIG JENSEN","MARCIA CONOVER-HARRIS","AMANDA MILLER"
"SP3440","CRAIG CONOVER","XIMENA M. BISHOP","MARCIA CONOVER-HARRIS","MICHAEL SNELSON","DALE WATSON","CRAIG JENSEN","AMANDA MILLER"
"SP3441","CRAIG CONOVER","MARCIA CONOVER-HARRIS","XIMENA M. BISHOP","DALE WATSON","CRAIG JENSEN","MICHAEL SNELSON","AMANDA MILLER"
"SP3442","CRAIG JENSEN","DALE WATSON","CRAIG CONOVER","AMANDA MILLER","MICHAEL SNELSON","XIMENA M. BISHOP","MARCIA CONOVER-HARRIS"
"SP3443","CRAIG JENSEN","MICHAEL SNELSON","skipped","skipped","skipped","skipped","skipped"
"SP3444","MICHAEL SNELSON","CRAIG CONOVER","MARCIA CONOVER-HARRIS","AMANDA MILLER","CRAIG JENSEN","DALE WATSON","XIMENA M. BISHOP"
"SP3445","AMANDA MILLER","CRAIG CONOVER","MARCIA CONOVER-HARRIS","XIMENA M. BISHOP","DALE WATSON","skipped","skipped"
"SP3446","CRAIG CONOVER","AMANDA MILLER","MARCIA CONOVER-HARRIS","DALE WATSON","CRAIG JENSEN","XIMENA M. BISHOP","MICHAEL SNELSON"
"SP3447","MARCIA CONOVER-HARRIS","XIMENA M. BISHOP","CRAIG CONOVER","CRAIG JENSEN","MICHAEL SNELSON","AMANDA MILLER","DALE WATSON"
"SP3448","XIMENA M. BISHOP","MARCIA CONOVER-HARRIS","skipped","skipped","skipped","skipped","AMANDA MILLER"
"SP3449","DALE WATSON","XIMENA M. BISHOP","MARCIA CONOVER-HARRIS","CRAIG JENSEN","AMANDA MILLER","MICHAEL SNELSON","CRAIG CONOVER"
"SP3450","XIMENA M. BISHOP","MARCIA CONOVER-HARRIS","CRAIG CONOVER","CRAIG JENSEN","AMANDA MILLER","DALE WATSON","MICHAEL SNELSON"
"SP3451","XIMENA M. BISHOP","CRAIG CONOVER","MARCIA CONOVER-HARRIS","DALE WATSON","AMANDA MILLER","skipped","skipped"
"SP3452","CRAIG JENSEN","skipped","skipped","skipped","skipped","skipped","skipped"
"SP3453","MICHAEL SNELSON","CRAIG JENSEN","CRAIG CONOVER","DALE WATSON","AMANDA MILLER","MARCIA CONOVER-HARRIS","XIMENA M. BISHOP"
"SP3454","CRAIG JENSEN","MICHAEL SNELSON","skipped","skipped","skipped","skipped","skipped"
"SP3455","MICHAEL SNELSON","CRAIG JENSEN","CRAIG CONOVER","MARCIA CONOVER-HARRIS","AMANDA MILLER","XIMENA M. BISHOP","DALE WATSON"
"SP3456","MARCIA CONOVER-HARRIS","CRAIG CONOVER","DALE WATSON","MICHAEL SNELSON","skipped","skipped","skipped"
"SP3457","MICHAEL SNELSON","CRAIG CONOVER","MARCIA CONOVER-HARRIS","skipped","skipped","skipped","skipped"
"SP3458","DALE WATSON","MICHAEL SNELSON","CRAIG JENSEN","CRAIG CONOVER","XIMENA M. BISHOP","MARCIA CONOVER-HARRIS","AMANDA MILLER"
"SP3459","MICHAEL SNELSON","XIMENA M. BISHOP","AMANDA MILLER","DALE WATSON","MARCIA CONOVER-HARRIS","CRAIG CONOVER","CRAIG JENSEN"
"SP3460","MICHAEL SNELSON","CRAIG JENSEN","XIMENA M. BISHOP","MARCIA CONOVER-HARRIS","AMANDA MILLER","DALE WATSON","CRAIG CONOVER"
"SP3461","CRAIG JENSEN","CRAIG CONOVER","MICHAEL SNELSON","MARCIA CONOVER-HARRIS","DALE WATSON","AMANDA MILLER","XIMENA M. BISHOP"
"SP3462","skipped","skipped","skipped","skipped","skipped","skipped","skipped"
"SP3463","CRAIG CONOVER","CRAIG JENSEN","MARCIA CONOVER-HARRIS","XIMENA M. BISHOP","DALE WATSON","XIMENA M. BISHOP","AMANDA MILLER"
"SP3464","MARCIA CONOVER-HARRIS","AMANDA MILLER","DALE WATSON","MICHAEL SNELSON","CRAIG JENSEN","CRAIG CONOVER","MARCIA CONOVER-HARRIS"
"SP3465","DALE WATSON","CRAIG CONOVER","CRAIG JENSEN","XIMENA M. BISHOP","skipped","skipped","skipped"
"SP3466","DALE WATSON","CRAIG JENSEN","CRAIG CONOVER","MICHAEL SNELSON","XIMENA M. BISHOP","AMANDA MILLER","MARCIA CONOVER-HARRIS"
"SP3467","MICHAEL SNELSON","CRAIG JENSEN","XIMENA M. BISHOP","CRAIG CONOVER","DALE WATSON","AMANDA MILLER","MARCIA CONOVER-HARRIS"
"SP3468","XIMENA M. BISHOP","MARCIA CONOVER-HARRIS","CRAIG CONOVER","CRAIG JENSEN","MICHAEL SNELSON","AMANDA MILLER","DALE WATSON"
"SP3469","XIMENA M. BISHOP","CRAIG CONOVER","MARCIA CONOVER-HARRIS","skipped","skipped","skipped","skipped"
"SP3470","XIMENA M. BISHOP","DALE WATSON","MICHAEL SNELSON","MARCIA CONOVER-HARRIS","CRAIG CONOVER","CRAIG JENSEN","AMANDA MILLER"
"SP3471","XIMENA M. BISHOP","MARCIA CONOVER-HARRIS","AMANDA MILLER","CRAIG CONOVER","MICHAEL SNELSON","CRAIG JENSEN","DALE WATSON"
"SP3472","CRAIG JENSEN","MICHAEL SNELSON","DALE WATSON","AMANDA MILLER","XIMENA M. BISHOP","MARCIA CONOVER-HARRIS","CRAIG CONOVER"
"SP3473","MICHAEL SNELSON","MARCIA CONOVER-HARRIS","CRAIG CONOVER","skipped","skipped","skipped","skipped"
"SP3474","CRAIG JENSEN","MARCIA CONOVER-HARRIS","XIMENA M. BISHOP","CRAIG CONOVER","MICHAEL SNELSON","DALE WATSON","AMANDA MILLER"
"SP3475","XIMENA M. BISHOP","CRAIG JENSEN","MICHAEL SNELSON","MARCIA CONOVER-HARRIS","CRAIG CONOVER","AMANDA MILLER","skipped"
"SP3476","CRAIG CONOVER","DALE WATSON","MARCIA CONOVER-HARRIS","XIMENA M. BISHOP","skipped","skipped","skipped"
"SP3477","DALE WATSON","AMANDA MILLER","overvote","XIMENA M. BISHOP","MICHAEL SNELSON","MARCIA CONOVER-HARRIS","CRAIG CONOVER"
"SP3478","CRAIG CONOVER","skipped","skipped","skipped","skipped","skipped","skipped"
"SP3479","MICHAEL SNELSON","CRAIG JENSEN","DALE WATSON","XIMENA M. BISHOP","AMANDA MILLER","CRAIG CONOVER","MARCIA CONOVER-HARRIS"
"SP3480","CRAIG JENSEN","XIMENA M. BISHOP","DALE WATSON","skipped","skipped","MARCIA CONOVER-HARRIS","AMANDA MILLER"
"SP3481","AMANDA MILLER","MARCIA CONOVER-HARRIS","XIMENA M. BISHOP","MICHAEL SNELSON","DALE WATSON","CRAIG JENSEN","CRAIG CONOVER"
"SP3482","CRAIG CONOVER","DALE WATSON","CRAIG JENSEN","XIMENA M. BISHOP","skipped","skipped","skipped"
"SP3483","XIMENA M. BISHOP","MICHAEL SNELSON","CRAIG JENSEN","DALE WATSON","MARCIA CONOVER-HARRIS","CRAIG CONOVER","AMANDA MILLER"
"SP3484","MARCIA CONOVER-HARRIS","CRAIG CONOVER","CRAIG JENSEN","MICHAEL SNELSON","XIMENA M. BISHOP","DALE WATSON","AMANDA MILLER"
"SP3485","CRAIG JENSEN","AMANDA MILLER","MARCIA CONOVER-HARRIS","MICHAEL SNELSON","CRAIG CONOVER","DALE WATSON","XIMENA M. BISHOP"
"SP3486","CRAIG CONOVER","DALE WATSON","MICHAEL SNELSON","XIMENA M. BISHOP","CRAIG JENSEN","MARCIA CONOVER-HARRIS","AMANDA MILLER"
"SP3487","AMANDA MILLER","CRAIG JENSEN","MARCIA CONOVER-HARRIS","MICHAEL SNELSON","CRAIG CONOVER","DALE WATSON","XIMENA M. BISHOP"
"SP3488","XIMENA M. BISHOP","CRAIG CONOVER","AMANDA MILLER","MICHAEL SNELSON","MARCIA CONOVER-HARRIS","CRAIG JENSEN","DALE WATSON"
"SP3489","CRAIG JENSEN","MICHAEL SNELSON","skipped","skipped","skipped","skipped","skipped"
"SP3490","DALE WATSON","CRAIG CONOVER","CRAIG JENSEN","XIMENA M. BISHOP","skipped","skipped","skipped"
"SP3491","MICHAEL SNELSON","CRAIG JENSEN","MARCIA CONOVER-HARRIS","CRAIG CONOVER","XIMENA M. BISHOP","AMANDA MILLER","DALE WATSON"
"SP3492","MARCIA CONOVER-HARRIS","XIMENA M. BISHOP","CRAIG CONOVER","MICHAEL SNELSON","skipped","skipped","skipped"
"SP3493","XIMENA M. BISHOP","CRAIG JENSEN","MICHAEL SNELSON","MARCIA CONOVER-HARRIS","CRAIG CONOVER","AMANDA MILLER","DALE WATSON"
"SP3494","XIMENA M. BISHOP","skipped","CRAIG JENSEN","CRAIG CONOVER","MICHAEL SNELSON","DALE WATSON","AMANDA MILLER"
"SP3495","CRAIG CONOVER","skipped","skipped","skipped","skipped","skipped","skipped"
"SP3496","CRAIG CONOVER","skipped","skipped","skipped","skipped","skipped","skipped"
"SP3497","MICHAEL SNELSON","CRAIG JENSEN","XIMENA M. BISHOP","DALE WATSON","AMANDA MILLER","CRAIG CONOVER","MARCIA CONOVER-HARRIS"
"SP3498","MARCIA CONOVER-HARRIS","CRAIG CONOVER","CRAIG JENSEN","AMANDA MILLER","DALE WATSON","MICHAEL SNELSON","XIMENA M. BISHOP"
"SP3499","MICHAEL SNELSON","CRAIG JENSEN","DALE WATSON","AMANDA MILLER","XIMENA M. BISHOP","MARCIA CONOVER-HARRIS","CRAIG CONOVER"
"SP3500","CRAIG CONOVER","CRAIG JENSEN","MICHAEL SNELSON","XIMENA M. BISHOP","MARCIA CONOVER-HARRIS","DALE WATSON","AMANDA MILLER"
"SP3501","CRAIG CONOVER","MARCIA CONOVER-HARRIS","MICHAEL SNELSON","CRAIG JENSEN","skipped","skipped","skipped"
"SP3502","XIMENA M. BISHOP","MARCIA CONOVER-HARRIS","DALE WATSON","MICHAEL SNELSON","CRAIG JENSEN","CRAIG CONOVER","AMANDA MILLER"
"SP3503","XIMENA M. BISHOP","CRAIG JENSEN","MICHAEL SNELSON","AMANDA MILLER","DALE WATSON","MARCIA CONOVER-HARRIS","CRAIG CONOVER"
"SP3504","XIMENA M. BISHOP","CRAIG JENSEN","CRAIG CONOVER","MARCIA CONOVER-HARRIS","MICHAEL SNELSON","AMANDA MILLER","DALE WATSON"
"SP3505","CRAIG JENSEN","XIMENA M. BISHOP","MARCIA CONOVER-HARRIS","AMANDA MILLER","MICHAEL SNELSON","CRAIG CONOVER","DALE WATSON"
"SP3506","CRAIG CONOVER","MICHAEL SNELSON","DALE WATSON","XIMENA M. BISHOP","CRAIG JENSEN","MARCIA CONOVER-HARRIS","AMANDA MILLER"
"SP3507","CRAIG CONOVER","skipped","skipped","skipped","skipped","skipped","skipped"
"SP3508","CRAIG CONOVER","skipped","skipped","skipped","skipped","skipped","skipped"
"SP3509","DALE WATSON","AMANDA MILLER","XIMENA M. BISHOP","CRAIG CONOVER","MARCIA CONOVER-HARRIS","CRAIG JENSEN","MICHAEL SNELSON"
"SP3510","XIMENA M. BISHOP","MARCIA CONOVER-HARRIS","MICHAEL SNELSON","CRAIG JENSEN","AMANDA MILLER","CRAIG CONOVER","DALE WATSON"
"SP3511","MICHAEL SNELSON","DALE WATSON","CRAIG JENSEN","CRAIG CONOVER","skipped","skipped","skipped"
"SP3512","XIMENA M. BISHOP","MICHAEL SNELSON","MARCIA CONOVER-HARRIS","CRAIG CONOVER","CRAIG JENSEN","AMANDA MILLER","DALE WATSON"
"SP3513","CRAIG CONOVER","MICHAEL SNELSON","XIMENA M. BISHOP","CRAIG JENSEN","DALE WATSON","MARCIA CONOVER-HARRIS","AMANDA MILLER"
"SP3514","CRAIG CONOVER","MARCIA CONOVER-HARRIS","MICHAEL SNELSON","DALE WATSON","CRAIG JENSEN","AMANDA MILLER","XIMENA M. BISHOP"
"SP3515","XIMENA M. BISHOP","skipped","skipped","skipped","skipped","skipped","skipped"
"SP3516","CRAIG JENSEN","MICHAEL SNELSON","CRAIG CONOVER","XIMENA M. BISHOP","MARCIA CONOVER-HARRIS","AMANDA MILLER","DALE WATSON"
"SP3517","DALE WATSON","MICHAEL SNELSON","CRAIG JENSEN","CRAIG CONOVER","MARCIA CONOVER-HARRIS","XIMENA M. BISHOP","AMANDA MILLER"
"SP3518","AMANDA MILLER","MARCIA CONOVER-HARRIS","XIMENA M. BISHOP","DALE WATSON","CRAIG CONOVER","MICHAEL SNELSON","CRAIG JENSEN"
"SP3519","MARCIA CONOVER-HARRIS","XIMENA M. BISHOP","MICHAEL SNELSON","CRAIG CONOVER","CRAIG JENSEN","DALE WATSON","AMANDA MILLER"
"SP3520","CRAIG CONOVER","MICHAEL SNELSON","XIMENA M. BISHOP","AMANDA MILLER","MARCIA CONOVER-HARRIS","DALE WATSON","CRAIG JENSEN"
"SP3521","MARCIA CONOVER-HARRIS","XIMENA M. BISHOP","MICHAEL SNELSON","CRAIG CONOVER","CRAIG JENSEN","DALE WATSON","AMANDA MILLER"
"SP3522","XIMENA M. BISHOP","MICHAEL SNELSON","MARCIA CONOVER-HARRIS","CRAIG CONOVER","AMANDA MILLER","DALE WATSON","CRAIG JENSEN"
"SP3523","DALE WATSON","MICHAEL SNELSON","CRAIG JENSEN","AMANDA MILLER","CRAIG CONOVER","MARCIA CONOVER-HARRIS","XIMENA M. BISHOP"
"SP3524","XIMENA M. BISHOP","skipped","skipped","skipped","skipped","skipped","skipped"
"SP3525","XIMENA M. BISHOP","skipped","skipped","skipped","skipped","skipped","skipped"
"SP3526","DALE WATSON","AMANDA MILLER","skipped","skipped","skipped","skipped","skipped"
"SP3527","CRAIG JENSEN","MICHAEL SNELSON","CRAIG CONOVER","XIMENA M. BISHOP","MARCIA CONOVER-HARRIS","AMANDA MILLER","DALE WATSON"
"SP3528","MARCIA CONOVER-HARRIS","AMANDA MILLER","XIMENA M. BISHOP","DALE WATSON","CRAIG CONOVER","CRAIG JENSEN","MICHAEL SNELSON"
"SP3529","CRAIG CONOVER","MICHAEL SNELSON","CRAIG JENSEN","MARCIA CONOVER-HARRIS","DALE WATSON","XIMENA M. BISHOP","AMANDA MILLER"
"SP3530","XIMENA M. BISHOP","AMANDA MILLER","MARCIA CONOVER-HARRIS","CRAIG CONOVER","CRAIG JENSEN","DALE WATSON","MICHAEL SNELSON"
"SP3531","MICHAEL SNELSON","XIMENA M. BISHOP","DALE WATSON","CRAIG JENSEN","MARCIA CONOVER-HARRIS","AMANDA MILLER","CRAIG CONOVER"
"SP3532","XIMENA M. BISHOP","AMANDA MILLER","MARCIA CONOVER-HARRIS","CRAIG CONOVER","CRAIG JENSEN","DALE WATSON","MICHAEL SNELSON"
"SP3533","CRAIG CONOVER","MICHAEL SNELSON","XIMENA M. BISHOP","CRAIG JENSEN","DALE WATSON","MARCIA CONOVER-HARRIS","AMANDA MILLER"
"SP3534","MICHAEL SNELSON","MARCIA CONOVER-HARRIS","skipped","skipped","skipped","skipped","XIMENA M. BISHOP"
"SP3535","MICHAEL SNELSON","MARCIA CONOVER-HARRIS","CRAIG JENSEN","skipped","skipped","skipped","skipped"
"SP3536","CRAIG JENSEN","MICHAEL SNELSON","XIMENA M. BISHOP","MARCIA CONOVER-HARRIS","CRAIG CONOVER","AMANDA MILLER","DALE WATSON"
"SP3537","MICHAEL SNELSON","MARCIA CONOVER-HARRIS","CRAIG JENSEN","AMANDA MILLER","CRAIG CONOVER","DALE WATSON","XIMENA M. BISHOP"
"SP3538","MARCIA CONOVER-HARRIS","CRAIG JENSEN","MICHAEL SNELSON","XIMENA M. BISHOP","DALE WATSON","AMANDA MILLER","CRAIG CONOVER"
"SP3539","XIMENA M. BISHOP","CRAIG JENSEN","CRAIG CONOVER","AMANDA MILLER","MARCIA CONOVER-HARRIS","MICHAEL SNELSON","DALE WATSON"
"SP3540","MICHAEL SNELSON","CRAIG JENSEN","CRAIG CONOVER","skipped","skipped","skipped","skipped"
"SP3541","XIMENA M. BISHOP","CRAIG JENSEN","CRAIG CONOVER","skipped","skipped","skipped","skipped"
"SP3542","CRAIG CONOVER","XIMENA M. BISHOP","MARCIA CONOVER-HARRIS","CRAIG JENSEN","MICHAEL SNELSON","skipped","skipped"
"SP3543","XIMENA M. BISHOP","DALE WATSON","CRAIG JENSEN","AMANDA MILLER","MARCIA CONOVER-HARRIS","MICHAEL SNELSON","CRAIG CONOVER"
"SP3544","XIMENA M. BISHOP","CRAIG JENSEN","MICHAEL SNELSON","CRAIG CONOVER","DALE WATSON","MARCIA CONOVER-HARRIS","AMANDA MILLER"
"SP3545","MICHAEL SNELSON","XIMENA M. BISHOP","CRAIG JENSEN","DALE WATSON","CRAIG CONOVER","MARCIA CONOVER-HARRIS","AMANDA MILLER"
"SP3546","MICHAEL SNELSON","CRAIG CONOVER","MARCIA CONOVER-HARRIS","DALE WATSON","CRAIG JENSEN","AMANDA MILLER","XIMENA M. BISHOP"
"SP3547","CRAIG JENSEN","CRAIG CONOVER","skipped","skipped","skipped","skipped","skipped"
"SP3548","XIMENA M. BISHOP","CRAIG CONOVER","DALE WATSON","MICHAEL SNELSON","MARCIA CONOVER-HARRIS","CRAIG JENSEN","AMANDA MILLER"
"SP3549","CRAIG JENSEN","XIMENA M. BISHOP","skipped","skipped","skipped","skipped","skipped"
"SP3550","MICHAEL SNELSON","CRAIG CONOVER","MARCIA CONOVER-HARRIS","skipped","skipped","skipped","skipped"
"SP3551","DALE WATSON","MICHAEL SNELSON","CRAIG CONOVER","CRAIG JENSEN","XIMENA M. BISHOP","MARCIA CONOVER-HARRIS","AMANDA MILLER"
"SP3552","MARCIA CONOVER-HARRIS","AMANDA MILLER","CRAIG JENSEN","skipped","skipped","skipped","skipped"
"SP3553","AMANDA MILLER","CRAIG CONOVER","XIMENA M. BISHOP","skipped","CRAIG JENSEN","MICHAEL SNELSON","DALE WATSON"
"SP3554","MICHAEL SNELSON","CRAIG JENSEN","CRAIG CONOVER","MARCIA CONOVER-HARRIS","AMANDA MILLER","DALE WATSON","XIMENA M. BISHOP"
"SP3555","XIMENA M. BISHOP","MICHAEL SNELSON","MARCIA CONOVER-HARRIS","AMANDA MILLER","CRAIG JENSEN","DALE WATSON","CRAIG CONOVER"
"SP3556","MICHAEL SNELSON","CRAIG JENSEN","MARCIA CONOVER-HARRIS","CRAIG CONOVER","XIMENA M. BISHOP","DALE WATSON","AMANDA MILLER"
"SP3557","AMANDA MILLER","DALE WATSON","MICHAEL SNELSON","XIMENA M. BISHOP","CRAIG CONOVER","MARCIA CONOVER-HARRIS","CRAIG JENSEN"
"SP3558","MICHAEL SNELSON","CRAIG JENSEN","AMANDA MILLER","skipped","skipped","skipped","skipped"
"SP3559","MICHAEL SNELSON","XIMENA M. BISHOP","CRAIG JENSEN","MARCIA CONOVER-HARRIS","AMANDA MILLER","DALE WATSON","CRAIG CONOVER"
"SP3560","CRAIG CONOVER","MICHAEL SNELSON","MARCIA CONOVER-HARRIS","DALE WATSON","CRAIG JENSEN","AMANDA MILLER","XIMENA M. BISHOP"
"SP3561","MICHAEL SNELSON","CRAIG JENSEN","CRAIG CONOVER","MARCIA CONOVER-HARRIS","DALE WATSON","AMANDA MILLER","XIMENA M. BISHOP"
"SP3562","MICHAEL SNELSON","CRAIG JENSEN","MARCIA CONOVER-HARRIS","XIMENA M. BISHOP","CRAIG CONOVER","DALE WATSON","AMANDA MILLER"
"SP3563","MICHAEL SNELSON","CRAIG JENSEN","XIMENA M. BISHOP","MARCIA CONOVER-HARRIS","CRAIG CONOVER","DALE WATSON","AMANDA MILLER"
"SP3564","skipped","skipped","skipped","skipped","skipped","skipped","skipped"
"SP3565","AMANDA MILLER","DALE WATSON","skipped","skipped","skipped","skipped","skipped"
"SP3566","MICHAEL SNELSON","CRAIG JENSEN","XIMENA M. BISHOP","MARCIA CONOVER-HARRIS","CRAIG CONOVER","DALE WATSON","AMANDA MILLER"
"SP3567","AMANDA MILLER","skipped","skipped","skipped","skipped","skipped","skipped"
"SP3568","DALE WATSON","AMANDA MILLER","skipped","skipped","skipped","skipped","skipped"
"SP3569","DALE WATSON","CRAIG JENSEN","MICHAEL SNELSON","XIMENA M. BISHOP","AMANDA MILLER","CRAIG CONOVER","MARCIA CONOVER-HARRIS"
"SP3570","MICHAEL SNELSON","XIMENA M. BISHOP","MARCIA CONOVER-HARRIS","CRAIG CONOVER","CRAIG JENSEN","AMANDA MILLER","DALE WATSON"
"SP3571","skipped","XIMENA M. BISHOP","MARCIA CONOVER-HARRIS","CRAIG JENSEN","CRAIG CONOVER","DALE WATSON","AMANDA MILLER"
"SP3572","XIMENA M. BISHOP","MARCIA CONOVER-HARRIS","MICHAEL SNELSON","CRAIG CONOVER","CRAIG JENSEN","AMANDA MILLER","DALE WATSON"
"SP3573","CRAIG JENSEN","XIMENA M. BISHOP","MICHAEL SNELSON","DALE WATSON","AMANDA MILLER","MARCIA CONOVER-HARRIS","CRAIG CONOVER"
"SP3574","MICHAEL SNELSON","MARCIA CONOVER-HARRIS","AMANDA MILLER","DALE WATSON","XIMENA M. BISHOP","CRAIG JENSEN","CRAIG CONOVER"
"SP3575","skipped","skipped","skipped","skipped","skipped","skipped","skipped"
"SP3576","MICHAEL SNELSON","CRAIG JENSEN","CRAIG CONOVER","MARCIA CONOVER-HARRIS","DALE WATSON","AMANDA MILLER","XIMENA M. BISHOP"
"SP3577","XIMENA M. BISHOP","AMANDA MILLER","MARCIA CONOVER-HARRIS","CRAIG CONOVER","CRAIG JENSEN","MICHAEL SNELSON","DALE WATSON"
"SP3578","XIMENA M. BISHOP","DALE WATSON","AMANDA MILLER","MICHAEL SNELSON","CRAIG JENSEN","MARCIA CONOVER-HARRIS","CRAIG CONOVER"
"SP3579","CRAIG CONOVER","MARCIA CONOVER-HARRIS","AMANDA MILLER","CRAIG JENSEN","MICHAEL SNELSON","XIMENA M. BISHOP","DALE WATSON"
"SP3580","DALE WATSON","XIMENA M. BISHOP","AMANDA MILLER","skipped","skipped","skipped","skipped"
"SP3581","XIMENA M. BISHOP","MICHAEL SNELSON","CRAIG CONOVER","AMANDA MILLER","MARCIA CONOVER-HARRIS","CRAIG JENSEN","DALE WATSON"
"SP3582","XIMENA M. BISHOP","AMANDA MILLER","DALE WATSON","CRAIG JENSEN","MICHAEL SNELSON","CRAIG CONOVER","MARCIA CONOVER-HARRIS"
"SP3583","AMANDA MILLER","MARCIA CONOVER-HARRIS","CRAIG JENSEN","CRAIG CONOVER","MICHAEL SNELSON","DALE WATSON","XIMENA M. BISHOP"
"SP3584","CRAIG JENSEN","AMANDA MILLER","skipped","skipped","skipped","skipped","skipped"
"SP3585","DALE WATSON","CRAIG JENSEN","AMANDA MILLER","XIMENA M. BISHOP","MARCIA CONOVER-HARRIS","CRAIG CONOVER","MICHAEL SNELSON"
"SP3586","CRAIG CONOVER","DALE WATSON","CRAIG JENSEN","MARCIA CONOVER-HARRIS","MICHAEL SNELSON","AMANDA MILLER","XIMENA M. BISHOP"
"SP3587","AMANDA MILLER","MARCIA CONOVER-HARRIS","skipped","skipped","skipped","skipped","skipped"
"SP3588","MICHAEL SNELSON","XIMENA M. BISHOP","CRAIG CONOVER","CRAIG JENSEN","MARCIA CONOVER-HARRIS","AMANDA MILLER","DALE WATSON"
"SP3589","XIMENA M. BISHOP","DALE WATSON","AMANDA MILLER","MICHAEL SNELSON","CRAIG JENSEN","CRAIG CONOVER","MARCIA CONOVER-HARRIS"
"SP3590","CRAIG JENSEN","XIMENA M. BISHOP","MICHAEL SNELSON","CRAIG CONOVER","MARCIA CONOVER-HARRIS","AMANDA MILLER","DALE WATSON"
"SP3591","MICHAEL SNELSON","MARCIA CONOVER-HARRIS","CRAIG JENSEN","CRAIG CONOVER","XIMENA M. BISHOP","DALE WATSON","AMANDA MILLER"
"SP3592","MICHAEL SNELSON","CRAIG CONOVER","MARCIA CONOVER-HARRIS","CRAIG JENSEN","XIMENA M. BISHOP","DALE WATSON","AMANDA MILLER"
"SP3593","CRAIG CONOVER","CRAIG JENSEN","skipped","skipped","skipped","skipped","skipped"
"SP3594","CRAIG CONOVER","MICHAEL SNELSON","CRAIG JENSEN","skipped","skipped","skipped","skipped"
"SP3595","AMANDA MILLER","skipped","skipped","skipped","skipped","skipped","skipped"
"SP3596","CRAIG CONOVER","MICHAEL SNELSON","CRAIG JENSEN","skipped","skipped","skipped","skipped"
"SP3597","CRAIG CONOVER","CRAIG CONOVER","CRAIG CONOVER","CRAIG CONOVER","CRAIG CONOVER","CRAIG CONOVER","CRAIG CONOVER"
"SP3598","MICHAEL SNELSON","CRAIG JENSEN","CRAIG CONOVER","MARCIA CONOVER-HARRIS","DALE WATSON","XIMENA M. BISHOP","AMANDA MILLER"
"SP3599","MARCIA CONOVER-HARRIS","XIMENA M. BISHOP","CRAIG JENSEN","CRAIG CONOVER","MICHAEL SNELSON","AMANDA MILLER","DALE WATSON"
"SP3600","MICHAEL SNELSON","CRAIG JENSEN","skipped","skipped","skipped","skipped","skipped"
"SP3601","MICHAEL SNELSON","DALE WATSON","CRAIG JENSEN","XIMENA M. BISHOP","AMANDA MILLER","MARCIA CONOVER-HARRIS","CRAIG CONOVER"
"SP3602","MICHAEL SNELSON","DALE WATSON","CRAIG JENSEN","CRAIG CONOVER","MARCIA CONOVER-HARRIS","XIMENA M. BISHOP","AMANDA MILLER"
"SP3603","DALE WATSON","MICHAEL SNELSON","CRAIG CONOVER","skipped","skipped","skipped","skipped"
"SP3604","MICHAEL SNELSON","AMANDA MILLER","XIMENA M. BISHOP","MARCIA CONOVER-HARRIS","CRAIG JENSEN","DALE WATSON","CRAIG CONOVER"
"SP3605","XIMENA M. BISHOP","CRAIG JENSEN","MICHAEL SNELSON","CRAIG CONOVER","MARCIA CONOVER-HARRIS","AMANDA MILLER","DALE WATSON"
"SP3606","CRAIG JENSEN","CRAIG CONOVER","skipped","skipped","skipped","skipped","skipped"
"SP3607","XIMENA M. BISHOP","MARCIA CONOVER-HARRIS","MICHAEL SNELSON","CRAIG JENSEN","CRAIG CONOVER","DALE WATSON","AMANDA MILLER"
"SP3608","XIMENA M. BISHOP","CRAIG JENSEN","DALE WATSON","MICHAEL SNELSON","AMANDA MILLER","skipped","CRAIG CONOVER"
"SP3609","CRAIG CONOVER","CRAIG JENSEN","MICHAEL SNELSON","XIMENA M. BISHOP","MARCIA CONOVER-HARRIS","DALE WATSON","AMANDA MILLER"
"SP3610","MICHAEL SNELSON","XIMENA M. BISHOP","DALE WATSON","CRAIG JENSEN","AMANDA MILLER","CRAIG CONOVER","MARCIA CONOVER-HARRIS"
"SP3611","CRAIG CONOVER","MARCIA CONOVER-HARRIS","AMANDA MILLER","DALE WATSON","MICHAEL SNELSON","XIMENA M. BISHOP","CRAIG JENSEN"
"SP3612","XIMENA M. BISHOP","CRAIG JENSEN","MICHAEL SNELSON","CRAIG CONOVER","MARCIA CONOVER-HARRIS","AMANDA MILLER","DALE WATSON"
"SP3613","MICHAEL SNELSON","XIMENA M. BISHOP","CRAIG JENSEN","CRAIG CONOVER","MARCIA CONOVER-HARRIS","DALE WATSON","AMANDA MILLER"
"SP3614","MICHAEL SNELSON","CRAIG JENSEN","DALE WATSON","CRAIG CONOVER","AMANDA MILLER","MARCIA CONOVER-HARRIS","XIMENA M. BISHOP"
"SP3615","MICHAEL SNELSON","CRAIG JENSEN","DALE WATSON","XIMENA M. BISHOP","AMANDA MILLER","MARCIA CONOVER-HARRIS","CRAIG CONOVER"
"SP3616","CRAIG CONOVER","MICHAEL SNELSON","XIMENA M. BISHOP","skipped","skipped","skipped","skipped"
"SP3617","DALE WATSON","CRAIG CONOVER","XIMENA M. BISHOP","CRAIG JENSEN","skipped","skipped","skipped"
"SP3618","MICHAEL SNELSON","MARCIA CONOVER-HARRIS","AMANDA MILLER","CRAIG JENSEN","CRAIG CONOVER","DALE WATSON","XIMENA M. BISHOP"
"SP3619","CRAIG CONOVER","MICHAEL SNELSON","MARCIA CONOVER-HARRIS","AMANDA MILLER","CRAIG JENSEN","DALE WATSON","XIMENA M. BISHOP"
"SP3620","DALE WATSON","MARCIA CONOVER-HARRIS","MICHAEL SNELSON","CRAIG JENSEN","AMANDA MILLER","CRAIG CONOVER","XIMENA M. BISHOP"
"SP3621","MICHAEL SNELSON","skipped","skipped","skipped","skipped","skipped","skipped"
"SP3622","MICHAEL SNELSON","skipped","skipped","skipped","skipped","skipped","skipped"
"SP3623","MICHAEL SNELSON","CRAIG JENSEN","skipped","skipped","skipped","skipped","skipped"
"SP3624","MICHAEL SNELSON","CRAIG JENSEN","CRAIG CONOVER","MARCIA CONOVER-HARRIS","AMANDA MILLER","skipped","XIMENA M. BISHOP"
"SP3625","CRAIG JENSEN","MICHAEL SNELSON","AMANDA MILLER","DALE WATSON","XIMENA M. BISHOP","CRAIG CONOVER","MARCIA CONOVER-HARRIS"
"SP3626","MICHAEL SNELSON","CRAIG JENSEN","CRAIG CONOVER","MARCIA CONOVER-HARRIS","DALE WATSON","AMANDA MILLER","XIMENA M. BISHOP"
"SP3627","DALE WATSON","XIMENA M. BISHOP","MICHAEL SNELSON","CRAIG CONOVER","CRAIG JENSEN","MARCIA CONOVER-HARRIS","AMANDA MILLER"
"SP3628","XIMENA M. BISHOP","MARCIA CONOVER-HARRIS","MICHAEL SNELSON","CRAIG JENSEN","CRAIG CONOVER","DALE WATSON","AMANDA MILLER"
"SP3629","overvote","XIMENA M. BISHOP","DALE WATSON","CRAIG JENSEN","MARCIA CONOVER-HARRIS","CRAIG CONOVER","AMANDA MILLER"
"SP3630","MICHAEL SNELSON","DALE WATSON","CRAIG JENSEN","CRAIG CONOVER","skipped","skipped","overvote"
"SP3631","MARCIA CONOVER-HARRIS","MICHAEL SNELSON","CRAIG JENSEN","XIMENA M. BISHOP","CRAIG CONOVER","skipped","skipped"
"SP3632","MICHAEL SNELSON","CRAIG JENSEN","CRAIG CONOVER","skipped","skipped","skipped","skipped"
"SP3633","XIMENA M. BISHOP","DALE WATSON","skipped","skipped","skipped","skipped","skipped"
"SP3634","XIMENA M. BISHOP","DALE WATSON","MARCIA CONOVER-HARRIS","MICHAEL SNELSON","CRAIG CONOVER","CRAIG JENSEN","AMANDA MILLER"
"SP3635","MARCIA CONOVER-HARRIS","CRAIG CONOVER","CRAIG JENSEN","MICHAEL SNELSON","XIMENA M. BISHOP","DALE WATSON","AMANDA MILLER"
"SP3636","MARCIA CONOVER-HARRIS","XIMENA M. BISHOP","AMANDA MILLER","DALE WATSON","CRAIG CONOVER","MICHAEL SNELSON","CRAIG JENSEN"
"SP3637","MARCIA CONOVER-HARRIS","XIMENA M. BISHOP","CRAIG CONOVER","MICHAEL SNELSON","CRAIG JENSEN","DALE WATSON","AMANDA MILLER"
"SP3638","MICHAEL SNELSON","XIMENA M. BISHOP","CRAIG JENSEN","CRAIG CONOVER","MARCIA CONOVER-HARRIS","DALE WATSON","AMANDA MILLER"
"SP3639","skipped","skipped","skipped","skipped","skipped","skipped","skipped"
"SP3640","MICHAEL SNELSON","CRAIG JENSEN","MARCIA CONOVER-HARRIS","CRAIG CONOVER","XIMENA M. BISHOP","AMANDA MILLER","DALE WATSON"
"SP3641","AMANDA MILLER","CRAIG JENSEN","XIMENA M. BISHOP","MARCIA CONOVER-HARRIS","CRAIG CONOVER","DALE WATSON","MICHAEL SNELSON"
"SP3642","AMANDA MILLER","DALE WATSON","MARCIA CONOVER-HARRIS","MICHAEL SNELSON","CRAIG JENSEN","CRAIG CONOVER","XIMENA M. BISHOP"
"SP3643","CRAIG JENSEN","AMANDA MILLER","DALE WATSON","MICHAEL SNELSON","XIMENA M. BISHOP","CRAIG CONOVER","MARCIA CONOVER-HARRIS"
"SP3644","XIMENA M. BISHOP","CRAIG CONOVER","MARCIA CONOVER-HARRIS","MICHAEL SNELSON","CRAIG JENSEN","AMANDA MILLER","DALE WATSON"
"SP3645","MICHAEL SNELSON","XIMENA M. BISHOP","CRAIG JENSEN","CRAIG CONOVER","MARCIA CONOVER-HARRIS","DALE WATSON","AMANDA MILLER"
"SP3646","MICHAEL SNELSON","XIMENA M. BISHOP","CRAIG JENSEN","DALE WATSON","CRAIG CONOVER","MARCIA CONOVER-HARRIS","AMANDA MILLER"
"SP3647","MARCIA CONOVER-HARRIS","CRAIG JENSEN","XIMENA M. BISHOP","DALE WATSON","AMANDA MILLER","CRAIG CONOVER","MICHAEL SNELSON"
"SP3648","MICHAEL SNELSON","DALE WATSON","CRAIG CONOVER","skipped","skipped","skipped","skipped"
"SP3649","CRAIG CONOVER","XIMENA M. BISHOP","MARCIA CONOVER-HARRIS","MICHAEL SNELSON","DALE WATSON","CRAIG JENSEN","AMANDA MILLER"
"SP3650","CRAIG JENSEN","MICHAEL SNELSON","XIMENA M. BISHOP","DALE WATSON","AMANDA MILLER","MARCIA CONOVER-HARRIS","CRAIG CONOVER"
"SP3651","MICHAEL SNELSON","XIMENA M. BISHOP","DALE WATSON","CRAIG JENSEN","AMANDA MILLER","MARCIA CONOVER-HARRIS","CRAIG CONOVER"
"SP3652","CRAIG JENSEN","MICHAEL SNELSON","MARCIA CONOVER-HARRIS","CRAIG CONOVER","skipped","skipped","skipped"
"SP3653","MICHAEL SNELSON","DALE WATSON","CRAIG JENSEN","CRAIG CONOVER","MARCIA CONOVER-HARRIS","XIMENA M. BISHOP","AMANDA MILLER"
"SP3654","MICHAEL SNELSON","XIMENA M. BISHOP","CRAIG CONOVER","MARCIA CONOVER-HARRIS","CRAIG JENSEN","AMANDA MILLER","DALE WATSON"
"SP3655","MARCIA CONOVER-HARRIS","CRAIG CONOVER","CRAIG JENSEN","AMANDA MILLER","XIMENA M. BISHOP","MICHAEL SNELSON","DALE WATSON"
"SP3656","XIMENA M. BISHOP","MARCIA CONOVER-HARRIS","DALE WATSON","MICHAEL SNELSON","CRAIG JENSEN","CRAIG CONOVER","AMANDA MILLER"
"SP3657","XIMENA M. BISHOP","MARCIA CONOVER-HARRIS","DALE WATSON","MICHAEL SNELSON","CRAIG JENSEN","CRAIG CONOVER","AMANDA MILLER"
"SP3658","CRAIG JENSEN","MARCIA CONOVER-HARRIS","AMANDA MILLER","CRAIG CONOVER","DALE WATSON","XIMENA M. BISHOP","MICHAEL SNELSON"
"SP3659","CRAIG CONOVER","CRAIG JENSEN","MICHAEL SNELSON","XIMENA M. BISHOP","MARCIA CONOVER-HARRIS","AMANDA MILLER","DALE WATSON"
"SP3660","MARCIA CONOVER-HARRIS","XIMENA M. BISHOP","CRAIG CONOVER","MICHAEL SNELSON","AMANDA MILLER","CRAIG JENSEN","DALE WATSON"
"SP3661","MARCIA CONOVER-HARRIS","skipped","skipped","skipped","skipped","skipped","skipped"
"SP3662","CRAIG CONOVER","skipped","skipped","skipped","skipped","skipped","skipped"
"SP3663","CRAIG CONOVER","XIMENA M. BISHOP","CRAIG JENSEN","MICHAEL SNELSON","AMANDA MILLER","DALE WATSON","MARCIA CONOVER-HARRIS"
"SP3664","CRAIG JENSEN","CRAIG CONOVER","skipped","skipped","skipped","skipped","skipped"
"SP3665","MARCIA CONOVER-HARRIS","skipped","skipped","skipped","skipped","skipped","skipped"
"SP3666","MICHAEL SNELSON","MARCIA CONOVER-HARRIS","DALE WATSON","CRAIG JENSEN","CRAIG CONOVER","XIMENA M. BISHOP","AMANDA MILLER"
"SP3667","MICHAEL SNELSON","MARCIA CONOVER-HARRIS","XIMENA M. BISHOP","AMANDA MILLER","CRAIG CONOVER","CRAIG JENSEN","DALE WATSON"
"SP3668","overvote","AMANDA MILLER","overvote","overvote","skipped","skipped","skipped"
"SP3669","MICHAEL SNELSON","skipped","skipped","skipped","skipped","skipped","skipped"
"SP3670","MICHAEL SNELSON","CRAIG CONOVER","CRAIG JENSEN","XIMENA M. BISHOP","AMANDA MILLER","MARCIA CONOVER-HARRIS","DALE WATSON"
"SP3671","MICHAEL SNELSON","CRAIG JENSEN","CRAIG CONOVER","DALE WATSON","MARCIA CONOVER-HARRIS","XIMENA M. BISHOP","AMANDA MILLER"
"SP3672","DALE WATSON","XIMENA M. BISHOP","MICHAEL SNELSON","CRAIG JENSEN","CRAIG CONOVER","MARCIA CONOVER-HARRIS","AMANDA MILLER"
"SP3673","MICHAEL SNELSON","CRAIG JENSEN","MARCIA CONOVER-HARRIS","DALE WATSON","AMANDA MILLER","CRAIG CONOVER","XIMENA M. BISHOP"
"SP3674","MICHAEL SNELSON","skipped","skipped","skipped","skipped","skipped","skipped"
"SP3675","MICHAEL SNELSON","skipped","skipped","skipped","skipped","skipped","skipped"
"SP3676","MARCIA CONOVER-HARRIS","XIMENA M. BISHOP","MICHAEL SNELSON","CRAIG JENSEN","CRAIG CONOVER","DALE WATSON","AMANDA MILLER"
"SP3677","CRAIG CONOVER","MARCIA CONOVER-HARRIS","CRAIG JENSEN","DALE WATSON","XIMENA M. BISHOP","AMANDA MILLER","MICHAEL SNELSON"
"SP3678","overvote","skipped","skipped","skipped","skipped","skipped","skipped"
"SP3679","CRAIG JENSEN","MICHAEL SNELSON","skipped","skipped","skipped","skipped","skipped"
"SP3680","DALE WATSON","MICHAEL SNELSON","XIMENA M. BISHOP","CRAIG JENSEN","AMANDA MILLER","MARCIA CONOVER-HARRIS","CRAIG CONOVER"
"SP3681","MICHAEL SNELSON","CRAIG JENSEN","XIMENA M. BISHOP","MARCIA CONOVER-HARRIS","AMANDA MILLER","CRAIG CONOVER","DALE WATSON"
"SP3682","MICHAEL SNELSON","AMANDA MILLER","XIMENA M. BISHOP","DALE WATSON","MARCIA CONOVER-HARRIS","CRAIG JENSEN","CRAIG CONOVER"
"SP3683","AMANDA MILLER","XIMENA M. BISHOP","DALE WATSON","CRAIG JENSEN","MICHAEL SNELSON","MARCIA CONOVER-HARRIS","CRAIG CONOVER"
"SP3684","MICHAEL SNELSON","CRAIG CONOVER","MARCIA CONOVER-HARRIS","CRAIG JENSEN","XIMENA M. BISHOP","DALE WATSON","AMANDA MILLER"
"SP3685","AMANDA MILLER","CRAIG JENSEN","MICHAEL SNELSON","XIMENA M. BISHOP","DALE WATSON","CRAIG CONOVER","MARCIA CONOVER-HARRIS"
"SP3686","CRAIG CONOVER","CRAIG JENSEN","MICHAEL SNELSON","MARCIA CONOVER-HARRIS","DALE WATSON","AMANDA MILLER","XIMENA M. BISHOP"
"SP3687","CRAIG CONOVER","MARCIA CONOVER-HARRIS","XIMENA M. BISHOP","MICHAEL SNELSON","CRAIG JENSEN","DALE WATSON","AMANDA MILLER"
"SP3688","DALE WATSON","XIMENA M. BISHOP","MICHAEL SNELSON","CRAIG JENSEN","CRAIG CONOVER","MARCIA CONOVER-HARRIS","AMANDA MILLER"
"SP3689","CRAIG JENSEN","MICHAEL SNELSON","XIMENA M. BISHOP","DALE WATSON","skipped","skipped","skipped"
"SP3690","CRAIG JENSEN","MICHAEL SNELSON","AMANDA MILLER","XIMENA M. BISHOP","DALE WATSON","CRAIG CONOVER","MARCIA CONOVER-HARRIS"
"SP3691","MICHAEL SNELSON","CRAIG JENSEN","XIMENA M. BISHOP","CRAIG CONOVER","MARCIA CONOVER-HARRIS","DALE WATSON","AMANDA MILLER"
"SP3692","XIMENA M. BISHOP","CRAIG JENSEN","MICHAEL SNELSON","DALE WATSON","skipped","skipped","skipped"
"SP3693","CRAIG JENSEN","CRAIG CONOVER","AMANDA MILLER","MARCIA CONOVER-HARRIS","XIMENA M. BISHOP","DALE WATSON","MICHAEL SNELSON"
"SP3694","skipped","skipped","skipped","skipped","skipped","skipped","skipped"
"SP3695","CRAIG JENSEN","MARCIA CONOVER-HARRIS","XIMENA M. BISHOP","AMANDA MILLER","CRAIG CONOVER","DALE WATSON","MICHAEL SNELSON"
"SP3696","MICHAEL SNELSON","CRAIG CONOVER","MARCIA CONOVER-HARRIS","CRAIG JENSEN","AMANDA MILLER","XIMENA M. BISHOP","DALE WATSON"
"SP3697","XIMENA M. BISHOP","MICHAEL SNELSON","CRAIG JENSEN","AMANDA MILLER","DALE WATSON","MARCIA CONOVER-HARRIS","CRAIG CONOVER"
"SP3698","MARCIA CONOVER-HARRIS","CRAIG JENSEN","CRAIG CONOVER","MICHAEL SNELSON","DALE WATSON","XIMENA M. BISHOP","AMANDA MILLER"
"SP3699","CRAIG JENSEN","MICHAEL SNELSON","XIMENA M. BISHOP","skipped","skipped","skipped","skipped"
"SP3700","MICHAEL SNELSON","MARCIA CONOVER-HARRIS","CRAIG CONOVER","CRAIG JENSEN","XIMENA M. BISHOP","DALE WATSON","skipped"
"SP3701","MICHAEL SNELSON","CRAIG JENSEN","DALE WATSON","AMANDA MILLER","MARCIA CONOVER-HARRIS","CRAIG CONOVER","XIMENA M. BISHOP"
"SP3702","CRAIG CONOVER","MICHAEL SNELSON","CRAIG JENSEN","XIMENA M. BISHOP","MARCIA CONOVER-HARRIS","DALE WATSON","AMANDA MILLER"
"SP3703","XIMENA M. BISHOP","MICHAEL SNELSON","CRAIG JENSEN","DALE WATSON","MARCIA CONOVER-HARRIS","CRAIG CONOVER","AMANDA MILLER"
"SP3704","MICHAEL SNELSON","CRAIG JENSEN","CRAIG CONOVER","XIMENA M. BISHOP","DALE WATSON","MARCIA CONOVER-HARRIS","AMANDA MILLER"
"SP3705","XIMENA M. BISHOP","CRAIG JENSEN","MICHAEL SNELSON","DALE WATSON","MARCIA CONOVER-HARRIS","CRAIG CONOVER","AMANDA MILLER"
"SP3706","MICHAEL SNELSON","CRAIG JENSEN","XIMENA M. BISHOP","AMANDA MILLER","skipped","skipped","skipped"
"SP3707","XIMENA M. BISHOP","MICHAEL SNELSON","CRAIG JENSEN","DALE WATSON","AMANDA MILLER","MARCIA CONOVER-HARRIS","CRAIG CONOVER"
"SP3708","DALE WATSON","CRAIG CONOVER","XIMENA M. BISHOP","CRAIG JENSEN","MICHAEL SNELSON","MARCIA CONOVER-HARRIS","AMANDA MILLER"
"SP3709","AMANDA MILLER","CRAIG CONOVER","MICHAEL SNELSON","CRAIG JENSEN","MARCIA CONOVER-HARRIS","XIMENA M. BISHOP","DALE WATSON"
"SP3710","overvote","overvote","overvote","DALE WATSON","skipped","skipped","skipped"
"SP3711","skipped","skipped","skipped","skipped","skipped","skipped","skipped"
"SP3712","MICHAEL SNELSON","CRAIG CONOVER","CRAIG JENSEN","XIMENA M. BISHOP","skipped","skipped","skipped"
"SP3713","CRAIG CONOVER","DALE WATSON","AMANDA MILLER","CRAIG JENSEN","MICHAEL SNELSON","skipped","skipped"
"SP3714","XIMENA M. BISHOP","MICHAEL SNELSON","MARCIA CONOVER-HARRIS","CRAIG JENSEN","DALE WATSON","MARCIA CONOVER-HARRIS","CRAIG CONOVER"
"SP3715","XIMENA M. BISHOP","AMANDA MILLER","MARCIA CONOVER-HARRIS","DALE WATSON","MICHAEL SNELSON","CRAIG JENSEN","CRAIG CONOVER"
"SP3716","MICHAEL SNELSON","CRAIG JENSEN","MARCIA CONOVER-HARRIS","DALE WATSON","AMANDA MILLER","CRAIG CONOVER","XIMENA M. BISHOP"
"SP3717","MICHAEL SNELSON","CRAIG JENSEN","skipped","skipped","skipped","skipped","skipped"
"SP3718","MICHAEL SNELSON","CRAIG JENSEN","DALE WATSON","CRAIG CONOVER","AMANDA MILLER","XIMENA M. BISHOP","MARCIA CONOVER-HARRIS"
"SP3719","MICHAEL SNELSON","CRAIG JENSEN","skipped","skipped","skipped","skipped","skipped"
"SP3720","XIMENA M. BISHOP","AMANDA MILLER","DALE WATSON","CRAIG JENSEN","MICHAEL SNELSON","MARCIA CONOVER-HARRIS","CRAIG CONOVER"
"SP3721","XIMENA M. BISHOP","AMANDA MILLER","DALE WATSON","CRAIG JENSEN","MICHAEL SNELSON","MARCIA CONOVER-HARRIS","CRAIG CONOVER"
"SP3722","CRAIG CONOVER","MARCIA CONOVER-HARRIS","AMANDA MILLER","CRAIG JENSEN","MICHAEL SNELSON","DALE WATSON","XIMENA M. BISHOP"
"SP3723","CRAIG CONOVER","MICHAEL SNELSON","MARCIA CONOVER-HARRIS","CRAIG JENSEN","AMANDA MILLER","XIMENA M. BISHOP","DALE WATSON"
"SP3724","MARCIA CONOVER-HARRIS","CRAIG CONOVER","DALE WATSON","XIMENA M. BISHOP","MICHAEL SNELSON","CRAIG JENSEN","AMANDA MILLER"
"SP3725","DALE WATSON","CRAIG CONOVER","CRAIG JENSEN","MARCIA CONOVER-HARRIS","skipped","skipped","skipped"
"SP3726","CRAIG CONOVER","MARCIA CONOVER-HARRIS","skipped","skipped","skipped","skipped","skipped"
"SP3727","MICHAEL SNELSON","CRAIG CONOVER","CRAIG JENSEN","XIMENA M. BISHOP","skipped","skipped","skipped"
"SP3728","CRAIG CONOVER","CRAIG JENSEN","XIMENA M. BISHOP","MICHAEL SNELSON","DALE WATSON","AMANDA MILLER","MARCIA CONOVER-HARRIS"
"SP3729","CRAIG CONOVER","skipped","skipped","skipped","skipped","skipped","skipped"
"SP3730","CRAIG CONOVER","XIMENA M. BISHOP","MICHAEL SNELSON","MARCIA CONOVER-HARRIS","CRAIG JENSEN","DALE WATSON","AMANDA MILLER"
"SP3731","AMANDA MILLER","MARCIA CONOVER-HARRIS","XIMENA M. BISHOP","MICHAEL SNELSON","skipped","CRAIG CONOVER","CRAIG JENSEN"
"SP3732","MICHAEL SNELSON","CRAIG CONOVER","MARCIA CONOVER-HARRIS","CRAIG JENSEN","XIMENA M. BISHOP","DALE WATSON","AMANDA MILLER"
"SP3733","CRAIG CONOVER","MICHAEL SNELSON","AMANDA MILLER","skipped","skipped","skipped","skipped"
"SP3734","AMANDA MILLER","MARCIA CONOVER-HARRIS","XIMENA M. BISHOP","CRAIG CONOVER","CRAIG JENSEN","DALE WATSON","MICHAEL SNELSON"
"SP3735","MICHAEL SNELSON","CRAIG JENSEN","CRAIG CONOVER","MARCIA CONOVER-HARRIS","DALE WATSON","AMANDA MILLER","XIMENA M. BISHOP"
"SP3736","CRAIG CONOVER","AMANDA MILLER","MICHAEL SNELSON","skipped","skipped","skipped","skipped"
"SP3737","MICHAEL SNELSON","CRAIG CONOVER","MARCIA CONOVER-HARRIS","CRAIG JENSEN","AMANDA MILLER","XIMENA M. BISHOP","DALE WATSON"
"SP3738","overvote","XIMENA M. BISHOP","CRAIG JENSEN","CRAIG CONOVER","MARCIA CONOVER-HARRIS","AMANDA MILLER","skipped"
"SP3739","MICHAEL SNELSON","CRAIG CONOVER","CRAIG JENSEN","MARCIA CONOVER-HARRIS","XIMENA M. BISHOP","DALE WATSON","AMANDA MILLER"
"SP3740","MICHAEL SNELSON","DALE WATSON","CRAIG CONOVER","MARCIA CONOVER-HARRIS","XIMENA M. BISHOP","AMANDA MILLER","CRAIG JENSEN"
"SP3741","MICHAEL SNELSON","CRAIG CONOVER","AMANDA MILLER","CRAIG JENSEN","MARCIA CONOVER-HARRIS","DALE WATSON","XIMENA M. BISHOP"
"SP3742","DALE WATSON","CRAIG JENSEN","MICHAEL SNELSON","XIMENA M. BISHOP","AMANDA MILLER","MARCIA CONOVER-HARRIS","CRAIG CONOVER"
"SP3743","MARCIA CONOVER-HARRIS","XIMENA M. BISHOP","MICHAEL SNELSON","CRAIG CONOVER","CRAIG JENSEN","DALE WATSON","AMANDA MILLER"
"SP3744","overvote","skipped","skipped","skipped","skipped","skipped","skipped"
"SP3745","MICHAEL SNELSON","DALE WATSON","XIMENA M. BISHOP","AMANDA MILLER","CRAIG CONOVER","MARCIA CONOVER-HARRIS","MARCIA CONOVER-HARRIS"
"SP3746","MARCIA CONOVER-HARRIS","CRAIG CONOVER","DALE WATSON","XIMENA M. BISHOP","AMANDA MILLER","MICHAEL SNELSON","CRAIG JENSEN"
"SP3747","CRAIG JENSEN","MICHAEL SNELSON","XIMENA M. BISHOP","AMANDA MILLER","CRAIG CONOVER","MARCIA CONOVER-HARRIS","DALE WATSON"
"SP3748","DALE WATSON","XIMENA M. BISHOP","overvote","MICHAEL SNELSON","skipped","MARCIA CONOVER-HARRIS","CRAIG CONOVER"
"SP3749","CRAIG CONOVER","MICHAEL SNELSON","CRAIG JENSEN","XIMENA M. BISHOP","AMANDA MILLER","MARCIA CONOVER-HARRIS","DALE WATSON"
"SP3750","DALE WATSON","MICHAEL SNELSON","skipped","CRAIG JENSEN","CRAIG CONOVER","overvote","MARCIA CONOVER-HARRIS"
"SP3751","CRAIG CONOVER","CRAIG JENSEN","MICHAEL SNELSON","DALE WATSON","AMANDA MILLER","MARCIA CONOVER-HARRIS","XIMENA M. BISHOP"
"SP3752","CRAIG JENSEN","MICHAEL SNELSON","DALE WATSON","XIMENA M. BISHOP","AMANDA MILLER","MARCIA CONOVER-HARRIS","CRAIG CONOVER"
"SP3753","CRAIG JENSEN","XIMENA M. BISHOP","MARCIA CONOVER-HARRIS","CRAIG CONOVER","AMANDA MILLER","DALE WATSON","MICHAEL SNELSON"
"SP3754","AMANDA MILLER","MICHAEL SNELSON","XIMENA M. BISHOP","CRAIG CONOVER","CRAIG JENSEN","MARCIA CONOVER-HARRIS","DALE WATSON"
"SP3755","CRAIG JENSEN","MICHAEL SNELSON","DALE WATSON","XIMENA M. BISHOP","AMANDA MILLER","MARCIA CONOVER-HARRIS","CRAIG CONOVER"
"SP3756","CRAIG CONOVER","MARCIA CONOVER-HARRIS","XIMENA M. BISHOP","CRAIG JENSEN","AMANDA MILLER","DALE WATSON","MICHAEL SNELSON"
"SP3757","XIMENA M. BISHOP","MICHAEL SNELSON","MARCIA CONOVER-HARRIS","CRAIG JENSEN","CRAIG CONOVER","DALE WATSON","skipped"
"SP3758","MICHAEL SNELSON","CRAIG CONOVER","CRAIG JENSEN","DALE WATSON","XIMENA M. BISHOP","MARCIA CONOVER-HARRIS","AMANDA MILLER"
"SP3759","MARCIA CONOVER-HARRIS","AMANDA MILLER","CRAIG CONOVER","CRAIG JENSEN","XIMENA M. BISHOP","MICHAEL SNELSON","DALE WATSON"
"SP3760","MARCIA CONOVER-HARRIS","MICHAEL SNELSON","AMANDA MILLER","CRAIG JENSEN","XIMENA M. BISHOP","DALE WATSON","CRAIG CONOVER"
"SP3761","MICHAEL SNELSON","AMANDA MILLER","CRAIG CONOVER","MARCIA CONOVER-HARRIS","DALE WATSON","XIMENA M. BISHOP","CRAIG JENSEN"
"SP3762","MICHAEL SNELSON","CRAIG JENSEN","MARCIA CONOVER-HARRIS","XIMENA M. BISHOP","DALE WATSON","CRAIG CONOVER","AMANDA MILLER"
"SP3763","XIMENA M. BISHOP","DALE WATSON","MICHAEL SNELSON","CRAIG JENSEN","MARCIA CONOVER-HARRIS","AMANDA MILLER","CRAIG CONOVER"
"SP3764","CRAIG CONOVER","skipped","skipped","skipped","skipped","skipped","skipped"
"SP3765","XIMENA M. BISHOP","DALE WATSON","skipped","skipped","skipped","skipped","skipped"
"SP3766","CRAIG JENSEN","DALE WATSON","XIMENA M. BISHOP","MICHAEL SNELSON","CRAIG CONOVER","MARCIA CONOVER-HARRIS","AMANDA MILLER"
"SP3767","overvote","skipped","skipped","skipped","skipped","skipped","skipped"
"SP3768","XIMENA M. BISHOP","CRAIG JENSEN","MICHAEL SNELSON","MARCIA CONOVER-HARRIS","CRAIG CONOVER","skipped","skipped"
"SP3769","MICHAEL SNELSON","CRAIG CONOVER","DALE WATSON","CRAIG JENSEN","MARCIA CONOVER-HARRIS","skipped","AMANDA MILLER"
"SP3770","DALE WATSON","AMANDA MILLER","MARCIA CONOVER-HARRIS","CRAIG CONOVER","MICHAEL SNELSON","CRAIG JENSEN","XIMENA M. BISHOP"
"SP3771","CRAIG JENSEN","DALE WATSON","overvote","CRAIG CONOVER","MARCIA CONOVER-HARRIS","MICHAEL SNELSON","AMANDA MILLER"
"SP3772","MICHAEL SNELSON","CRAIG JENSEN","CRAIG CONOVER","XIMENA M. BISHOP","skipped","skipped","skipped"
"SP3773","CRAIG CONOVER","MARCIA CONOVER-HARRIS","DALE WATSON","XIMENA M. BISHOP","CRAIG JENSEN","AMANDA MILLER","MICHAEL SNELSON"
"SP3774","CRAIG JENSEN","XIMENA M. BISHOP","CRAIG CONOVER","AMANDA MILLER","MARCIA CONOVER-HARRIS","DALE WATSON","MICHAEL SNELSON"
"SP3775","MARCIA CONOVER-HARRIS","CRAIG CONOVER","XIMENA M. BISHOP","DALE WATSON","MICHAEL SNELSON","CRAIG JENSEN","AMANDA MILLER"
"SP3776","DALE WATSON","MICHAEL SNELSON","CRAIG JENSEN","CRAIG CONOVER","AMANDA MILLER","XIMENA M. BISHOP","MARCIA CONOVER-HARRIS"
"SP3777","MICHAEL SNELSON","MARCIA CONOVER-HARRIS","CRAIG JENSEN","CRAIG CONOVER","XIMENA M. BISHOP","AMANDA MILLER","DALE WATSON"
"SP3778","AMANDA MILLER","MARCIA CONOVER-HARRIS","MICHAEL SNELSON","CRAIG CONOVER","XIMENA M. BISHOP","CRAIG JENSEN","DALE WATSON"
"SP3779","CRAIG CONOVER","MARCIA CONOVER-HARRIS","AMANDA MILLER","MICHAEL SNELSON","CRAIG JENSEN","XIMENA M. BISHOP","DALE WATSON"
"SP3780","XIMENA M. BISHOP","CRAIG JENSEN","MARCIA CONOVER-HARRIS","MICHAEL SNELSON","AMANDA MILLER","CRAIG CONOVER","DALE WATSON"
"SP3781","CRAIG CONOVER","CRAIG JENSEN","XIMENA M. BISHOP","MARCIA CONOVER-HARRIS","MICHAEL SNELSON","AMANDA MILLER","DALE WATSON"
"SP3782","overvote","DALE WATSON","XIMENA M. BISHOP","skipped","skipped","AMANDA MILLER","overvote"
"SP3783","MICHAEL SNELSON","CRAIG JENSEN","DALE WATSON","XIMENA M. BISHOP","AMANDA MILLER","MARCIA CONOVER-HARRIS","CRAIG CONOVER"
"SP3784","CRAIG JENSEN","skipped","skipped","skipped","skipped","skipped","skipped"
"SP3785","MICHAEL SNELSON","CRAIG CONOVER","MARCIA CONOVER-HARRIS","skipped","skipped","skipped","skipped"
"SP3786","AMANDA MILLER","MARCIA CONOVER-HARRIS","skipped","skipped","skipped","skipped","skipped"
"SP3787","CRAIG JENSEN","MICHAEL SNELSON","AMANDA MILLER","DALE WATSON","MARCIA CONOVER-HARRIS","XIMENA M. BISHOP","CRAIG CONOVER"
"SP3788","MICHAEL SNELSON","CRAIG CONOVER","DALE WATSON","skipped","skipped","skipped","skipped"
"SP3789","CRAIG CONOVER","skipped","skipped","skipped","skipped","skipped","skipped"
"SP3790","skipped","skipped","skipped","skipped","skipped","skipped","skipped"
"SP3791","XIMENA M. BISHOP","CRAIG JENSEN","skipped","skipped","skipped","skipped","skipped"
"SP3792","MARCIA CONOVER-HARRIS","XIMENA M. BISHOP","CRAIG CONOVER","AMANDA MILLER","DALE WATSON","MICHAEL SNELSON","CRAIG JENSEN"
"SP3793","MICHAEL SNELSON","skipped","skipped","skipped","skipped","skipped","skipped"
"SP3794","CRAIG CONOVER","CRAIG JENSEN","MICHAEL SNELSON","MARCIA CONOVER-HARRIS","DALE WATSON","AMANDA MILLER","XIMENA M. BISHOP"
"SP3795","MICHAEL SNELSON","CRAIG JENSEN","DALE WATSON","XIMENA M. BISHOP","CRAIG CONOVER","AMANDA MILLER","MARCIA CONOVER-HARRIS"
"SP3796","CRAIG JENSEN","DALE WATSON","XIMENA M. BISHOP","CRAIG CONOVER","AMANDA MILLER","MICHAEL SNELSON","MARCIA CONOVER-HARRIS"
"SP3797","CRAIG CONOVER","MARCIA CONOVER-HARRIS","XIMENA M. BISHOP","MICHAEL SNELSON","CRAIG JENSEN","DALE WATSON","AMANDA MILLER"
"SP3798","DALE WATSON","MICHAEL SNELSON","XIMENA M. BISHOP","CRAIG JENSEN","AMANDA MILLER","MARCIA CONOVER-HARRIS","CRAIG CONOVER"
"SP3799","MICHAEL SNELSON","XIMENA M. BISHOP","CRAIG JENSEN","DALE WATSON","AMANDA MILLER","MARCIA CONOVER-HARRIS","CRAIG CONOVER"
"SP3800","CRAIG JENSEN","CRAIG CONOVER","MARCIA CONOVER-HARRIS","XIMENA M. BISHOP","MICHAEL SNELSON","AMANDA MILLER","DALE WATSON"
"SP3801","MICHAEL SNELSON","AMANDA MILLER","DALE WATSON","CRAIG JENSEN","AMANDA MILLER","CRAIG CONOVER","XIMENA M. BISHOP"
"SP3802","DALE WATSON","CRAIG JENSEN","AMANDA MILLER","CRAIG CONOVER","MICHAEL SNELSON","XIMENA M. BISHOP","MARCIA CONOVER-HARRIS"
"SP3803","CRAIG CONOVER","DALE WATSON","MICHAEL SNELSON","CRAIG JENSEN","AMANDA MILLER","MARCIA CONOVER-HARRIS","XIMENA M. BISHOP"
"SP3804","CRAIG CONOVER","MARCIA CONOVER-HARRIS","MICHAEL SNELSON","AMANDA MILLER","XIMENA M. BISHOP","DALE WATSON","CRAIG JENSEN"
"SP3805","CRAIG CONOVER","CRAIG JENSEN","MICHAEL SNELSON","DALE WATSON","AMANDA MILLER","MARCIA CONOVER-HARRIS","XIMENA M. BISHOP"
"SP3806","CRAIG CONOVER","XIMENA M. BISHOP","MARCIA CONOVER-HARRIS","AMANDA MILLER","MICHAEL SNELSON","skipped","skipped"
"SP3807","CRAIG CONOVER","AMANDA MILLER","CRAIG JENSEN","MICHAEL SNELSON","DALE WATSON","MARCIA CONOVER-HARRIS","XIMENA M. BISHOP"
"SP3808","CRAIG JENSEN","CRAIG CONOVER","XIMENA M. BISHOP","MARCIA CONOVER-HARRIS","AMANDA MILLER","DALE WATSON","XIMENA M. BISHOP"
"SP3809","MICHAEL SNELSON","DALE WATSON","CRAIG JENSEN","CRAIG CONOVER","XIMENA M. BISHOP","AMANDA MILLER","MARCIA CONOVER-HARRIS"
"SP3810","overvote","CRAIG CONOVER","skipped","skipped","skipped","skipped","skipped"
"SP3811","MICHAEL SNELSON","CRAIG JENSEN","MARCIA CONOVER-HARRIS","skipped","skipped","skipped","skipped"
"SP3812","MICHAEL SNELSON","CRAIG CONOVER","skipped","skipped","skipped","skipped","skipped"
"SP3813","CRAIG JENSEN","XIMENA M. BISHOP","MARCIA CONOVER-HARRIS","MICHAEL SNELSON","DALE WATSON","CRAIG CONOVER","AMANDA MILLER"
"SP3814","MICHAEL SNELSON","XIMENA M. BISHOP","CRAIG CONOVER","CRAIG JENSEN","MARCIA CONOVER-HARRIS","DALE WATSON","AMANDA MILLER"
"SP3815","CRAIG CONOVER","MARCIA CONOVER-HARRIS","AMANDA MILLER","CRAIG JENSEN","MICHAEL SNELSON","XIMENA M. BISHOP","DALE WATSON"
"SP3816","CRAIG JENSEN","MICHAEL SNELSON","skipped","skipped","skipped","skipped","skipped"
"SP3817","XIMENA M. BISHOP","MARCIA CONOVER-HARRIS","CRAIG JENSEN","skipped","skipped","skipped","skipped"
"SP3818","MICHAEL SNELSON","CRAIG JENSEN","DALE WATSON","XIMENA M. BISHOP","AMANDA MILLER","MARCIA CONOVER-HARRIS","CRAIG CONOVER"
"SP3819","CRAIG JENSEN","MARCIA CONOVER-HARRIS","AMANDA MILLER","MICHAEL SNELSON","XIMENA M. BISHOP","CRAIG CONOVER","DALE WATSON"
"SP3820","MICHAEL SNELSON","CRAIG JENSEN","DALE WATSON","XIMENA M. BISHOP","AMANDA MILLER","MARCIA CONOVER-HARRIS","CRAIG CONOVER"
"SP3821","MICHAEL SNELSON","XIMENA M. BISHOP","CRAIG CONOVER","DALE WATSON","CRAIG JENSEN","MARCIA CONOVER-HARRIS","AMANDA MILLER"
"SP3822","MICHAEL SNELSON","CRAIG JENSEN","DALE WATSON","XIMENA M. BISHOP","AMANDA MILLER","MARCIA CONOVER-HARRIS","CRAIG CONOVER"
"SP3823","CRAIG CONOVER","MICHAEL SNELSON","MARCIA CONOVER-HARRIS","CRAIG JENSEN","DALE WATSON","XIMENA M. BISHOP","AMANDA MILLER"
"SP3824","MICHAEL SNELSON","CRAIG JENSEN","CRAIG CONOVER","skipped","skipped","skipped","skipped"
"SP3825","XIMENA M. BISHOP","MICHAEL SNELSON","MARCIA CONOVER-HARRIS","CRAIG CONOVER","CRAIG JENSEN","DALE WATSON","AMANDA MILLER"
"SP3826","CRAIG JENSEN","DALE WATSON","MICHAEL SNELSON","MARCIA CONOVER-HARRIS","AMANDA MILLER","CRAIG CONOVER","XIMENA M. BISHOP"
"SP3827","XIMENA M. BISHOP","CRAIG JENSEN","MICHAEL SNELSON","AMANDA MILLER","DALE WATSON","MARCIA CONOVER-HARRIS","CRAIG CONOVER"
"SP3828","CRAIG CONOVER","MICHAEL SNELSON","CRAIG JENSEN","skipped","skipped","skipped","skipped"
"SP3829","AMANDA MILLER","DALE WATSON","MARCIA CONOVER-HARRIS","XIMENA M. BISHOP","MICHAEL SNELSON","CRAIG JENSEN","CRAIG CONOVER"
"SP3830","skipped","skipped","skipped","skipped","skipped","skipped","skipped"
"SP3831","MICHAEL SNELSON","CRAIG JENSEN","XIMENA M. BISHOP","AMANDA MILLER","DALE WATSON","CRAIG CONOVER","MARCIA CONOVER-HARRIS"
"SP3832","DALE WATSON","XIMENA M. BISHOP","skipped","skipped","skipped","skipped","skipped"
"SP3833","MICHAEL SNELSON","CRAIG JENSEN","AMANDA MILLER","skipped","skipped","skipped","skipped"
"SP3834","MICHAEL SNELSON","MARCIA CONOVER-HARRIS","XIMENA M. BISHOP","CRAIG CONOVER","DALE WATSON","AMANDA MILLER","CRAIG JENSEN"
"SP3835","XIMENA M. BISHOP","MICHAEL SNELSON","MARCIA CONOVER-HARRIS","CRAIG JENSEN","CRAIG CONOVER","DALE WATSON","skipped"
"SP3836","MICHAEL SNELSON","CRAIG JENSEN","AMANDA MILLER","skipped","skipped","skipped","skipped"
"SP3837","XIMENA M. BISHOP","MICHAEL SNELSON","DALE WATSON","CRAIG CONOVER","MARCIA CONOVER-HARRIS","CRAIG JENSEN","AMANDA MILLER"
"SP3838","XIMENA M. BISHOP","DALE WATSON","MARCIA CONOVER-HARRIS","CRAIG CONOVER","AMANDA MILLER","CRAIG JENSEN","MICHAEL SNELSON"
"SP3839","CRAIG CONOVER","CRAIG JENSEN","MICHAEL SNELSON","AMANDA MILLER","DALE WATSON","MARCIA CONOVER-HARRIS","XIMENA M. BISHOP"
"SP3840","MICHAEL SNELSON","AMANDA MILLER","CRAIG JENSEN","DALE WATSON","XIMENA M. BISHOP","MARCIA CONOVER-HARRIS","CRAIG CONOVER"
"SP3841","MICHAEL SNELSON","MARCIA CONOVER-HARRIS","CRAIG JENSEN","XIMENA M. BISHOP","CRAIG CONOVER","DALE WATSON","AMANDA MILLER"
"SP3842","CRAIG CONOVER","AMANDA MILLER","MICHAEL SNELSON","XIMENA M. BISHOP","CRAIG JENSEN","MARCIA CONOVER-HARRIS","DALE WATSON"
"SP3843","AMANDA MILLER","DALE WATSON","XIMENA M. BISHOP","CRAIG JENSEN","MICHAEL SNELSON","CRAIG CONOVER","MARCIA CONOVER-HARRIS"
"SP3844","AMANDA MILLER","MICHAEL SNELSON","XIMENA M. BISHOP","MARCIA CONOVER-HARRIS","DALE WATSON","CRAIG JENSEN","CRAIG CONOVER"
"SP3845","MICHAEL SNELSON","AMANDA MILLER","XIMENA M. BISHOP","MARCIA CONOVER-HARRIS","DALE WATSON","CRAIG JENSEN","CRAIG CONOVER"
"SP3846","MICHAEL SNELSON","XIMENA M. BISHOP","CRAIG JENSEN","AMANDA MILLER","MARCIA CONOVER-HARRIS","CRAIG CONOVER","DALE WATSON"
"SP3847","XIMENA M. BISHOP","MARCIA CONOVER-HARRIS","CRAIG CONOVER","CRAIG JENSEN","DALE WATSON","AMANDA MILLER","MICHAEL SNELSON"
"SP3848","CRAIG JENSEN","MARCIA CONOVER-HARRIS","CRAIG CONOVER","XIMENA M. BISHOP","skipped","skipped","skipped"
"SP3849","CRAIG JENSEN","MICHAEL SNELSON","CRAIG CONOVER","skipped","skipped","skipped","skipped"
"SP3850","MICHAEL SNELSON","CRAIG JENSEN","XIMENA M. BISHOP","CRAIG CONOVER","MARCIA CONOVER-HARRIS","AMANDA MILLER","DALE WATSON"
"SP3851","MICHAEL SNELSON","DALE WATSON","XIMENA M. BISHOP","CRAIG JENSEN","CRAIG CONOVER","MARCIA CONOVER-HARRIS","AMANDA MILLER"
"SP3852","CRAIG JENSEN","MICHAEL SNELSON","CRAIG CONOVER","skipped","skipped","skipped","skipped"
"SP3853","XIMENA M. BISHOP","CRAIG JENSEN","AMANDA MILLER","MARCIA CONOVER-HARRIS","CRAIG CONOVER","MICHAEL SNELSON","DALE WATSON"
"SP3854","MICHAEL SNELSON","CRAIG CONOVER","CRAIG JENSEN","XIMENA M. BISHOP","MARCIA CONOVER-HARRIS","DALE WATSON","AMANDA MILLER"
"SP3855","DALE WATSON","MARCIA CONOVER-HARRIS","AMANDA MILLER","CRAIG CONOVER","CRAIG JENSEN","MICHAEL SNELSON","XIMENA M. BISHOP"
"SP3856","MICHAEL SNELSON","CRAIG JENSEN","CRAIG CONOVER","skipped","skipped","skipped","skipped"
"SP3857","XIMENA M. BISHOP","CRAIG JENSEN","AMANDA MILLER","MARCIA CONOVER-HARRIS","CRAIG CONOVER","MICHAEL SNELSON","DALE WATSON"
"SP3858","MICHAEL SNELSON","DALE WATSON","CRAIG JENSEN","AMANDA MILLER","MARCIA CONOVER-HARRIS","XIMENA M. BISHOP","CRAIG CONOVER"
"SP3859","XIMENA M. BISHOP","MICHAEL SNELSON","CRAIG JENSEN","MARCIA CONOVER-HARRIS","CRAIG CONOVER","AMANDA MILLER","DALE WATSON"
"SP3860","CRAIG JENSEN","XIMENA M. BISHOP","MICHAEL SNELSON","DALE WATSON","MARCIA CONOVER-HARRIS","CRAIG CONOVER","AMANDA MILLER"
"SP3861","overvote","overvote","CRAIG CONOVER","MICHAEL SNELSON","skipped","skipped","DALE WATSON"
"SP3862","CRAIG CONOVER","MARCIA CONOVER-HARRIS","MICHAEL SNELSON","CRAIG JENSEN","AMANDA MILLER","DALE WATSON","XIMENA M. BISHOP"
"SP3863","AMANDA MILLER","CRAIG JENSEN","MICHAEL SNELSON","XIMENA M. BISHOP","CRAIG CONOVER","MARCIA CONOVER-HARRIS","DALE WATSON"
"SP3864","XIMENA M. BISHOP","MARCIA CONOVER-HARRIS","AMANDA MILLER","CRAIG CONOVER","DALE WATSON","MICHAEL SNELSON","CRAIG JENSEN"
"SP3865","AMANDA MILLER","XIMENA M. BISHOP","DALE WATSON","MARCIA CONOVER-HARRIS","skipped","skipped","skipped"
"SP3866","CRAIG CONOVER","MARCIA CONOVER-HARRIS","MICHAEL SNELSON","CRAIG JENSEN","AMANDA MILLER","DALE WATSON","XIMENA M. BISHOP"
"SP3867","MICHAEL SNELSON","CRAIG JENSEN","DALE WATSON","XIMENA M. BISHOP","CRAIG CONOVER","AMANDA MILLER","MARCIA CONOVER-HARRIS"
"SP3868","CRAIG CONOVER","CRAIG JENSEN","MARCIA CONOVER-HARRIS","MARCIA CONOVER-HARRIS","AMANDA MILLER","XIMENA M. BISHOP","DALE WATSON"
"SP3869","MICHAEL SNELSON","XIMENA M. BISHOP","MARCIA CONOVER-HARRIS","DALE WATSON","CRAIG JENSEN","AMANDA MILLER","CRAIG CONOVER"
"SP3870","XIMENA M. BISHOP","AMANDA MILLER","MARCIA CONOVER-HARRIS","CRAIG JENSEN","MICHAEL SNELSON","CRAIG CONOVER","DALE WATSON"
"SP3871","MARCIA CONOVER-HARRIS","CRAIG CONOVER","XIMENA M. BISHOP","MICHAEL SNELSON","CRAIG JENSEN","AMANDA MILLER","DALE WATSON"
"SP3872","MARCIA CONOVER-HARRIS","CRAIG CONOVER","XIMENA M. BISHOP","DALE WATSON","MICHAEL SNELSON","CRAIG JENSEN","AMANDA MILLER"
"SP3873","CRAIG CONOVER","skipped","skipped","skipped","skipped","skipped","skipped"
"SP3874","CRAIG JENSEN","CRAIG CONOVER","MICHAEL SNELSON","skipped","skipped","skipped","skipped"
"SP3875","MARCIA CONOVER-HARRIS","XIMENA M. BISHOP","CRAIG CONOVER","MICHAEL SNELSON","CRAIG JENSEN","AMANDA MILLER","DALE WATSON"
"SP3876","CRAIG JENSEN","MICHAEL SNELSON","CRAIG CONOVER","DALE WATSON","MARCIA CONOVER-HARRIS","AMANDA MILLER","XIMENA M. BISHOP"
"SP3877","CRAIG JENSEN","AMANDA MILLER","DALE WATSON","skipped","skipped","skipped","skipped"
"SP3878","CRAIG JENSEN","MICHAEL SNELSON","CRAIG CONOVER","DALE WATSON","AMANDA MILLER","MARCIA CONOVER-HARRIS","XIMENA M. BISHOP"
"SP3879","MARCIA CONOVER-HARRIS","CRAIG CONOVER","CRAIG JENSEN","DALE WATSON","AMANDA MILLER","MICHAEL SNELSON","XIMENA M. BISHOP"
"SP3880","CRAIG JENSEN","XIMENA M. BISHOP","MARCIA CONOVER-HARRIS","MICHAEL SNELSON","DALE WATSON","CRAIG CONOVER","AMANDA MILLER"
"SP3881","CRAIG JENSEN","AMANDA MILLER","XIMENA M. BISHOP","DALE WATSON","CRAIG CONOVER","MICHAEL SNELSON","MARCIA CONOVER-HARRIS"
"SP3882","DALE WATSON","XIMENA M. BISHOP","CRAIG JENSEN","MICHAEL SNELSON","CRAIG CONOVER","AMANDA MILLER","MARCIA CONOVER-HARRIS"
"SP3883","CRAIG CONOVER","CRAIG JENSEN","XIMENA M. BISHOP","AMANDA MILLER","DALE WATSON","XIMENA M. BISHOP","MARCIA CONOVER-HARRIS"
"SP3884","MARCIA CONOVER-HARRIS","CRAIG CONOVER","DALE WATSON","MICHAEL SNELSON","CRAIG JENSEN","AMANDA MILLER","XIMENA M. BISHOP"
"SP3885","XIMENA M. BISHOP","skipped","skipped","skipped","skipped","skipped","skipped"
"SP3886","AMANDA MILLER","MARCIA CONOVER-HARRIS","XIMENA M. BISHOP","CRAIG JENSEN","CRAIG CONOVER","MICHAEL SNELSON","DALE WATSON"
"SP3887","MARCIA CONOVER-HARRIS","CRAIG CONOVER","MICHAEL SNELSON","XIMENA M. BISHOP","AMANDA MILLER","CRAIG JENSEN","DALE WATSON"
"SP3888","AMANDA MILLER","MARCIA CONOVER-HARRIS","CRAIG JENSEN","CRAIG CONOVER","DALE WATSON","XIMENA M. BISHOP","MICHAEL SNELSON"
"SP3889","MICHAEL SNELSON","skipped","skipped","skipped","skipped","skipped","skipped"
"SP3890","XIMENA M. BISHOP","MARCIA CONOVER-HARRIS","MICHAEL SNELSON","CRAIG JENSEN","CRAIG CONOVER","AMANDA MILLER","DALE WATSON"
"SP3891","MICHAEL SNELSON","skipped","skipped","skipped","skipped","skipped","skipped"
"SP3892","CRAIG JENSEN","MICHAEL SNELSON","XIMENA M. BISHOP","AMANDA MILLER","DALE WATSON","MARCIA CONOVER-HARRIS","CRAIG CONOVER"
"SP3893","CRAIG CONOVER","MICHAEL SNELSON","CRAIG JENSEN","XIMENA M. BISHOP","MARCIA CONOVER-HARRIS","DALE WATSON","AMANDA MILLER"
"SP3894","MICHAEL SNELSON","CRAIG JENSEN","XIMENA M. BISHOP","CRAIG CONOVER","DALE WATSON","MARCIA CONOVER-HARRIS","AMANDA MILLER"
"SP3895","CRAIG CONOVER","MARCIA CONOVER-HARRIS","skipped","skipped","skipped","skipped","skipped"
"SP3896","CRAIG JENSEN","MICHAEL SNELSON","CRAIG CONOVER","XIMENA M. BISHOP","DALE WATSON","MARCIA CONOVER-HARRIS","AMANDA MILLER"
"SP3897","CRAIG CONOVER","MARCIA CONOVER-HARRIS","XIMENA M. BISHOP","skipped","skipped","skipped","skipped"
"SP3898","MARCIA CONOVER-HARRIS","AMANDA MILLER","CRAIG CONOVER","MICHAEL SNELSON","CRAIG JENSEN","XIMENA M. BISHOP","DALE WATSON"
"SP3899","MICHAEL SNELSON","CRAIG JENSEN","AMANDA MILLER","XIMENA M. BISHOP","skipped","skipped","skipped"
"SP3900","skipped","skipped","skipped","skipped","skipped","skipped","skipped"
"SP3901","MICHAEL SNELSON","CRAIG JENSEN","CRAIG CONOVER","DALE WATSON","MARCIA CONOVER-HARRIS","XIMENA M. BISHOP","AMANDA MILLER"
"SP3902","XIMENA M. BISHOP","DALE WATSON","AMANDA MILLER","CRAIG JENSEN","MICHAEL SNELSON","MARCIA CONOVER-HARRIS","CRAIG CONOVER"
"SP3903","CRAIG JENSEN","DALE WATSON","AMANDA MILLER","XIMENA M. BISHOP","MICHAEL SNELSON","MARCIA CONOVER-HARRIS","CRAIG CONOVER"
"SP3904","CRAIG JENSEN","CRAIG CONOVER","MICHAEL SNELSON","XIMENA M. BISHOP","DALE WATSON","MARCIA CONOVER-HARRIS","AMANDA MILLER"
"SP3905","CRAIG JENSEN","MICHAEL SNELSON","XIMENA M. BISHOP","DALE WATSON","AMANDA MILLER","CRAIG CONOVER","AMANDA MILLER"
"SP3906","MICHAEL SNELSON","XIMENA M. BISHOP","CRAIG JENSEN","AMANDA MILLER","skipped","CRAIG CONOVER","DALE WATSON"
"SP3907","CRAIG CONOVER","MARCIA CONOVER-HARRIS","XIMENA M. BISHOP","MICHAEL SNELSON","CRAIG JENSEN","AMANDA MILLER","DALE WATSON"
"SP3908","skipped","skipped","skipped","skipped","skipped","skipped","skipped"
"SP3909","DALE WATSON","CRAIG JENSEN","MICHAEL SNELSON","XIMENA M. BISHOP","AMANDA MILLER","MARCIA CONOVER-HARRIS","CRAIG CONOVER"
"SP3910","overvote","AMANDA MILLER","DALE WATSON","skipped","skipped","skipped","skipped"
"SP3911","XIMENA M. BISHOP","MARCIA CONOVER-HARRIS","CRAIG CONOVER","DALE WATSON","AMANDA MILLER","CRAIG JENSEN","MICHAEL SNELSON"
"SP3912","MICHAEL SNELSON","CRAIG JENSEN","DALE WATSON","skipped","skipped","skipped","XIMENA M. BISHOP"
"SP3913","MICHAEL SNELSON","CRAIG CONOVER","MARCIA CONOVER-HARRIS","DALE WATSON","MICHAEL SNELSON","CRAIG JENSEN","AMANDA MILLER"
"SP3914","XIMENA M. BISHOP","CRAIG CONOVER","MICHAEL SNELSON","skipped","skipped","skipped","skipped"
"SP3915","MARCIA CONOVER-HARRIS","XIMENA M. BISHOP","CRAIG JENSEN","CRAIG CONOVER","MICHAEL SNELSON","AMANDA MILLER","DALE WATSON"
"SP3916","CRAIG JENSEN","MARCIA CONOVER-HARRIS","AMANDA MILLER","CRAIG CONOVER","DALE WATSON","XIMENA M. BISHOP","MICHAEL SNELSON"
"SP3917","skipped","skipped","skipped","skipped","skipped","skipped","skipped"
"SP3918","CRAIG CONOVER","XIMENA M. BISHOP","CRAIG JENSEN","MICHAEL SNELSON","MARCIA CONOVER-HARRIS","DALE WATSON","AMANDA MILLER"
"SP3919","MARCIA CONOVER-HARRIS","CRAIG CONOVER","XIMENA M. BISHOP","skipped","skipped","skipped","skipped"
"SP3920","skipped","skipped","skipped","skipped","skipped","skipped","skipped"
"SP3921","AMANDA MILLER","MICHAEL SNELSON","DALE WATSON","CRAIG JENSEN","CRAIG CONOVER","MARCIA CONOVER-HARRIS","XIMENA M. BISHOP"
"SP3922","skipped","skipped","skipped","skipped","skipped","skipped","skipped"
"SP3923","AMANDA MILLER","MARCIA CONOVER-HARRIS","MICHAEL SNELSON","XIMENA M. BISHOP","DALE WATSON","CRAIG JENSEN","CRAIG CONOVER"
"SP3924","MICHAEL SNELSON","CRAIG JENSEN","CRAIG CONOVER","DALE WATSON","MARCIA CONOVER-HARRIS","AMANDA MILLER","XIMENA M. BISHOP"
"SP3925","AMANDA MILLER","skipped","skipped","skipped","skipped","skipped","skipped"
"SP3926","MICHAEL SNELSON","CRAIG JENSEN","AMANDA MILLER","DALE WATSON","XIMENA M. BISHOP","MARCIA CONOVER-HARRIS","CRAIG CONOVER"
"SP3927","AMANDA MILLER","DALE WATSON","CRAIG CONOVER","MARCIA CONOVER-HARRIS","MICHAEL SNELSON","CRAIG JENSEN","XIMENA M. BISHOP"
"SP3928","AMANDA MILLER","skipped","skipped","skipped","skipped","skipped","skipped"
"SP3929","MICHAEL SNELSON","CRAIG CONOVER","MARCIA CONOVER-HARRIS","CRAIG JENSEN","XIMENA M. BISHOP","DALE WATSON","AMANDA MILLER"
"SP3930","XIMENA M. BISHOP","XIMENA M. BISHOP","DALE WATSON","MICHAEL SNELSON","AMANDA MILLER","CRAIG JENSEN","CRAIG CONOVER"
"SP3931","AMANDA MILLER","MICHAEL SNELSON","CRAIG CONOVER","MARCIA CONOVER-HARRIS","XIMENA M. BISHOP","CRAIG JENSEN","DALE WATSON"
"SP3932","MICHAEL SNELSON","CRAIG JENSEN","AMANDA MILLER","DALE WATSON","XIMENA M. BISHOP","MARCIA CONOVER-HARRIS","CRAIG CONOVER"
"SP3933","CRAIG CONOVER","MARCIA CONOVER-HARRIS","AMANDA MILLER","XIMENA M. BISHOP","MICHAEL SNELSON","DALE WATSON","CRAIG JENSEN"
"SP3934","CRAIG CONOVER","MICHAEL SNELSON","skipped","skipped","skipped","skipped","skipped"
"SP3935","CRAIG JENSEN","MICHAEL SNELSON","skipped","skipped","skipped","skipped","skipped"
"SP3936","XIMENA M. BISHOP","AMANDA MILLER","MICHAEL SNELSON","CRAIG JENSEN","MARCIA CONOVER-HARRIS","CRAIG CONOVER","DALE WATSON"
"SP3937","CRAIG CONOVER","CRAIG JENSEN","MICHAEL SNELSON","MARCIA CONOVER-HARRIS","DALE WATSON","XIMENA M. BISHOP","AMANDA MILLER"
"SP3938","MICHAEL SNELSON","AMANDA MILLER","CRAIG JENSEN","XIMENA M. BISHOP","skipped","skipped","skipped"
"SP3939","XIMENA M. BISHOP","MARCIA CONOVER-HARRIS","AMANDA MILLER","CRAIG CONOVER","CRAIG JENSEN","MICHAEL SNELSON","DALE WATSON"
"SP3940","MICHAEL SNELSON","CRAIG JENSEN","XIMENA M. BISHOP","AMANDA MILLER","DALE WATSON","MARCIA CONOVER-HARRIS","CRAIG CONOVER"
"SP3941","CRAIG CONOVER","DALE WATSON","XIMENA M. BISHOP","MARCIA CONOVER-HARRIS","MICHAEL SNELSON","CRAIG JENSEN","AMANDA MILLER"
"SP3942","MARCIA CONOVER-HARRIS","CRAIG CONOVER","skipped","skipped","skipped","skipped","skipped"
"SP3943","XIMENA M. BISHOP","MICHAEL SNELSON","CRAIG JENSEN","CRAIG CONOVER","MARCIA CONOVER-HARRIS","DALE WATSON","AMANDA MILLER"
"SP3944","MICHAEL SNELSON","CRAIG JENSEN","XIMENA M. BISHOP","DALE WATSON","MARCIA CONOVER-HARRIS","CRAIG CONOVER","AMANDA MILLER"
"SP3945","MARCIA CONOVER-HARRIS","XIMENA M. BISHOP","AMANDA MILLER","MICHAEL SNELSON","CRAIG CONOVER","CRAIG JENSEN","DALE WATSON"
"SP3946","CRAIG CONOVER","MICHAEL SNELSON","DALE WATSON","XIMENA M. BISHOP","AMANDA MILLER","MARCIA CONOVER-HARRIS","CRAIG JENSEN"
"SP3947","MICHAEL SNELSON","CRAIG JENSEN","AMANDA MILLER","XIMENA M. BISHOP","DALE WATSON","CRAIG CONOVER","MARCIA CONOVER-HARRIS"
"SP3948","MICHAEL SNELSON","CRAIG JENSEN","XIMENA M. BISHOP","DALE WATSON","CRAIG CONOVER","AMANDA MILLER","MARCIA CONOVER-HARRIS"
"SP3949","MICHAEL SNELSON","CRAIG JENSEN","XIMENA M. BISHOP","CRAIG CONOVER","MARCIA CONOVER-HARRIS","DALE WATSON","AMANDA MILLER"
"SP3950","MARCIA CONOVER-HARRIS","CRAIG CONOVER","XIMENA M. BISHOP","DALE WATSON","MICHAEL SNELSON","CRAIG JENSEN","AMANDA MILLER"
"SP3951","CRAIG JENSEN","MICHAEL SNELSON","skipped","skipped","skipped","skipped","skipped"
"SP3952","CRAIG JENSEN","MICHAEL SNELSON","DALE WATSON","AMANDA MILLER","XIMENA M. BISHOP","MARCIA CONOVER-HARRIS","CRAIG CONOVER"
"SP3953","CRAIG JENSEN","MICHAEL SNELSON","MARCIA CONOVER-HARRIS","skipped","skipped","skipped","skipped"
"SP3954","CRAIG JENSEN","MICHAEL SNELSON","AMANDA MILLER","DALE WATSON","XIMENA M. BISHOP","CRAIG CONOVER","MARCIA CONOVER-HARRIS"
"SP3955","CRAIG CONOVER","MARCIA CONOVER-HARRIS","MICHAEL SNELSON","DALE WATSON","CRAIG JENSEN","AMANDA MILLER","XIMENA M. BISHOP"
"SP3956","CRAIG CONOVER","MARCIA CONOVER-HARRIS","MICHAEL SNELSON","DALE WATSON","CRAIG JENSEN","AMANDA MILLER","XIMENA M. BISHOP"
"SP3957","CRAIG JENSEN","MICHAEL SNELSON","CRAIG CONOVER","DALE WATSON","XIMENA M. BISHOP","AMANDA MILLER","MARCIA CONOVER-HARRIS"
"SP3958","CRAIG CONOVER","MARCIA CONOVER-HARRIS","MICHAEL SNELSON","DALE WATSON","CRAIG JENSEN","AMANDA MILLER","XIMENA M. BISHOP"
"SP3959","CRAIG CONOVER","MARCIA CONOVER-HARRIS","MICHAEL SNELSON","DALE WATSON","CRAIG JENSEN","AMANDA MILLER","XIMENA M. BISHOP"
"SP3960","MICHAEL SNELSON","CRAIG CONOVER","CRAIG JENSEN","MARCIA CONOVER-HARRIS","XIMENA M. BISHOP","AMANDA MILLER","DALE WATSON"
"SP3961","MICHAEL SNELSON","CRAIG CONOVER","AMANDA MILLER","CRAIG JENSEN","XIMENA M. BISHOP","MARCIA CONOVER-HARRIS","DALE WATSON"
"SP3962","MARCIA CONOVER-HARRIS","AMANDA MILLER","CRAIG CONOVER","CRAIG JENSEN","MICHAEL SNELSON","XIMENA M. BISHOP","DALE WATSON"
"SP3963","MICHAEL SNELSON","XIMENA M. BISHOP","MARCIA CONOVER-HARRIS","skipped","skipped","skipped","skipped"
"SP3964","MARCIA CONOVER-HARRIS","AMANDA MILLER","DALE WATSON","CRAIG JENSEN","CRAIG CONOVER","MICHAEL SNELSON","XIMENA M. BISHOP"
"SP3965","XIMENA M. BISHOP","MICHAEL SNELSON","skipped","skipped","skipped","skipped","skipped"
"SP3966","AMANDA MILLER","DALE WATSON","MICHAEL SNELSON","skipped","skipped","skipped","skipped"
"SP3967","DALE WATSON","MARCIA CONOVER-HARRIS","MICHAEL SNELSON","XIMENA M. BISHOP","CRAIG CONOVER","CRAIG JENSEN","AMANDA MILLER"
"SP3968","XIMENA M. BISHOP","MICHAEL SNELSON","CRAIG JENSEN","MARCIA CONOVER-HARRIS","AMANDA MILLER","CRAIG CONOVER","DALE WATSON"
"SP3969","XIMENA M. BISHOP","MICHAEL SNELSON","skipped","MARCIA CONOVER-HARRIS","AMANDA MILLER","skipped","skipped"
"SP3970","XIMENA M. BISHOP","MARCIA CONOVER-HARRIS","CRAIG CONOVER","CRAIG JENSEN","MICHAEL SNELSON","DALE WATSON","AMANDA MILLER"
"SP3971","CRAIG CONOVER","CRAIG JENSEN","DALE WATSON","XIMENA M. BISHOP","MICHAEL SNELSON","MARCIA CONOVER-HARRIS","AMANDA MILLER"
"SP3972","XIMENA M. BISHOP","CRAIG CONOVER","MARCIA CONOVER-HARRIS","AMANDA MILLER","DALE WATSON","MICHAEL SNELSON","CRAIG JENSEN"
"SP3973","CRAIG CONOVER","MICHAEL SNELSON","CRAIG JENSEN","skipped","skipped","skipped","skipped"
"SP3974","XIMENA M. BISHOP","CRAIG JENSEN","MICHAEL SNELSON","MARCIA CONOVER-HARRIS","DALE WATSON","CRAIG CONOVER","AMANDA MILLER"
"SP3975","CRAIG JENSEN","MICHAEL SNELSON","CRAIG CONOVER","skipped","skipped","skipped","skipped"
"SP3976","MICHAEL SNELSON","MARCIA CONOVER-HARRIS","XIMENA M. BISHOP","CRAIG JENSEN","skipped","skipped","skipped"
"SP3977","CRAIG JENSEN","CRAIG JENSEN","CRAIG CONOVER","CRAIG CONOVER","skipped","skipped","skipped"
"SP3978","MICHAEL SNELSON","CRAIG CONOVER","MARCIA CONOVER-HARRIS","skipped","skipped","skipped","skipped"
"SP3979","MICHAEL SNELSON","CRAIG CONOVER","MARCIA CONOVER-HARRIS","CRAIG JENSEN","AMANDA MILLER","XIMENA M. BISHOP","DALE WATSON"
"SP3980","MICHAEL SNELSON","CRAIG JENSEN","skipped","skipped","skipped","skipped","skipped"
"SP3981","CRAIG CONOVER","MICHAEL SNELSON","DALE WATSON","XIMENA M. BISHOP","CRAIG JENSEN","MARCIA CONOVER-HARRIS","AMANDA MILLER"
"SP3982","DALE WATSON","CRAIG JENSEN","MICHAEL SNELSON","DALE WATSON","DALE WATSON","DALE WATSON","DALE WATSON"
"SP3983","XIMENA M. BISHOP","MARCIA CONOVER-HARRIS","AMANDA MILLER","DALE WATSON","MICHAEL SNELSON","CRAIG JENSEN","CRAIG CONOVER"
"SP3984","MICHAEL SNELSON","DALE WATSON","CRAIG CONOVER","XIMENA M. BISHOP","CRAIG JENSEN","MARCIA CONOVER-HARRIS","AMANDA MILLER"
"SP3985","AMANDA MILLER","MARCIA CONOVER-HARRIS","XIMENA M. BISHOP","CRAIG JENSEN","MICHAEL SNELSON","DALE WATSON","CRAIG CONOVER"
"SP3986","CRAIG CONOVER","MICHAEL SNELSON","DALE WATSON","XIMENA M. BISHOP","AMANDA MILLER","MARCIA CONOVER-HARRIS","CRAIG JENSEN"
"SP3987","DALE WATSON","MICHAEL SNELSON","XIMENA M. BISHOP","CRAIG JENSEN","CRAIG CONOVER","MARCIA CONOVER-HARRIS","AMANDA MILLER"
"SP3988","XIMENA M. BISHOP","MICHAEL SNELSON","MARCIA CONOVER-HARRIS","CRAIG CONOVER","CRAIG JENSEN","AMANDA MILLER","XIMENA M. BISHOP"
"SP3989","MICHAEL SNELSON","CRAIG CONOVER","CRAIG JENSEN","AMANDA MILLER","MARCIA CONOVER-HARRIS","DALE WATSON","XIMENA M. BISHOP"
"SP3990","DALE WATSON","CRAIG JENSEN","CRAIG CONOVER","skipped","skipped","skipped","skipped"
"SP3991","MICHAEL SNELSON","CRAIG CONOVER","MARCIA CONOVER-HARRIS","XIMENA M. BISHOP","DALE WATSON","CRAIG JENSEN","AMANDA MILLER"
"SP3992","CRAIG JENSEN","CRAIG CONOVER","XIMENA M. BISHOP","DALE WATSON","MICHAEL SNELSON","MARCIA CONOVER-HARRIS","AMANDA MILLER"
"SP3993","XIMENA M. BISHOP","MICHAEL SNELSON","CRAIG JENSEN","DALE WATSON","AMANDA MILLER","MARCIA CONOVER-HARRIS","CRAIG CONOVER"
"SP3994","CRAIG JENSEN","MARCIA CONOVER-HARRIS","CRAIG CONOVER","DALE WATSON","XIMENA M. BISHOP","MICHAEL SNELSON","AMANDA MILLER"
"SP3995","XIMENA M. BISHOP","MICHAEL SNELSON","CRAIG JENSEN","DALE WATSON","MARCIA CONOVER-HARRIS","AMANDA MILLER","CRAIG CONOVER"
"SP3996","MICHAEL SNELSON","CRAIG CONOVER","CRAIG JENSEN","XIMENA M. BISHOP","MARCIA CONOVER-HARRIS","DALE WATSON","AMANDA MILLER"
"SP3997","MARCIA CONOVER-HARRIS","CRAIG CONOVER","DALE WATSON","MICHAEL SNELSON","XIMENA M. BISHOP","CRAIG JENSEN","AMANDA MILLER"
"SP3998","skipped","skipped","skipped","skipped","skipped","skipped","skipped"
"SP3999","MICHAEL SNELSON","CRAIG CONOVER","MARCIA CONOVER-HARRIS","skipped","skipped","skipped","skipped"
"SP4000","CRAIG JENSEN","AMANDA MILLER","DALE WATSON","XIMENA M. BISHOP","MICHAEL SNELSON","MARCIA CONOVER-HARRIS","CRAIG CONOVER"
"SP4001","CRAIG CONOVER","MARCIA CONOVER-HARRIS","MICHAEL SNELSON","skipped","skipped","skipped","skipped"
"SP4002","skipped","skipped","skipped","skipped","skipped","skipped","skipped"
"SP4003","CRAIG JENSEN","MICHAEL SNELSON","skipped","skipped","skipped","skipped","skipped"
"SP4004","MICHAEL SNELSON","CRAIG JENSEN","skipped","skipped","skipped","skipped","skipped"
"SP4005","AMANDA MILLER","XIMENA M. BISHOP","skipped","skipped","skipped","skipped","skipped"
"SP4006","DALE WATSON","XIMENA M. BISHOP","MICHAEL SNELSON","CRAIG JENSEN","MARCIA CONOVER-HARRIS","AMANDA MILLER","CRAIG CONOVER"
"SP4007","MARCIA CONOVER-HARRIS","CRAIG JENSEN","MICHAEL SNELSON","skipped","skipped","skipped","skipped"
"SP4008","CRAIG JENSEN","MARCIA CONOVER-HARRIS","MICHAEL SNELSON","XIMENA M. BISHOP","CRAIG CONOVER","skipped","skipped"
"SP4009","XIMENA M. BISHOP","CRAIG JENSEN","skipped","skipped","skipped","skipped","skipped"
"SP4010","MICHAEL SNELSON","CRAIG JENSEN","CRAIG CONOVER","AMANDA MILLER","DALE WATSON","XIMENA M. BISHOP","MARCIA CONOVER-HARRIS"
"SP4011","XIMENA M. BISHOP","CRAIG CONOVER","MICHAEL SNELSON","MARCIA CONOVER-HARRIS","CRAIG JENSEN","DALE WATSON","AMANDA MILLER"
"SP4012","CRAIG JENSEN","CRAIG CONOVER","DALE WATSON","MICHAEL SNELSON","XIMENA M. BISHOP","MARCIA CONOVER-HARRIS","AMANDA MILLER"
"SP4013","DALE WATSON","CRAIG JENSEN","MICHAEL SNELSON","skipped","skipped","skipped","skipped"
"SP4014","MICHAEL SNELSON","CRAIG CONOVER","XIMENA M. BISHOP","CRAIG JENSEN","MARCIA CONOVER-HARRIS","DALE WATSON","AMANDA MILLER"
"SP4015","MICHAEL SNELSON","AMANDA MILLER","XIMENA M. BISHOP","CRAIG CONOVER","MARCIA CONOVER-HARRIS","CRAIG JENSEN","DALE WATSON"
"SP4016","CRAIG JENSEN","MICHAEL SNELSON","DALE WATSON","AMANDA MILLER","XIMENA M. BISHOP","MARCIA CONOVER-HARRIS","CRAIG CONOVER"
"SP4017","AMANDA MILLER","MARCIA CONOVER-HARRIS","CRAIG JENSEN","CRAIG CONOVER","MICHAEL SNELSON","XIMENA M. BISHOP","DALE WATSON"
"SP4018","CRAIG JENSEN","MICHAEL SNELSON","DALE WATSON","CRAIG CONOVER","XIMENA M. BISHOP","MARCIA CONOVER-HARRIS","AMANDA MILLER"
"SP4019","MICHAEL SNELSON","CRAIG JENSEN","XIMENA M. BISHOP","DALE WATSON","AMANDA MILLER","skipped","skipped"
"SP4020","AMANDA MILLER","DALE WATSON","MICHAEL SNELSON","CRAIG JENSEN","CRAIG CONOVER","XIMENA M. BISHOP","MARCIA CONOVER-HARRIS"
"SP4021","MICHAEL SNELSON","CRAIG JENSEN","XIMENA M. BISHOP","DALE WATSON","AMANDA MILLER","skipped","skipped"
"SP4022","MICHAEL SNELSON","CRAIG CONOVER","MARCIA CONOVER-HARRIS","skipped","skipped","skipped","skipped"
"SP4023","DALE WATSON","XIMENA M. BISHOP","AMANDA MILLER","MARCIA CONOVER-HARRIS","MICHAEL SNELSON","CRAIG JENSEN","CRAIG CONOVER"
"SP4024","CRAIG CONOVER","CRAIG JENSEN","MICHAEL SNELSON","XIMENA M. BISHOP","DALE WATSON","MARCIA CONOVER-HARRIS","AMANDA MILLER"
"SP4025","MICHAEL SNELSON","CRAIG JENSEN","DALE WATSON","CRAIG CONOVER","AMANDA MILLER","MARCIA CONOVER-HARRIS","XIMENA M. BISHOP"
"SP4026","MICHAEL SNELSON","CRAIG JENSEN","CRAIG CONOVER","DALE WATSON","XIMENA M. BISHOP","MARCIA CONOVER-HARRIS","AMANDA MILLER"
"SP4027","AMANDA MILLER","DALE WATSON","MICHAEL SNELSON","skipped","skipped","skipped","skipped"
"SP4028","MICHAEL SNELSON","XIMENA M. BISHOP","MARCIA CONOVER-HARRIS","AMANDA MILLER","CRAIG JENSEN","CRAIG CONOVER","DALE WATSON"
"SP4029","MICHAEL SNELSON","AMANDA MILLER","CRAIG JENSEN","skipped","skipped","skipped","skipped"
"SP4030","MICHAEL SNELSON","CRAIG JENSEN","DALE WATSON","AMANDA MILLER","MARCIA CONOVER-HARRIS","CRAIG CONOVER","XIMENA M. BISHOP"
"SP4031","DALE WATSON","skipped","skipped","skipped","skipped","skipped","skipped"
"SP4032","MICHAEL SNELSON","MARCIA CONOVER-HARRIS","CRAIG CONOVER","CRAIG JENSEN","DALE WATSON","XIMENA M. BISHOP","AMANDA MILLER"
"SP4033","CRAIG CONOVER","MICHAEL SNELSON","XIMENA M. BISHOP","MARCIA CONOVER-HARRIS","CRAIG JENSEN","DALE WATSON","AMANDA MILLER"
"SP4034","MARCIA CONOVER-HARRIS","AMANDA MILLER","CRAIG CONOVER","CRAIG JENSEN","XIMENA M. BISHOP","DALE WATSON","MICHAEL SNELSON"
"SP4035","MICHAEL SNELSON","XIMENA M. BISHOP","DALE WATSON","AMANDA MILLER","CRAIG JENSEN","MARCIA CONOVER-HARRIS","CRAIG CONOVER"
"SP4036","skipped","skipped","skipped","skipped","skipped","skipped","skipped"
"SP4037","skipped","skipped","skipped","skipped","skipped","skipped","skipped"
"SP4038","MICHAEL SNELSON","AMANDA MILLER","XIMENA M. BISHOP","DALE WATSON","CRAIG JENSEN","CRAIG CONOVER","MARCIA CONOVER-HARRIS"
"SP4039","AMANDA MILLER","DALE WATSON","MICHAEL SNELSON","XIMENA M. BISHOP","MARCIA CONOVER-HARRIS","CRAIG JENSEN","CRAIG CONOVER"
"SP4040","skipped","skipped","skipped","skipped","skipped","skipped","skipped"
"SP4041","DALE WATSON","MICHAEL SNELSON","CRAIG JENSEN","CRAIG CONOVER","MARCIA CONOVER-HARRIS","XIMENA M. BISHOP","MARCIA CONOVER-HARRIS"
"SP4042","CRAIG JENSEN","MICHAEL SNELSON","CRAIG CONOVER","XIMENA M. BISHOP","AMANDA MILLER","MARCIA CONOVER-HARRIS","DALE WATSON"
"SP4043","CRAIG CONOVER","MARCIA CONOVER-HARRIS","MICHAEL SNELSON","CRAIG JENSEN","AMANDA MILLER","DALE WATSON","DALE WATSON"
"SP4044","CRAIG JENSEN","MARCIA CONOVER-HARRIS","XIMENA M. BISHOP","CRAIG CONOVER","MICHAEL SNELSON","AMANDA MILLER","DALE WATSON"
"SP4045","CRAIG CONOVER","DALE WATSON","MICHAEL SNELSON","CRAIG JENSEN","MARCIA CONOVER-HARRIS","AMANDA MILLER","XIMENA M. BISHOP"
"SP4046","MARCIA CONOVER-HARRIS","CRAIG CONOVER","CRAIG JENSEN","XIMENA M. BISHOP","MICHAEL SNELSON","DALE WATSON","AMANDA MILLER"
"SP4047","MARCIA CONOVER-HARRIS","DALE WATSON","CRAIG JENSEN","CRAIG CONOVER","MICHAEL SNELSON","AMANDA MILLER","XIMENA M. BISHOP"
"SP4048","MICHAEL SNELSON","CRAIG JENSEN","CRAIG CONOVER","DALE WATSON","XIMENA M. BISHOP","MARCIA CONOVER-HARRIS","AMANDA MILLER"
"SP4049","MICHAEL SNELSON","CRAIG CONOVER","MARCIA CONOVER-HARRIS","CRAIG JENSEN","AMANDA MILLER","DALE WATSON","XIMENA M. BISHOP"
"SP4050","CRAIG CONOVER","MARCIA CONOVER-HARRIS","CRAIG JENSEN","skipped","skipped","skipped","skipped"
"SP4051","XIMENA M. BISHOP","MARCIA CONOVER-HARRIS","AMANDA MILLER","DALE WATSON","CRAIG JENSEN","MICHAEL SNELSON","CRAIG CONOVER"
"SP4052","XIMENA M. BISHOP","DALE WATSON","AMANDA MILLER","skipped","skipped","skipped","skipped"
"SP4053","XIMENA M. BISHOP","MICHAEL SNELSON","CRAIG CONOVER","CRAIG JENSEN","AMANDA MILLER","MARCIA CONOVER-HARRIS","DALE WATSON"
"SP4054","CRAIG JENSEN","MICHAEL SNELSON","XIMENA M. BISHOP","DALE WATSON","skipped","skipped","skipped"
"SP4055","MARCIA CONOVER-HARRIS","CRAIG CONOVER","DALE WATSON","AMANDA MILLER","XIMENA M. BISHOP","MICHAEL SNELSON","CRAIG JENSEN"
"SP4056","MARCIA CONOVER-HARRIS","AMANDA MILLER","CRAIG JENSEN","DALE WATSON","MICHAEL SNELSON","XIMENA M. BISHOP","CRAIG CONOVER"
"SP4057","DALE WATSON","XIMENA M. BISHOP","MICHAEL SNELSON","CRAIG CONOVER","skipped","skipped","skipped"
"SP4058","XIMENA M. BISHOP","MICHAEL SNELSON","MARCIA CONOVER-HARRIS","CRAIG JENSEN","CRAIG CONOVER","AMANDA MILLER","DALE WATSON"
"SP4059","MICHAEL SNELSON","CRAIG JENSEN","AMANDA MILLER","DALE WATSON","XIMENA M. BISHOP","MARCIA CONOVER-HARRIS","CRAIG CONOVER"
"SP4060","MARCIA CONOVER-HARRIS","AMANDA MILLER","MICHAEL SNELSON","CRAIG JENSEN","CRAIG CONOVER","XIMENA M. BISHOP","DALE WATSON"
"SP4061","XIMENA M. BISHOP","MICHAEL SNELSON","skipped","skipped","skipped","skipped","skipped"
"SP4062","CRAIG CONOVER","DALE WATSON","XIMENA M. BISHOP","MICHAEL SNELSON","CRAIG JENSEN","MARCIA CONOVER-HARRIS","AMANDA MILLER"
"SP4063","MICHAEL SNELSON","DALE WATSON","CRAIG JENSEN","XIMENA M. BISHOP","AMANDA MILLER","MARCIA CONOVER-HARRIS","CRAIG CONOVER"
"SP4064","CRAIG JENSEN","MICHAEL SNELSON","AMANDA MILLER","XIMENA M. BISHOP","DALE WATSON","skipped","overvote"
"SP4065","MARCIA CONOVER-HARRIS","CRAIG CONOVER","XIMENA M. BISHOP","DALE WATSON","CRAIG JENSEN","MICHAEL SNELSON","AMANDA MILLER"
"SP4066","MICHAEL SNELSON","CRAIG JENSEN","XIMENA M. BISHOP","AMANDA MILLER","DALE WATSON","MARCIA CONOVER-HARRIS","CRAIG CONOVER"
"SP4067","MICHAEL SNELSON","CRAIG JENSEN","XIMENA M. BISHOP","DALE WATSON","AMANDA MILLER","MARCIA CONOVER-HARRIS","CRAIG CONOVER"
"SP4068","CRAIG JENSEN","MICHAEL SNELSON","DALE WATSON","AMANDA MILLER","MARCIA CONOVER-HARRIS","CRAIG CONOVER","XIMENA M. BISHOP"
"SP4069","CRAIG JENSEN","DALE WATSON","AMANDA MILLER","XIMENA M. BISHOP","MICHAEL SNELSON","CRAIG CONOVER","MARCIA CONOVER-HARRIS"
"SP4070","XIMENA M. BISHOP","MICHAEL SNELSON","CRAIG JENSEN","MARCIA CONOVER-HARRIS","CRAIG CONOVER","skipped","skipped"
"SP4071","MICHAEL SNELSON","CRAIG JENSEN","XIMENA M. BISHOP","DALE WATSON","AMANDA MILLER","CRAIG CONOVER","MARCIA CONOVER-HARRIS"
"SP4072","MICHAEL SNELSON","AMANDA MILLER","CRAIG JENSEN","skipped","skipped","skipped","skipped"
"SP4073","XIMENA M. BISHOP","CRAIG CONOVER","MARCIA CONOVER-HARRIS","MICHAEL SNELSON","DALE WATSON","CRAIG JENSEN","AMANDA MILLER"
"SP4074","DALE WATSON","MICHAEL SNELSON","CRAIG JENSEN","CRAIG CONOVER","AMANDA MILLER","XIMENA M. BISHOP","MARCIA CONOVER-HARRIS"
"SP4075","DALE WATSON","XIMENA M. BISHOP","MICHAEL SNELSON","MARCIA CONOVER-HARRIS","CRAIG JENSEN","AMANDA MILLER","CRAIG CONOVER"
"SP4076","MICHAEL SNELSON","CRAIG JENSEN","CRAIG CONOVER","DALE WATSON","XIMENA M. BISHOP","MARCIA CONOVER-HARRIS","AMANDA MILLER"
"SP4077","MICHAEL SNELSON","CRAIG JENSEN","AMANDA MILLER","DALE WATSON","XIMENA M. BISHOP","MARCIA CONOVER-HARRIS","CRAIG CONOVER"
"SP4078","MARCIA CONOVER-HARRIS","CRAIG CONOVER","XIMENA M. BISHOP","MICHAEL SNELSON","CRAIG JENSEN","AMANDA MILLER","DALE WATSON"
"SP4079","MICHAEL SNELSON","CRAIG JENSEN","DALE WATSON","XIMENA M. BISHOP","AMANDA MILLER","CRAIG CONOVER","MARCIA CONOVER-HARRIS"
"SP4080","CRAIG CONOVER","MARCIA CONOVER-HARRIS","AMANDA MILLER","CRAIG JENSEN","MICHAEL SNELSON","XIMENA M. BISHOP","DALE WATSON"
"SP4081","MICHAEL SNELSON","CRAIG JENSEN","XIMENA M. BISHOP","AMANDA MILLER","DALE WATSON","MARCIA CONOVER-HARRIS","CRAIG CONOVER"
"SP4082","DALE WATSON","AMANDA MILLER","CRAIG JENSEN","MICHAEL SNELSON","CRAIG CONOVER","MARCIA CONOVER-HARRIS","XIMENA M. BISHOP"
"SP4083","AMANDA MILLER","CRAIG CONOVER","MARCIA CONOVER-HARRIS","CRAIG JENSEN","MICHAEL SNELSON","XIMENA M. BISHOP","DALE WATSON"
"SP4084","MICHAEL SNELSON","CRAIG JENSEN","DALE WATSON","MARCIA CONOVER-HARRIS","CRAIG CONOVER","XIMENA M. BISHOP","AMANDA MILLER"
"SP4085","MICHAEL SNELSON","CRAIG JENSEN","XIMENA M. BISHOP","AMANDA MILLER","DALE WATSON","CRAIG CONOVER","MARCIA CONOVER-HARRIS"
"SP4086","MICHAEL SNELSON","CRAIG CONOVER","MARCIA CONOVER-HARRIS","CRAIG JENSEN","DALE WATSON","AMANDA MILLER","XIMENA M. BISHOP"
"SP4087","CRAIG JENSEN","CRAIG CONOVER","XIMENA M. BISHOP","MICHAEL SNELSON","DALE WATSON","MARCIA CONOVER-HARRIS","AMANDA MILLER"
"SP4088","MARCIA CONOVER-HARRIS","CRAIG CONOVER","AMANDA MILLER","skipped","skipped","skipped","skipped"
"SP4089","skipped","skipped","skipped","skipped","skipped","skipped","skipped"
"SP4090","XIMENA M. BISHOP","CRAIG JENSEN","MICHAEL SNELSON","CRAIG CONOVER","AMANDA MILLER","MARCIA CONOVER-HARRIS","DALE WATSON"
"SP4091","CRAIG CONOVER","CRAIG JENSEN","MICHAEL SNELSON","XIMENA M. BISHOP","MARCIA CONOVER-HARRIS","DALE WATSON","AMANDA MILLER"
"SP4092","XIMENA M. BISHOP","CRAIG CONOVER","MARCIA CONOVER-HARRIS","DALE WATSON","skipped","skipped","skipped"
"SP4093","CRAIG JENSEN","MICHAEL SNELSON","CRAIG CONOVER","DALE WATSON","XIMENA M. BISHOP","MARCIA CONOVER-HARRIS","AMANDA MILLER"
"SP4094","CRAIG JENSEN","MICHAEL SNELSON","XIMENA M. BISHOP","DALE WATSON","AMANDA MILLER","MARCIA CONOVER-HARRIS","CRAIG CONOVER"
"SP4095","DALE WATSON","XIMENA M. BISHOP","AMANDA MILLER","skipped","skipped","skipped","skipped"
"SP4096","MICHAEL SNELSON","AMANDA MILLER","XIMENA M. BISHOP","CRAIG CONOVER","MARCIA CONOVER-HARRIS","CRAIG JENSEN","DALE WATSON"
"SP4097","skipped","skipped","skipped","skipped","skipped","skipped","skipped"
"SP4098","CRAIG JENSEN","MICHAEL SNELSON","DALE WATSON","CRAIG CONOVER","XIMENA M. BISHOP","MARCIA CONOVER-HARRIS","AMANDA MILLER"
"SP4099","MARCIA CONOVER-HARRIS","AMANDA MILLER","XIMENA M. BISHOP","CRAIG CONOVER","MICHAEL SNELSON","CRAIG JENSEN","DALE WATSON"
"SP4100","MICHAEL SNELSON","CRAIG JENSEN","AMANDA MILLER","DALE WATSON","MICHAEL SNELSON","XIMENA M. BISHOP","overvote"
"SP4101","XIMENA M. BISHOP","CRAIG JENSEN","skipped","skipped","skipped","skipped","skipped"
"SP4102","MICHAEL SNELSON","XIMENA M. BISHOP","CRAIG CONOVER","AMANDA MILLER","DALE WATSON","overvote","CRAIG JENSEN"
"SP4103","overvote","skipped","skipped","skipped","skipped","skipped","skipped"
"SP4104","AMANDA MILLER","XIMENA M. BISHOP","DALE WATSON","CRAIG JENSEN","MARCIA CONOVER-HARRIS","CRAIG CONOVER","MICHAEL SNELSON"
"SP4105","CRAIG CONOVER","skipped","skipped","skipped","skipped","skipped","skipped"
"SP4106","MICHAEL SNELSON","XIMENA M. BISHOP","AMANDA MILLER","CRAIG JENSEN","DALE WATSON","MARCIA CONOVER-HARRIS","CRAIG CONOVER"
"SP4107","MICHAEL SNELSON","CRAIG CONOVER","DALE WATSON","MARCIA CONOVER-HARRIS","AMANDA MILLER","CRAIG JENSEN","XIMENA M. BISHOP"
"SP4108","DALE WATSON","XIMENA M. BISHOP","XIMENA M. BISHOP","XIMENA M. BISHOP","AMANDA MILLER","AMANDA MILLER","AMANDA MILLER"
"SP4109","CRAIG JENSEN","MICHAEL SNELSON","CRAIG CONOVER","XIMENA M. BISHOP","DALE WATSON","AMANDA MILLER","MARCIA CONOVER-HARRIS"
"SP4110","CRAIG CONOVER","MARCIA CONOVER-HARRIS","MICHAEL SNELSON","XIMENA M. BISHOP","DALE WATSON","CRAIG JENSEN","AMANDA MILLER"
"SP4111","MICHAEL SNELSON","CRAIG CONOVER","CRAIG JENSEN","XIMENA M. BISHOP","AMANDA MILLER","DALE WATSON","MARCIA CONOVER-HARRIS"
"SP4112","CRAIG JENSEN","CRAIG CONOVER","MICHAEL SNELSON","MARCIA CONOVER-HARRIS","AMANDA MILLER","XIMENA M. BISHOP","DALE WATSON"
"SP4113","MARCIA CONOVER-HARRIS","CRAIG CONOVER","DALE WATSON","CRAIG JENSEN","XIMENA M. BISHOP","AMANDA MILLER","MICHAEL SNELSON"
"SP4114","CRAIG CONOVER","MARCIA CONOVER-HARRIS","AMANDA MILLER","CRAIG JENSEN","MICHAEL SNELSON","XIMENA M. BISHOP","DALE WATSON"
"SP4115","CRAIG JENSEN","CRAIG CONOVER","MICHAEL SNELSON","MARCIA CONOVER-HARRIS","AMANDA MILLER","XIMENA M. BISHOP","DALE WATSON"
"SP4116","XIMENA M. BISHOP","MARCIA CONOVER-HARRIS","MICHAEL SNELSON","CRAIG JENSEN","CRAIG CONOVER","AMANDA MILLER","DALE WATSON"
"SP4117","CRAIG JENSEN","skipped","skipped","skipped","skipped","skipped","skipped"
"SP4118","XIMENA M. BISHOP","DALE WATSON","CRAIG JENSEN","MICHAEL SNELSON","AMANDA MILLER","MARCIA CONOVER-HARRIS","CRAIG CONOVER"
"SP4119","CRAIG CONOVER","MARCIA CONOVER-HARRIS","skipped","skipped","skipped","skipped","skipped"
"SP4120","MICHAEL SNELSON","XIMENA M. BISHOP","CRAIG JENSEN","MARCIA CONOVER-HARRIS","DALE WATSON","CRAIG CONOVER","AMANDA MILLER"
"SP4121","CRAIG CONOVER","CRAIG JENSEN","MICHAEL SNELSON","MARCIA CONOVER-HARRIS","DALE WATSON","AMANDA MILLER","XIMENA M. BISHOP"
"SP4122","MICHAEL SNELSON","XIMENA M. BISHOP","CRAIG JENSEN","MARCIA CONOVER-HARRIS","DALE WATSON","CRAIG CONOVER","AMANDA MILLER"
"SP4123","AMANDA MILLER","MARCIA CONOVER-HARRIS","DALE WATSON","XIMENA M. BISHOP","MICHAEL SNELSON","CRAIG JENSEN","CRAIG CONOVER"
"SP4124","XIMENA M. BISHOP","MARCIA CONOVER-HARRIS","AMANDA MILLER","CRAIG CONOVER","CRAIG JENSEN","MICHAEL SNELSON","DALE WATSON"
"SP4125","MICHAEL SNELSON","CRAIG CONOVER","CRAIG JENSEN","DALE WATSON","MARCIA CONOVER-HARRIS","AMANDA MILLER","XIMENA M. BISHOP"
"SP4126","MICHAEL SNELSON","XIMENA M. BISHOP","DALE WATSON","CRAIG CONOVER","MARCIA CONOVER-HARRIS","AMANDA MILLER","CRAIG JENSEN"
"SP4127","CRAIG JENSEN","XIMENA M. BISHOP","MICHAEL SNELSON","CRAIG CONOVER","MARCIA CONOVER-HARRIS","AMANDA MILLER","DALE WATSON"
"SP4128","CRAIG CONOVER","MARCIA CONOVER-HARRIS","XIMENA M. BISHOP","MICHAEL SNELSON","skipped","skipped","skipped"
"SP4129","CRAIG JENSEN","MICHAEL SNELSON","DALE WATSON","CRAIG CONOVER","skipped","skipped","skipped"
"SP4130","MARCIA CONOVER-HARRIS","CRAIG CONOVER","XIMENA M. BISHOP","MICHAEL SNELSON","skipped","skipped","skipped"
"SP4131","CRAIG JENSEN","CRAIG CONOVER","DALE WATSON","MICHAEL SNELSON","MARCIA CONOVER-HARRIS","AMANDA MILLER","XIMENA M. BISHOP"
"SP4132","XIMENA M. BISHOP","AMANDA MILLER","CRAIG JENSEN","DALE WATSON","MICHAEL SNELSON","MARCIA CONOVER-HARRIS","CRAIG CONOVER"
"SP4133","MARCIA CONOVER-HARRIS","skipped","skipped","skipped","skipped","skipped","skipped"
"SP4134","MICHAEL SNELSON","XIMENA M. BISHOP","CRAIG JENSEN","MARCIA CONOVER-HARRIS","CRAIG CONOVER","AMANDA MILLER","DALE WATSON"
"SP4135","CRAIG JENSEN","DALE WATSON","MICHAEL SNELSON","XIMENA M. BISHOP","AMANDA MILLER","CRAIG CONOVER","MARCIA CONOVER-HARRIS"
"SP4136","CRAIG CONOVER","MARCIA CONOVER-HARRIS","CRAIG JENSEN","DALE WATSON","MICHAEL SNELSON","AMANDA MILLER","XIMENA M. BISHOP"
"SP4137","CRAIG JENSEN","MICHAEL SNELSON","MARCIA CONOVER-HARRIS","CRAIG CONOVER","DALE WATSON","XIMENA M. BISHOP","AMANDA MILLER"
"SP4138","MICHAEL SNELSON","CRAIG JENSEN","CRAIG CONOVER","MARCIA CONOVER-HARRIS","AMANDA MILLER","XIMENA M. BISHOP","DALE WATSON"
"SP4139","DALE WATSON","XIMENA M. BISHOP","XIMENA M. BISHOP","XIMENA M. BISHOP","AMANDA MILLER","AMANDA MILLER","AMANDA MILLER"
"SP4140","XIMENA M. BISHOP","MICHAEL SNELSON","CRAIG JENSEN","AMANDA MILLER","DALE WATSON","CRAIG CONOVER","MARCIA CONOVER-HARRIS"
"SP4141","XIMENA M. BISHOP","MICHAEL SNELSON","MARCIA CONOVER-HARRIS","skipped","skipped","skipped","skipped"
"SP4142","CRAIG JENSEN","MICHAEL SNELSON","XIMENA M. BISHOP","DALE WATSON","CRAIG CONOVER","MARCIA CONOVER-HARRIS","AMANDA MILLER"
"SP4143","CRAIG CONOVER","MARCIA CONOVER-HARRIS","XIMENA M. BISHOP","AMANDA MILLER","CRAIG JENSEN","MICHAEL SNELSON","DALE WATSON"
"SP4144","CRAIG CONOVER","MARCIA CONOVER-HARRIS","XIMENA M. BISHOP","DALE WATSON","AMANDA MILLER","CRAIG JENSEN","MICHAEL SNELSON"
"SP4145","DALE WATSON","XIMENA M. BISHOP","MICHAEL SNELSON","CRAIG JENSEN","CRAIG CONOVER","MARCIA CONOVER-HARRIS","AMANDA MILLER"
"SP4146","CRAIG CONOVER","MARCIA CONOVER-HARRIS","XIMENA M. BISHOP","AMANDA MILLER","CRAIG JENSEN","MICHAEL SNELSON","DALE WATSON"
"SP4147","MICHAEL SNELSON","DALE WATSON","CRAIG CONOVER","CRAIG JENSEN","XIMENA M. BISHOP","skipped","skipped"
"SP4148","CRAIG CONOVER","MICHAEL SNELSON","skipped","skipped","skipped","skipped","skipped"
"SP4149","MICHAEL SNELSON","DALE WATSON","CRAIG CONOVER","CRAIG JENSEN","XIMENA M. BISHOP","skipped","skipped"
"SP4150","CRAIG JENSEN","CRAIG CONOVER","AMANDA MILLER","MARCIA CONOVER-HARRIS","MICHAEL SNELSON","XIMENA M. BISHOP","DALE WATSON"
"SP4151","MICHAEL SNELSON","CRAIG JENSEN","CRAIG CONOVER","XIMENA M. BISHOP","DALE WATSON","MARCIA CONOVER-HARRIS","AMANDA MILLER"
"SP4152","CRAIG JENSEN","MARCIA CONOVER-HARRIS","CRAIG CONOVER","XIMENA M. BISHOP","DALE WATSON","MICHAEL SNELSON","AMANDA MILLER"
"SP4153","CRAIG CONOVER","MICHAEL SNELSON","DALE WATSON","XIMENA M. BISHOP","CRAIG JENSEN","MARCIA CONOVER-HARRIS","AMANDA MILLER"
"SP4154","XIMENA M. BISHOP","MARCIA CONOVER-HARRIS","CRAIG CONOVER","MICHAEL SNELSON","AMANDA MILLER","CRAIG JENSEN","DALE WATSON"
"SP4155","MICHAEL SNELSON","XIMENA M. BISHOP","AMANDA MILLER","CRAIG JENSEN","DALE WATSON","MARCIA CONOVER-HARRIS","CRAIG CONOVER"
"SP4156","MARCIA CONOVER-HARRIS","XIMENA M. BISHOP","CRAIG CONOVER","MICHAEL SNELSON","CRAIG JENSEN","skipped","skipped"
"SP4157","XIMENA M. BISHOP","MICHAEL SNELSON","MARCIA CONOVER-HARRIS","skipped","skipped","skipped","skipped"
"SP4158","MICHAEL SNELSON","CRAIG JENSEN","DALE WATSON","XIMENA M. BISHOP","AMANDA MILLER","MARCIA CONOVER-HARRIS","CRAIG CONOVER"
"SP4159","CRAIG JENSEN","MICHAEL SNELSON","XIMENA M. BISHOP","skipped","skipped","skipped","skipped"
"SP4160","DALE WATSON","MARCIA CONOVER-HARRIS","AMANDA MILLER","CRAIG CONOVER","MICHAEL SNELSON","CRAIG JENSEN","XIMENA M. BISHOP"
"SP4161","XIMENA M. BISHOP","MICHAEL SNELSON","CRAIG JENSEN","DALE WATSON","AMANDA MILLER","MARCIA CONOVER-HARRIS","CRAIG CONOVER"
"SP4162","CRAIG CONOVER","MARCIA CONOVER-HARRIS","skipped","skipped","skipped","skipped","skipped"
"SP4163","MICHAEL SNELSON","CRAIG JENSEN","XIMENA M. BISHOP","DALE WATSON","AMANDA MILLER","MARCIA CONOVER-HARRIS","CRAIG CONOVER"
"SP4164","MICHAEL SNELSON","XIMENA M. BISHOP","DALE WATSON","AMANDA MILLER","CRAIG JENSEN","CRAIG CONOVER","MARCIA CONOVER-HARRIS"
"SP4165","MICHAEL SNELSON","XIMENA M. BISHOP","CRAIG JENSEN","MARCIA CONOVER-HARRIS","CRAIG CONOVER","DALE WATSON","AMANDA MILLER"
"SP4166","XIMENA M. BISHOP","CRAIG CONOVER","MARCIA CONOVER-HARRIS","AMANDA MILLER","skipped","skipped","skipped"
"SP4167","DALE WATSON","MICHAEL SNELSON","CRAIG JENSEN","CRAIG CONOVER","MARCIA CONOVER-HARRIS","AMANDA MILLER","XIMENA M. BISHOP"
"SP4168","MICHAEL SNELSON","DALE WATSON","CRAIG CONOVER","AMANDA MILLER","CRAIG JENSEN","CRAIG CONOVER","XIMENA M. BISHOP"
"SP4169","MARCIA CONOVER-HARRIS","XIMENA M. BISHOP","CRAIG CONOVER","MICHAEL SNELSON","CRAIG JENSEN","AMANDA MILLER","DALE WATSON"
"SP4170","AMANDA MILLER","MARCIA CONOVER-HARRIS","DALE WATSON","XIMENA M. BISHOP","CRAIG CONOVER","CRAIG JENSEN","MICHAEL SNELSON"
"SP4171","MARCIA CONOVER-HARRIS","XIMENA M. BISHOP","CRAIG CONOVER","MICHAEL SNELSON","CRAIG JENSEN","DALE WATSON","AMANDA MILLER"
"SP4172","CRAIG CONOVER","MARCIA CONOVER-HARRIS","XIMENA M. BISHOP","MICHAEL SNELSON","skipped","skipped","skipped"
"SP4173","DALE WATSON","MARCIA CONOVER-HARRIS","CRAIG CONOVER","XIMENA M. BISHOP","MICHAEL SNELSON","CRAIG JENSEN","AMANDA MILLER"
"SP4174","CRAIG CONOVER","XIMENA M. BISHOP","MARCIA CONOVER-HARRIS","CRAIG JENSEN","MICHAEL SNELSON","AMANDA MILLER","DALE WATSON"
"SP4175","XIMENA M. BISHOP","MICHAEL SNELSON","skipped","skipped","skipped","skipped","skipped"
"SP4176","MICHAEL SNELSON","AMANDA MILLER","CRAIG JENSEN","XIMENA M. BISHOP","DALE WATSON","CRAIG CONOVER","MARCIA CONOVER-HARRIS"
"SP4177","XIMENA M. BISHOP","MICHAEL SNELSON","skipped","skipped","skipped","skipped","skipped"
"SP4178","XIMENA M. BISHOP","MICHAEL SNELSON","CRAIG CONOVER","MARCIA CONOVER-HARRIS","CRAIG JENSEN","DALE WATSON","AMANDA MILLER"
"SP4179","MICHAEL SNELSON","CRAIG CONOVER","CRAIG JENSEN","XIMENA M. BISHOP","AMANDA MILLER","MARCIA CONOVER-HARRIS","DALE WATSON"
"SP4180","DALE WATSON","MICHAEL SNELSON","CRAIG CONOVER","MARCIA CONOVER-HARRIS","CRAIG JENSEN","XIMENA M. BISHOP","AMANDA MILLER"
"SP4181","MARCIA CONOVER-HARRIS","XIMENA M. BISHOP","MICHAEL SNELSON","CRAIG CONOVER","CRAIG JENSEN","AMANDA MILLER","DALE WATSON"
"SP4182","MICHAEL SNELSON","CRAIG JENSEN","XIMENA M. BISHOP","DALE WATSON","AMANDA MILLER","MARCIA CONOVER-HARRIS","CRAIG CONOVER"
"SP4183","MICHAEL SNELSON","CRAIG JENSEN","XIMENA M. BISHOP","DALE WATSON","AMANDA MILLER","CRAIG CONOVER","MARCIA CONOVER-HARRIS"
"SP4184","AMANDA MILLER","CRAIG JENSEN","DALE WATSON","XIMENA M. BISHOP","MICHAEL SNELSON","MARCIA CONOVER-HARRIS","CRAIG CONOVER"
"SP4185","CRAIG JENSEN","MICHAEL SNELSON","XIMENA M. BISHOP","DALE WATSON","AMANDA MILLER","MARCIA CONOVER-HARRIS","CRAIG CONOVER"
"SP4186","CRAIG JENSEN","MARCIA CONOVER-HARRIS","MICHAEL SNELSON","XIMENA M. BISHOP","DALE WATSON","CRAIG CONOVER","AMANDA MILLER"
"SP4187","MICHAEL SNELSON","DALE WATSON","XIMENA M. BISHOP","CRAIG JENSEN","MARCIA CONOVER-HARRIS","AMANDA MILLER","CRAIG CONOVER"
"SP4188","MICHAEL SNELSON","AMANDA MILLER","CRAIG JENSEN","DALE WATSON","XIMENA M. BISHOP","MARCIA CONOVER-HARRIS","CRAIG CONOVER"
"SP4189","XIMENA M. BISHOP","CRAIG JENSEN","MICHAEL SNELSON","DALE WATSON","AMANDA MILLER","CRAIG CONOVER","MARCIA CONOVER-HARRIS"
"SP4190","XIMENA M. BISHOP","MARCIA CONOVER-HARRIS","AMANDA MILLER","CRAIG CONOVER","MICHAEL SNELSON","CRAIG JENSEN","DALE WATSON"
"SP4191","XIMENA M. BISHOP","CRAIG JENSEN","CRAIG CONOVER","MICHAEL SNELSON","MARCIA CONOVER-HARRIS","skipped","skipped"
"SP4192","MARCIA CONOVER-HARRIS","MICHAEL SNELSON","XIMENA M. BISHOP","CRAIG CONOVER","CRAIG JENSEN","skipped","skipped"
"SP4193","AMANDA MILLER","MARCIA CONOVER-HARRIS","XIMENA M. BISHOP","CRAIG CONOVER","DALE WATSON","CRAIG JENSEN","MICHAEL SNELSON"
"SP4194","XIMENA M. BISHOP","MICHAEL SNELSON","CRAIG CONOVER","MARCIA CONOVER-HARRIS","skipped","skipped","skipped"
"SP4195","CRAIG CONOVER","MARCIA CONOVER-HARRIS","skipped","skipped","skipped","skipped","skipped"
"SP4196","AMANDA MILLER","skipped","skipped","skipped","skipped","skipped","skipped"
"SP4197","MICHAEL SNELSON","CRAIG CONOVER","DALE WATSON","CRAIG JENSEN","MARCIA CONOVER-HARRIS","XIMENA M. BISHOP","AMANDA MILLER"
"SP4198","DALE WATSON","CRAIG JENSEN","MICHAEL SNELSON","MARCIA CONOVER-HARRIS","XIMENA M. BISHOP","CRAIG CONOVER","AMANDA MILLER"
"SP4199","CRAIG JENSEN","MICHAEL SNELSON","XIMENA M. BISHOP","MARCIA CONOVER-HARRIS","CRAIG CONOVER","AMANDA MILLER","DALE WATSON"
"SP4200","CRAIG CONOVER","CRAIG JENSEN","AMANDA MILLER","DALE WATSON","MICHAEL SNELSON","MARCIA CONOVER-HARRIS","XIMENA M. BISHOP"
"SP4201","MARCIA CONOVER-HARRIS","CRAIG CONOVER","DALE WATSON","XIMENA M. BISHOP","MICHAEL SNELSON","CRAIG JENSEN","AMANDA MILLER"
"SP4202","AMANDA MILLER","DALE WATSON","CRAIG JENSEN","MICHAEL SNELSON","MARCIA CONOVER-HARRIS","CRAIG CONOVER","XIMENA M. BISHOP"
"SP4203","MARCIA CONOVER-HARRIS","CRAIG CONOVER","MICHAEL SNELSON","XIMENA M. BISHOP","CRAIG JENSEN","AMANDA MILLER","DALE WATSON"
"SP4204","CRAIG JENSEN","MICHAEL SNELSON","DALE WATSON","AMANDA MILLER","XIMENA M. BISHOP","MARCIA CONOVER-HARRIS","CRAIG CONOVER"
"SP4205","MICHAEL SNELSON","CRAIG CONOVER","DALE WATSON","XIMENA M. BISHOP","MARCIA CONOVER-HARRIS","CRAIG JENSEN","AMANDA MILLER"
"SP4206","CRAIG CONOVER","MARCIA CONOVER-HARRIS","MICHAEL SNELSON","CRAIG JENSEN","AMANDA MILLER","DALE WATSON","XIMENA M. BISHOP"
"SP4207","MICHAEL SNELSON","CRAIG JENSEN","DALE WATSON","AMANDA MILLER","XIMENA M. BISHOP","CRAIG CONOVER","MARCIA CONOVER-HARRIS"
"SP4208","MICHAEL SNELSON","DALE WATSON","AMANDA MILLER","CRAIG JENSEN","CRAIG CONOVER","MARCIA CONOVER-HARRIS","XIMENA M. BISHOP"
"SP4209","MARCIA CONOVER-HARRIS","CRAIG CONOVER","AMANDA MILLER","CRAIG JENSEN","MICHAEL SNELSON","XIMENA M. BISHOP","DALE WATSON"
"SP4210","MICHAEL SNELSON","CRAIG JENSEN","CRAIG CONOVER","DALE WATSON","MARCIA CONOVER-HARRIS","AMANDA MILLER","XIMENA M. BISHOP"
"SP4211","CRAIG CONOVER","AMANDA MILLER","XIMENA M. BISHOP","DALE WATSON","MARCIA CONOVER-HARRIS","CRAIG JENSEN","MICHAEL SNELSON"
"SP4212","CRAIG CONOVER","MICHAEL SNELSON","DALE WATSON","CRAIG JENSEN","MARCIA CONOVER-HARRIS","XIMENA M. BISHOP","AMANDA MILLER"
"SP4213","MICHAEL SNELSON","CRAIG JENSEN","CRAIG CONOVER","DALE WATSON","MARCIA CONOVER-HARRIS","AMANDA MILLER","XIMENA M. BISHOP"
"SP4214","CRAIG JENSEN","MICHAEL SNELSON","skipped","skipped","skipped","skipped","skipped"
"SP4215","CRAIG JENSEN","MICHAEL SNELSON","CRAIG CONOVER","DALE WATSON","MARCIA CONOVER-HARRIS","AMANDA MILLER","XIMENA M. BISHOP"
"SP4216","CRAIG JENSEN","MICHAEL SNELSON","CRAIG CONOVER","MARCIA CONOVER-HARRIS","XIMENA M. BISHOP","AMANDA MILLER","DALE WATSON"
"SP4217","CRAIG JENSEN","MICHAEL SNELSON","skipped","skipped","skipped","skipped","skipped"
"SP4218","AMANDA MILLER","skipped","skipped","skipped","skipped","skipped","skipped"
"SP4219","MICHAEL SNELSON","CRAIG JENSEN","CRAIG CONOVER","MARCIA CONOVER-HARRIS","DALE WATSON","XIMENA M. BISHOP","AMANDA MILLER"
"SP4220","CRAIG CONOVER","MARCIA CONOVER-HARRIS","MICHAEL SNELSON","CRAIG JENSEN","DALE WATSON","XIMENA M. BISHOP","AMANDA MILLER"
"SP4221","AMANDA MILLER","MICHAEL SNELSON","CRAIG JENSEN","DALE WATSON","XIMENA M. BISHOP","CRAIG CONOVER","MARCIA CONOVER-HARRIS"
"SP4222","AMANDA MILLER","MICHAEL SNELSON","CRAIG JENSEN","DALE WATSON","XIMENA M. BISHOP","CRAIG CONOVER","MARCIA CONOVER-HARRIS"
"SP4223","MICHAEL SNELSON","DALE WATSON","AMANDA MILLER","CRAIG JENSEN","XIMENA M. BISHOP","MARCIA CONOVER-HARRIS","CRAIG CONOVER"
"SP4224","CRAIG JENSEN","skipped","skipped","skipped","skipped","skipped","skipped"
"SP4225","XIMENA M. BISHOP","MARCIA CONOVER-HARRIS","CRAIG CONOVER","MICHAEL SNELSON","DALE WATSON","CRAIG JENSEN","AMANDA MILLER"
"SP4226","CRAIG JENSEN","CRAIG CONOVER","MICHAEL SNELSON","XIMENA M. BISHOP","DALE WATSON","MARCIA CONOVER-HARRIS","AMANDA MILLER"
"SP4227","XIMENA M. BISHOP","MARCIA CONOVER-HARRIS","CRAIG CONOVER","MICHAEL SNELSON","CRAIG JENSEN","AMANDA MILLER","DALE WATSON"
"SP4228","CRAIG JENSEN","DALE WATSON","AMANDA MILLER","MICHAEL SNELSON","XIMENA M. BISHOP","CRAIG CONOVER","MARCIA CONOVER-HARRIS"
"SP4229","CRAIG JENSEN","CRAIG CONOVER","XIMENA M. BISHOP","MICHAEL SNELSON","DALE WATSON","MARCIA CONOVER-HARRIS","AMANDA MILLER"
"SP4230","CRAIG JENSEN","DALE WATSON","AMANDA MILLER","MICHAEL SNELSON","XIMENA M. BISHOP","CRAIG CONOVER","MARCIA CONOVER-HARRIS"
"SP4231","MICHAEL SNELSON","XIMENA M. BISHOP","CRAIG JENSEN","MARCIA CONOVER-HARRIS","AMANDA MILLER","CRAIG CONOVER","DALE WATSON"
"SP4232","DALE WATSON","CRAIG JENSEN","AMANDA MILLER","XIMENA M. BISHOP","CRAIG CONOVER","MARCIA CONOVER-HARRIS","MICHAEL SNELSON"
"SP4233","XIMENA M. BISHOP","MICHAEL SNELSON","CRAIG JENSEN","AMANDA MILLER","skipped","skipped","skipped"
"SP4234","XIMENA M. BISHOP","MARCIA CONOVER-HARRIS","CRAIG CONOVER","AMANDA MILLER","CRAIG JENSEN","MICHAEL SNELSON","DALE WATSON"
"SP4235","XIMENA M. BISHOP","AMANDA MILLER","MICHAEL SNELSON","CRAIG JENSEN","DALE WATSON","MARCIA CONOVER-HARRIS","CRAIG CONOVER"
"SP4236","MICHAEL SNELSON","CRAIG CONOVER","CRAIG JENSEN","DALE WATSON","MARCIA CONOVER-HARRIS","XIMENA M. BISHOP","AMANDA MILLER"
"SP4237","XIMENA M. BISHOP","CRAIG CONOVER","MARCIA CONOVER-HARRIS","MICHAEL SNELSON","CRAIG JENSEN","DALE WATSON","AMANDA MILLER"
"SP4238","CRAIG JENSEN","DALE WATSON","CRAIG CONOVER","MICHAEL SNELSON","AMANDA MILLER","XIMENA M. BISHOP","MARCIA CONOVER-HARRIS"
"SP4239","XIMENA M. BISHOP","AMANDA MILLER","MARCIA CONOVER-HARRIS","MICHAEL SNELSON","CRAIG CONOVER","CRAIG JENSEN","DALE WATSON"
"SP4240","CRAIG JENSEN","skipped","skipped","skipped","skipped","skipped","skipped"
"SP4241","XIMENA M. BISHOP","MICHAEL SNELSON","DALE WATSON","CRAIG CONOVER","MARCIA CONOVER-HARRIS","CRAIG JENSEN","AMANDA MILLER"
"SP4242","overvote","CRAIG JENSEN","MARCIA CONOVER-HARRIS","skipped","skipped","skipped","skipped"
"SP4243","XIMENA M. BISHOP","MICHAEL SNELSON","MARCIA CONOVER-HARRIS","CRAIG CONOVER","CRAIG JENSEN","DALE WATSON","AMANDA MILLER"
"SP4244","MICHAEL SNELSON","CRAIG JENSEN","AMANDA MILLER","XIMENA M. BISHOP","DALE WATSON","CRAIG CONOVER","MARCIA CONOVER-HARRIS"
"SP4245","XIMENA M. BISHOP","MICHAEL SNELSON","CRAIG JENSEN","CRAIG CONOVER","MARCIA CONOVER-HARRIS","AMANDA MILLER","DALE WATSON"
"SP4246","MICHAEL SNELSON","MARCIA CONOVER-HARRIS","DALE WATSON","XIMENA M. BISHOP","CRAIG CONOVER","AMANDA MILLER","CRAIG JENSEN"
"SP4247","XIMENA M. BISHOP","MARCIA CONOVER-HARRIS","CRAIG CONOVER","AMANDA MILLER","skipped","skipped","skipped"
"SP4248","DALE WATSON","XIMENA M. BISHOP","CRAIG CONOVER","MICHAEL SNELSON","CRAIG JENSEN","AMANDA MILLER","MARCIA CONOVER-HARRIS"
"SP4249","XIMENA M. BISHOP","MARCIA CONOVER-HARRIS","CRAIG CONOVER","AMANDA MILLER","skipped","skipped","skipped"
"SP4250","CRAIG JENSEN","MICHAEL SNELSON","DALE WATSON","CRAIG CONOVER","AMANDA MILLER","XIMENA M. BISHOP","MARCIA CONOVER-HARRIS"
"SP4251","CRAIG CONOVER","MICHAEL SNELSON","CRAIG JENSEN","XIMENA M. BISHOP","MARCIA CONOVER-HARRIS","DALE WATSON","AMANDA MILLER"
"SP4252","MICHAEL SNELSON","CRAIG JENSEN","CRAIG CONOVER","MARCIA CONOVER-HARRIS","AMANDA MILLER","DALE WATSON","XIMENA M. BISHOP"
"SP4253","MARCIA CONOVER-HARRIS","XIMENA M. BISHOP","MICHAEL SNELSON","CRAIG CONOVER","AMANDA MILLER","MARCIA CONOVER-HARRIS","DALE WATSON"
"SP4254","MICHAEL SNELSON","CRAIG JENSEN","CRAIG CONOVER","DALE WATSON","MARCIA CONOVER-HARRIS","AMANDA MILLER","XIMENA M. BISHOP"
"SP4255","XIMENA M. BISHOP","CRAIG CONOVER","skipped","skipped","skipped","skipped","skipped"
"SP4256","MICHAEL SNELSON","CRAIG JENSEN","DALE WATSON","AMANDA MILLER","XIMENA M. BISHOP","MARCIA CONOVER-HARRIS","CRAIG CONOVER"
"SP4257","XIMENA M. BISHOP","skipped","skipped","skipped","skipped","skipped","skipped"
"SP4258","MARCIA CONOVER-HARRIS","CRAIG JENSEN","MICHAEL SNELSON","XIMENA M. BISHOP","AMANDA MILLER","CRAIG CONOVER","DALE WATSON"
"SP4259","DALE WATSON","CRAIG JENSEN","XIMENA M. BISHOP","CRAIG CONOVER","skipped","skipped","skipped"
"SP4260","MARCIA CONOVER-HARRIS","CRAIG CONOVER","skipped","skipped","skipped","skipped","skipped"
"SP4261","MARCIA CONOVER-HARRIS","CRAIG CONOVER","skipped","skipped","skipped","skipped","skipped"
"SP4262","MICHAEL SNELSON","CRAIG JENSEN","DALE WATSON","AMANDA MILLER","XIMENA M. BISHOP","MARCIA CONOVER-HARRIS","CRAIG CONOVER"
"SP4263","CRAIG JENSEN","MICHAEL SNELSON","CRAIG CONOVER","skipped","skipped","skipped","skipped"
"SP4264","MARCIA CONOVER-HARRIS","CRAIG CONOVER","XIMENA M. BISHOP","AMANDA MILLER","DALE WATSON","MICHAEL SNELSON","CRAIG JENSEN"
"SP4265","MARCIA CONOVER-HARRIS","XIMENA M. BISHOP","CRAIG CONOVER","CRAIG JENSEN","MICHAEL SNELSON","DALE WATSON","AMANDA MILLER"
"SP4266","CRAIG JENSEN","MICHAEL SNELSON","skipped","skipped","skipped","skipped","skipped"
"SP4267","MICHAEL SNELSON","DALE WATSON","XIMENA M. BISHOP","CRAIG JENSEN","MARCIA CONOVER-HARRIS","CRAIG CONOVER","AMANDA MILLER"
"SP4268","CRAIG JENSEN","CRAIG CONOVER","MICHAEL SNELSON","XIMENA M. BISHOP","MARCIA CONOVER-HARRIS","AMANDA MILLER","DALE WATSON"
"SP4269","CRAIG CONOVER","CRAIG JENSEN","XIMENA M. BISHOP","DALE WATSON","MICHAEL SNELSON","MARCIA CONOVER-HARRIS","AMANDA MILLER"
"SP4270","CRAIG JENSEN","MICHAEL SNELSON","DALE WATSON","AMANDA MILLER","XIMENA M. BISHOP","CRAIG CONOVER","MARCIA CONOVER-HARRIS"
"SP4271","CRAIG JENSEN","MICHAEL SNELSON","DALE WATSON","XIMENA M. BISHOP","skipped","skipped","skipped"
"SP4272","MICHAEL SNELSON","CRAIG CONOVER","MARCIA CONOVER-HARRIS","DALE WATSON","CRAIG JENSEN","XIMENA M. BISHOP","AMANDA MILLER"
"SP4273","XIMENA M. BISHOP","MARCIA CONOVER-HARRIS","MICHAEL SNELSON","CRAIG JENSEN","CRAIG CONOVER","AMANDA MILLER","DALE WATSON"
"SP4274","XIMENA M. BISHOP","MARCIA CONOVER-HARRIS","AMANDA MILLER","CRAIG CONOVER","CRAIG JENSEN","MICHAEL SNELSON","DALE WATSON"
"SP4275","MARCIA CONOVER-HARRIS","CRAIG CONOVER","XIMENA M. BISHOP","AMANDA MILLER","DALE WATSON","MICHAEL SNELSON","CRAIG JENSEN"
"SP4276","MICHAEL SNELSON","CRAIG JENSEN","DALE WATSON","CRAIG CONOVER","MARCIA CONOVER-HARRIS","AMANDA MILLER","XIMENA M. BISHOP"
"SP4277","MARCIA CONOVER-HARRIS","CRAIG CONOVER","XIMENA M. BISHOP","AMANDA MILLER","DALE WATSON","MICHAEL SNELSON","CRAIG JENSEN"
"SP4278","MARCIA CONOVER-HARRIS","CRAIG CONOVER","XIMENA M. BISHOP","AMANDA MILLER","MICHAEL SNELSON","DALE WATSON","CRAIG JENSEN"
"SP4279","AMANDA MILLER","CRAIG CONOVER","XIMENA M. BISHOP","MARCIA CONOVER-HARRIS","CRAIG JENSEN","MICHAEL SNELSON","DALE WATSON"
"SP4280","MARCIA CONOVER-HARRIS","AMANDA MILLER","CRAIG CONOVER","CRAIG JENSEN","XIMENA M. BISHOP","MICHAEL SNELSON","DALE WATSON"
"SP4281","AMANDA MILLER","MICHAEL SNELSON","CRAIG CONOVER","MARCIA CONOVER-HARRIS","CRAIG JENSEN","DALE WATSON","XIMENA M. BISHOP"
"SP4282","MARCIA CONOVER-HARRIS","CRAIG CONOVER","AMANDA MILLER","CRAIG JENSEN","XIMENA M. BISHOP","MICHAEL SNELSON","DALE WATSON"
"SP4283","AMANDA MILLER","MARCIA CONOVER-HARRIS","CRAIG CONOVER","XIMENA M. BISHOP","CRAIG JENSEN","MICHAEL SNELSON","DALE WATSON"
"SP4284","XIMENA M. BISHOP","MARCIA CONOVER-HARRIS","CRAIG CONOVER","MICHAEL SNELSON","CRAIG JENSEN","DALE WATSON","AMANDA MILLER"
"SP4285","CRAIG JENSEN","MICHAEL SNELSON","CRAIG CONOVER","DALE WATSON","AMANDA MILLER","MARCIA CONOVER-HARRIS","XIMENA M. BISHOP"
"SP4286","XIMENA M. BISHOP","MARCIA CONOVER-HARRIS","MICHAEL SNELSON","AMANDA MILLER","CRAIG CONOVER","CRAIG JENSEN","DALE WATSON"
"SP4287","CRAIG JENSEN","MICHAEL SNELSON","CRAIG CONOVER","DALE WATSON","AMANDA MILLER","MARCIA CONOVER-HARRIS","XIMENA M. BISHOP"
"SP4288","CRAIG CONOVER","XIMENA M. BISHOP","CRAIG JENSEN","MICHAEL SNELSON","DALE WATSON","AMANDA MILLER","MARCIA CONOVER-HARRIS"
"SP4289","CRAIG JENSEN","MICHAEL SNELSON","CRAIG CONOVER","DALE WATSON","AMANDA MILLER","MARCIA CONOVER-HARRIS","XIMENA M. BISHOP"
"SP4290","CRAIG JENSEN","AMANDA MILLER","CRAIG CONOVER","MICHAEL SNELSON","MARCIA CONOVER-HARRIS","DALE WATSON","XIMENA M. BISHOP"
"SP4291","CRAIG CONOVER","MARCIA CONOVER-HARRIS","DALE WATSON","XIMENA M. BISHOP","AMANDA MILLER","CRAIG JENSEN","MICHAEL SNELSON"
"SP4292","MICHAEL SNELSON","DALE WATSON","CRAIG JENSEN","CRAIG CONOVER","MARCIA CONOVER-HARRIS","XIMENA M. BISHOP","AMANDA MILLER"
"SP4293","MICHAEL SNELSON","CRAIG CONOVER","AMANDA MILLER","XIMENA M. BISHOP","DALE WATSON","CRAIG JENSEN","MARCIA CONOVER-HARRIS"
"SP4294","MARCIA CONOVER-HARRIS","CRAIG JENSEN","XIMENA M. BISHOP","MICHAEL SNELSON","AMANDA MILLER","DALE WATSON","CRAIG CONOVER"
"SP4295","DALE WATSON","MICHAEL SNELSON","CRAIG CONOVER","AMANDA MILLER","CRAIG JENSEN","XIMENA M. BISHOP","MARCIA CONOVER-HARRIS"
"SP4296","XIMENA M. BISHOP","CRAIG JENSEN","DALE WATSON","MICHAEL SNELSON","AMANDA MILLER","MARCIA CONOVER-HARRIS","CRAIG CONOVER"
"SP4297","MICHAEL SNELSON","CRAIG CONOVER","skipped","skipped","skipped","skipped","skipped"
"SP4298","CRAIG JENSEN","CRAIG CONOVER","skipped","skipped","skipped","skipped","skipped"
"SP4299","MARCIA CONOVER-HARRIS","AMANDA MILLER","CRAIG JENSEN","DALE WATSON","MICHAEL SNELSON","XIMENA M. BISHOP","CRAIG CONOVER"
"SP4300","MARCIA CONOVER-HARRIS","AMANDA MILLER","CRAIG JENSEN","XIMENA M. BISHOP","MICHAEL SNELSON","DALE WATSON","CRAIG CONOVER"
"SP4301","AMANDA MILLER","MARCIA CONOVER-HARRIS","CRAIG JENSEN","CRAIG CONOVER","MICHAEL SNELSON","XIMENA M. BISHOP","DALE WATSON"
"SP4302","CRAIG JENSEN","CRAIG CONOVER","DALE WATSON","AMANDA MILLER","MICHAEL SNELSON","MARCIA CONOVER-HARRIS","XIMENA M. BISHOP"
"SP4303","CRAIG CONOVER","MARCIA CONOVER-HARRIS","CRAIG JENSEN","MICHAEL SNELSON","XIMENA M. BISHOP","AMANDA MILLER","DALE WATSON"
"SP4304","DALE WATSON","MICHAEL SNELSON","CRAIG CONOVER","MARCIA CONOVER-HARRIS","XIMENA M. BISHOP","CRAIG JENSEN","AMANDA MILLER"
"SP4305","CRAIG JENSEN","skipped","skipped","skipped","skipped","skipped","skipped"
"SP4306","DALE WATSON","MICHAEL SNELSON","CRAIG CONOVER","MARCIA CONOVER-HARRIS","XIMENA M. BISHOP","CRAIG JENSEN","AMANDA MILLER"
"SP4307","XIMENA M. BISHOP","MARCIA CONOVER-HARRIS","CRAIG CONOVER","AMANDA MILLER","skipped","skipped","skipped"
"SP4308","CRAIG JENSEN","CRAIG CONOVER","MICHAEL SNELSON","skipped","skipped","skipped","skipped"
"SP4309","CRAIG CONOVER","MARCIA CONOVER-HARRIS","CRAIG JENSEN","MICHAEL SNELSON","XIMENA M. BISHOP","AMANDA MILLER","DALE WATSON"
"SP4310","XIMENA M. BISHOP","MARCIA CONOVER-HARRIS","CRAIG CONOVER","AMANDA MILLER","skipped","skipped","skipped"
"SP4311","MICHAEL SNELSON","CRAIG JENSEN","DALE WATSON","CRAIG CONOVER","XIMENA M. BISHOP","MARCIA CONOVER-HARRIS","AMANDA MILLER"
"SP4312","AMANDA MILLER","MICHAEL SNELSON","CRAIG CONOVER","skipped","skipped","skipped","skipped"
"SP4313","MICHAEL SNELSON","CRAIG CONOVER","CRAIG JENSEN","XIMENA M. BISHOP","DALE WATSON","MARCIA CONOVER-HARRIS","AMANDA MILLER"
"SP4314","XIMENA M. BISHOP","MICHAEL SNELSON","MARCIA CONOVER-HARRIS","CRAIG JENSEN","CRAIG CONOVER","AMANDA MILLER","DALE WATSON"
"SP4315","DALE WATSON","MICHAEL SNELSON","CRAIG CONOVER","XIMENA M. BISHOP","CRAIG JENSEN","AMANDA MILLER","MARCIA CONOVER-HARRIS"
"SP4316","MICHAEL SNELSON","DALE WATSON","MARCIA CONOVER-HARRIS","CRAIG JENSEN","XIMENA M. BISHOP","CRAIG CONOVER","AMANDA MILLER"
"SP4317","XIMENA M. BISHOP","MARCIA CONOVER-HARRIS","CRAIG JENSEN","CRAIG CONOVER","AMANDA MILLER","skipped","skipped"
"SP4318","CRAIG CONOVER","XIMENA M. BISHOP","MARCIA CONOVER-HARRIS","MICHAEL SNELSON","CRAIG JENSEN","DALE WATSON","AMANDA MILLER"
"SP4319","AMANDA MILLER","MICHAEL SNELSON","skipped","skipped","skipped","skipped","skipped"
"SP4320","CRAIG CONOVER","XIMENA M. BISHOP","AMANDA MILLER","MARCIA CONOVER-HARRIS","CRAIG JENSEN","MICHAEL SNELSON","DALE WATSON"
"SP4321","XIMENA M. BISHOP","MARCIA CONOVER-HARRIS","AMANDA MILLER","MICHAEL SNELSON","CRAIG CONOVER","CRAIG JENSEN","DALE WATSON"
"SP4322","MARCIA CONOVER-HARRIS","AMANDA MILLER","MICHAEL SNELSON","CRAIG JENSEN","XIMENA M. BISHOP","DALE WATSON","CRAIG CONOVER"
"SP4323","XIMENA M. BISHOP","AMANDA MILLER","MICHAEL SNELSON","CRAIG JENSEN","skipped","skipped","skipped"
"SP4324","MICHAEL SNELSON","CRAIG JENSEN","CRAIG CONOVER","XIMENA M. BISHOP","MARCIA CONOVER-HARRIS","AMANDA MILLER","DALE WATSON"
"SP4325","AMANDA MILLER","MARCIA CONOVER-HARRIS","XIMENA M. BISHOP","CRAIG CONOVER","DALE WATSON","CRAIG JENSEN","MICHAEL SNELSON"
"SP4326","XIMENA M. BISHOP","MICHAEL SNELSON","MARCIA CONOVER-HARRIS","CRAIG CONOVER","CRAIG JENSEN","AMANDA MILLER","DALE WATSON"
"SP4327","CRAIG JENSEN","MICHAEL SNELSON","CRAIG CONOVER","XIMENA M. BISHOP","MARCIA CONOVER-HARRIS","AMANDA MILLER","DALE WATSON"
"SP4328","AMANDA MILLER","DALE WATSON","CRAIG JENSEN","CRAIG CONOVER","XIMENA M. BISHOP","MARCIA CONOVER-HARRIS","MICHAEL SNELSON"
"SP4329","MICHAEL SNELSON","CRAIG JENSEN","CRAIG CONOVER","XIMENA M. BISHOP","MARCIA CONOVER-HARRIS","AMANDA MILLER","DALE WATSON"
"SP4330","XIMENA M. BISHOP","MICHAEL SNELSON","CRAIG JENSEN","CRAIG CONOVER","MARCIA CONOVER-HARRIS","AMANDA MILLER","DALE WATSON"
"SP4331","MICHAEL SNELSON","CRAIG JENSEN","AMANDA MILLER","XIMENA M. BISHOP","DALE WATSON","CRAIG CONOVER","MARCIA CONOVER-HARRIS"
"SP4332","MARCIA CONOVER-HARRIS","XIMENA M. BISHOP","CRAIG CONOVER","AMANDA MILLER","DALE WATSON","MICHAEL SNELSON","skipped"
"SP4333","MICHAEL SNELSON","DALE WATSON","CRAIG JENSEN","XIMENA M. BISHOP","AMANDA MILLER","MARCIA CONOVER-HARRIS","CRAIG CONOVER"
"SP4334","MICHAEL SNELSON","CRAIG JENSEN","skipped","skipped","skipped","skipped","skipped"
"SP4335","CRAIG JENSEN","MICHAEL SNELSON","AMANDA MILLER","XIMENA M. BISHOP","DALE WATSON","CRAIG CONOVER","MARCIA CONOVER-HARRIS"
"SP4336","XIMENA M. BISHOP","MARCIA CONOVER-HARRIS","skipped","skipped","skipped","skipped","skipped"
"SP4337","XIMENA M. BISHOP","AMANDA MILLER","CRAIG CONOVER","CRAIG JENSEN","MICHAEL SNELSON","MARCIA CONOVER-HARRIS","DALE WATSON"
"SP4338","skipped","skipped","skipped","skipped","skipped","skipped","skipped"
"SP4339","MARCIA CONOVER-HARRIS","MICHAEL SNELSON","CRAIG CONOVER","CRAIG JENSEN","AMANDA MILLER","XIMENA M. BISHOP","DALE WATSON"
"SP4340","MICHAEL SNELSON","CRAIG CONOVER","CRAIG JENSEN","MARCIA CONOVER-HARRIS","XIMENA M. BISHOP","DALE WATSON","AMANDA MILLER"
"SP4341","XIMENA M. BISHOP","CRAIG CONOVER","CRAIG JENSEN","MICHAEL SNELSON","DALE WATSON","MARCIA CONOVER-HARRIS","AMANDA MILLER"
"SP4342","MICHAEL SNELSON","XIMENA M. BISHOP","CRAIG JENSEN","CRAIG CONOVER","AMANDA MILLER","MARCIA CONOVER-HARRIS","DALE WATSON"
"SP4343","XIMENA M. BISHOP","CRAIG JENSEN","MICHAEL SNELSON","skipped","skipped","skipped","skipped"
"SP4344","XIMENA M. BISHOP","CRAIG JENSEN","MICHAEL SNELSON","skipped","skipped","skipped","skipped"
"SP4345","XIMENA M. BISHOP","MICHAEL SNELSON","CRAIG JENSEN","AMANDA MILLER","skipped","skipped","skipped"
"SP4346","MARCIA CONOVER-HARRIS","MICHAEL SNELSON","CRAIG JENSEN","DALE WATSON","XIMENA M. BISHOP","CRAIG CONOVER","AMANDA MILLER"
"SP4347","MICHAEL SNELSON","CRAIG CONOVER","skipped","skipped","skipped","skipped","skipped"
"SP4348","MICHAEL SNELSON","DALE WATSON","XIMENA M. BISHOP","CRAIG JENSEN","MARCIA CONOVER-HARRIS","CRAIG CONOVER","AMANDA MILLER"
"SP4349","MICHAEL SNELSON","CRAIG CONOVER","AMANDA MILLER","MARCIA CONOVER-HARRIS","XIMENA M. BISHOP","skipped","skipped"
"SP4350","DALE WATSON","XIMENA M. BISHOP","AMANDA MILLER","CRAIG JENSEN","MICHAEL SNELSON","CRAIG CONOVER","MARCIA CONOVER-HARRIS"
"SP4351","XIMENA M. BISHOP","MARCIA CONOVER-HARRIS","MICHAEL SNELSON","AMANDA MILLER","CRAIG JENSEN","DALE WATSON","CRAIG CONOVER"
"SP4352","MICHAEL SNELSON","AMANDA MILLER","XIMENA M. BISHOP","MARCIA CONOVER-HARRIS","CRAIG JENSEN","CRAIG CONOVER","DALE WATSON"
"SP4353","DALE WATSON","XIMENA M. BISHOP","AMANDA MILLER","CRAIG JENSEN","MICHAEL SNELSON","CRAIG CONOVER","MARCIA CONOVER-HARRIS"
"SP4354","DALE WATSON","MICHAEL SNELSON","CRAIG CONOVER","MARCIA CONOVER-HARRIS","CRAIG JENSEN","XIMENA M. BISHOP","AMANDA MILLER"
"SP4355","MARCIA CONOVER-HARRIS","XIMENA M. BISHOP","MICHAEL SNELSON","CRAIG JENSEN","CRAIG CONOVER","DALE WATSON","AMANDA MILLER"
"SP4356","XIMENA M. BISHOP","CRAIG JENSEN","MICHAEL SNELSON","MARCIA CONOVER-HARRIS","CRAIG CONOVER","AMANDA MILLER","DALE WATSON"
"SP4357","AMANDA MILLER","DALE WATSON","XIMENA M. BISHOP","skipped","skipped","skipped","skipped"
"SP4358","CRAIG CONOVER","MICHAEL SNELSON","MARCIA CONOVER-HARRIS","skipped","skipped","skipped","skipped"
"SP4359","XIMENA M. BISHOP","CRAIG JENSEN","AMANDA MILLER","MARCIA CONOVER-HARRIS","skipped","skipped","skipped"
"SP4360","CRAIG CONOVER","MICHAEL SNELSON","XIMENA M. BISHOP","AMANDA MILLER","MARCIA CONOVER-HARRIS","CRAIG JENSEN","DALE WATSON"
"SP4361","skipped","skipped","skipped","skipped","skipped","skipped","skipped"
"SP4362","MICHAEL SNELSON","CRAIG JENSEN","AMANDA MILLER","XIMENA M. BISHOP","DALE WATSON","CRAIG CONOVER","MARCIA CONOVER-HARRIS"
"SP4363","XIMENA M. BISHOP","CRAIG CONOVER","MARCIA CONOVER-HARRIS","DALE WATSON","AMANDA MILLER","skipped","skipped"
"SP4364","AMANDA MILLER","MARCIA CONOVER-HARRIS","DALE WATSON","MICHAEL SNELSON","CRAIG CONOVER","CRAIG JENSEN","XIMENA M. BISHOP"
"SP4365","XIMENA M. BISHOP","MARCIA CONOVER-HARRIS","AMANDA MILLER","MICHAEL SNELSON","CRAIG CONOVER","CRAIG JENSEN","DALE WATSON"
"SP4366","AMANDA MILLER","MARCIA CONOVER-HARRIS","DALE WATSON","XIMENA M. BISHOP","CRAIG CONOVER","CRAIG JENSEN","MICHAEL SNELSON"
"SP4367","CRAIG CONOVER","MARCIA CONOVER-HARRIS","MICHAEL SNELSON","CRAIG JENSEN","DALE WATSON","XIMENA M. BISHOP","AMANDA MILLER"
"SP4368","MICHAEL SNELSON","CRAIG CONOVER","skipped","skipped","skipped","skipped","skipped"
"SP4369","MICHAEL SNELSON","XIMENA M. BISHOP","CRAIG JENSEN","MARCIA CONOVER-HARRIS","CRAIG CONOVER","skipped","skipped"
"SP4370","DALE WATSON","MICHAEL SNELSON","AMANDA MILLER","XIMENA M. BISHOP","skipped","skipped","skipped"
"SP4371","XIMENA M. BISHOP","MARCIA CONOVER-HARRIS","CRAIG CONOVER","MICHAEL SNELSON","DALE WATSON","CRAIG JENSEN","AMANDA MILLER"
"SP4372","XIMENA M. BISHOP","MARCIA CONOVER-HARRIS","AMANDA MILLER","CRAIG CONOVER","DALE WATSON","MICHAEL SNELSON","CRAIG JENSEN"
"SP4373","MARCIA CONOVER-HARRIS","XIMENA M. BISHOP","CRAIG CONOVER","MICHAEL SNELSON","CRAIG JENSEN","AMANDA MILLER","DALE WATSON"
"SP4374","MICHAEL SNELSON","CRAIG JENSEN","CRAIG CONOVER","MARCIA CONOVER-HARRIS","AMANDA MILLER","DALE WATSON","XIMENA M. BISHOP"
"SP4375","CRAIG CONOVER","MARCIA CONOVER-HARRIS","XIMENA M. BISHOP","MICHAEL SNELSON","CRAIG JENSEN","AMANDA MILLER","skipped"
"SP4376","MARCIA CONOVER-HARRIS","CRAIG CONOVER","XIMENA M. BISHOP","MICHAEL SNELSON","skipped","skipped","skipped"
"SP4377","CRAIG CONOVER","DALE WATSON","CRAIG JENSEN","MICHAEL SNELSON","XIMENA M. BISHOP","AMANDA MILLER","MARCIA CONOVER-HARRIS"
"SP4378","DALE WATSON","CRAIG JENSEN","AMANDA MILLER","XIMENA M. BISHOP","MARCIA CONOVER-HARRIS","CRAIG CONOVER","MICHAEL SNELSON"
"SP4379","CRAIG JENSEN","MICHAEL SNELSON","skipped","skipped","skipped","skipped","skipped"
"SP4380","XIMENA M. BISHOP","CRAIG CONOVER","MICHAEL SNELSON","MARCIA CONOVER-HARRIS","skipped","skipped","skipped"
"SP4381","CRAIG CONOVER","XIMENA M. BISHOP","MARCIA CONOVER-HARRIS","skipped","skipped","skipped","skipped"
"SP4382","AMANDA MILLER","MARCIA CONOVER-HARRIS","CRAIG CONOVER","CRAIG JENSEN","MICHAEL SNELSON","XIMENA M. BISHOP","DALE WATSON"
"SP4383","CRAIG CONOVER","MARCIA CONOVER-HARRIS","AMANDA MILLER","skipped","skipped","skipped","skipped"
"SP4384","CRAIG JENSEN","XIMENA M. BISHOP","MICHAEL SNELSON","MARCIA CONOVER-HARRIS","AMANDA MILLER","DALE WATSON","CRAIG CONOVER"
"SP4385","XIMENA M. BISHOP","MICHAEL SNELSON","AMANDA MILLER","MARCIA CONOVER-HARRIS","DALE WATSON","CRAIG JENSEN","CRAIG CONOVER"
"SP4386","CRAIG CONOVER","CRAIG JENSEN","MICHAEL SNELSON","XIMENA M. BISHOP","MARCIA CONOVER-HARRIS","DALE WATSON","AMANDA MILLER"
"SP4387","overvote","skipped","skipped","skipped","skipped","skipped","skipped"
"SP4388","CRAIG CONOVER","CRAIG JENSEN","skipped","skipped","skipped","skipped","skipped"
"SP4389","MARCIA CONOVER-HARRIS","CRAIG CONOVER","AMANDA MILLER","CRAIG JENSEN","MICHAEL SNELSON","DALE WATSON","XIMENA M. BISHOP"
"SP4390","MICHAEL SNELSON","CRAIG JENSEN","AMANDA MILLER","MARCIA CONOVER-HARRIS","CRAIG CONOVER","DALE WATSON","XIMENA M. BISHOP"
"SP4391","CRAIG CONOVER","MARCIA CONOVER-HARRIS","MICHAEL SNELSON","CRAIG JENSEN","DALE WATSON","XIMENA M. BISHOP","AMANDA MILLER"
"SP4392","XIMENA M. BISHOP","MICHAEL SNELSON","MARCIA CONOVER-HARRIS","CRAIG JENSEN","CRAIG CONOVER","AMANDA MILLER","DALE WATSON"
"SP4393","XIMENA M. BISHOP","MARCIA CONOVER-HARRIS","CRAIG CONOVER","DALE WATSON","MICHAEL SNELSON","CRAIG JENSEN","AMANDA MILLER"
"SP4394","CRAIG CONOVER","CRAIG JENSEN","AMANDA MILLER","MICHAEL SNELSON","MARCIA CONOVER-HARRIS","DALE WATSON","XIMENA M. BISHOP"
"SP4395","DALE WATSON","MICHAEL SNELSON","AMANDA MILLER","XIMENA M. BISHOP","skipped","skipped","skipped"
"SP4396","CRAIG CONOVER","skipped","skipped","skipped","skipped","skipped","skipped"
"SP4397","XIMENA M. BISHOP","CRAIG CONOVER","MICHAEL SNELSON","MARCIA CONOVER-HARRIS","CRAIG JENSEN","DALE WATSON","AMANDA MILLER"
"SP4398","CRAIG JENSEN","MARCIA CONOVER-HARRIS","AMANDA MILLER","CRAIG CONOVER","MICHAEL SNELSON","DALE WATSON","XIMENA M. BISHOP"
"SP4399","MARCIA CONOVER-HARRIS","CRAIG CONOVER","XIMENA M. BISHOP","AMANDA MILLER","MICHAEL SNELSON","DALE WATSON","CRAIG JENSEN"
"SP4400","MICHAEL SNELSON","CRAIG JENSEN","AMANDA MILLER","CRAIG CONOVER","XIMENA M. BISHOP","DALE WATSON","MARCIA CONOVER-HARRIS"
"SP4401","CRAIG JENSEN","XIMENA M. BISHOP","MICHAEL SNELSON","DALE WATSON","CRAIG CONOVER","AMANDA MILLER","MARCIA CONOVER-HARRIS"
"SP4402","MICHAEL SNELSON","XIMENA M. BISHOP","CRAIG CONOVER","AMANDA MILLER","MARCIA CONOVER-HARRIS","CRAIG JENSEN","DALE WATSON"
"SP4403","MARCIA CONOVER-HARRIS","CRAIG CONOVER","MICHAEL SNELSON","XIMENA M. BISHOP","CRAIG JENSEN","AMANDA MILLER","DALE WATSON"
"SP4404","MICHAEL SNELSON","DALE WATSON","CRAIG JENSEN","MARCIA CONOVER-HARRIS","XIMENA M. BISHOP","CRAIG CONOVER","skipped"
"SP4405","XIMENA M. BISHOP","DALE WATSON","CRAIG CONOVER","CRAIG JENSEN","MICHAEL SNELSON","AMANDA MILLER","MARCIA CONOVER-HARRIS"
"SP4406","DALE WATSON","XIMENA M. BISHOP","AMANDA MILLER","MARCIA CONOVER-HARRIS","CRAIG JENSEN","CRAIG CONOVER","MICHAEL SNELSON"
"SP4407","XIMENA M. BISHOP","MICHAEL SNELSON","CRAIG CONOVER","MARCIA CONOVER-HARRIS","CRAIG JENSEN","AMANDA MILLER","DALE WATSON"
"SP4408","MICHAEL SNELSON","CRAIG JENSEN","MARCIA CONOVER-HARRIS","CRAIG CONOVER","DALE WATSON","XIMENA M. BISHOP","AMANDA MILLER"
"SP4409","XIMENA M. BISHOP","CRAIG CONOVER","CRAIG JENSEN","MARCIA CONOVER-HARRIS","AMANDA MILLER","DALE WATSON","MICHAEL SNELSON"
"SP4410","CRAIG CONOVER","CRAIG JENSEN","DALE WATSON","MICHAEL SNELSON","MARCIA CONOVER-HARRIS","AMANDA MILLER","XIMENA M. BISHOP"
"SP4411","MARCIA CONOVER-HARRIS","CRAIG CONOVER","CRAIG JENSEN","DALE WATSON","XIMENA M. BISHOP","MICHAEL SNELSON","AMANDA MILLER"
"SP4412","CRAIG CONOVER","AMANDA MILLER","MARCIA CONOVER-HARRIS","DALE WATSON","XIMENA M. BISHOP","MICHAEL SNELSON","CRAIG JENSEN"
"SP4413","AMANDA MILLER","MICHAEL SNELSON","MARCIA CONOVER-HARRIS","XIMENA M. BISHOP","CRAIG CONOVER","DALE WATSON","CRAIG JENSEN"
"SP4414","XIMENA M. BISHOP","MARCIA CONOVER-HARRIS","MICHAEL SNELSON","DALE WATSON","AMANDA MILLER","CRAIG CONOVER","skipped"
"SP4415","XIMENA M. BISHOP","MICHAEL SNELSON","CRAIG JENSEN","DALE WATSON","CRAIG CONOVER","MARCIA CONOVER-HARRIS","AMANDA MILLER"
"SP4416","AMANDA MILLER","skipped","skipped","skipped","skipped","skipped","skipped"
"SP4417","AMANDA MILLER","skipped","skipped","skipped","skipped","skipped","skipped"
"SP4418","MICHAEL SNELSON","CRAIG JENSEN","MARCIA CONOVER-HARRIS","XIMENA M. BISHOP","AMANDA MILLER","DALE WATSON","CRAIG CONOVER"
"SP4419","MICHAEL SNELSON","XIMENA M. BISHOP","MARCIA CONOVER-HARRIS","CRAIG CONOVER","DALE WATSON","AMANDA MILLER","CRAIG JENSEN"
"SP4420","CRAIG CONOVER","AMANDA MILLER","MICHAEL SNELSON","MARCIA CONOVER-HARRIS","CRAIG JENSEN","XIMENA M. BISHOP","DALE WATSON"
"SP4421","CRAIG CONOVER","AMANDA MILLER","MICHAEL SNELSON","MARCIA CONOVER-HARRIS","CRAIG JENSEN","XIMENA M. BISHOP","DALE WATSON"
"SP4422","DALE WATSON","XIMENA M. BISHOP","CRAIG JENSEN","CRAIG CONOVER","MARCIA CONOVER-HARRIS","AMANDA MILLER","MICHAEL SNELSON"
"SP4423","XIMENA M. BISHOP","MICHAEL SNELSON","CRAIG JENSEN","AMANDA MILLER","skipped","skipped","skipped"
"SP4424","MICHAEL SNELSON","CRAIG CONOVER","CRAIG JENSEN","XIMENA M. BISHOP","AMANDA MILLER","MARCIA CONOVER-HARRIS","DALE WATSON"
"SP4425","MICHAEL SNELSON","MARCIA CONOVER-HARRIS","CRAIG CONOVER","XIMENA M. BISHOP","CRAIG JENSEN","DALE WATSON","AMANDA MILLER"
"SP4426","CRAIG JENSEN","MICHAEL SNELSON","skipped","skipped","skipped","skipped","skipped"
"SP4427","CRAIG CONOVER","MICHAEL SNELSON","MARCIA CONOVER-HARRIS","DALE WATSON","CRAIG JENSEN","AMANDA MILLER","XIMENA M. BISHOP"
"SP4428","CRAIG CONOVER","CRAIG JENSEN","MARCIA CONOVER-HARRIS","skipped","skipped","skipped","skipped"
"SP4429","MICHAEL SNELSON","XIMENA M. BISHOP","CRAIG CONOVER","CRAIG JENSEN","DALE WATSON","MARCIA CONOVER-HARRIS","AMANDA MILLER"
"SP4430","MICHAEL SNELSON","DALE WATSON","CRAIG JENSEN","MARCIA CONOVER-HARRIS","XIMENA M. BISHOP","CRAIG CONOVER","AMANDA MILLER"
"SP4431","MARCIA CONOVER-HARRIS","XIMENA M. BISHOP","CRAIG CONOVER","MICHAEL SNELSON","CRAIG JENSEN","AMANDA MILLER","DALE WATSON"
"SP4432","MARCIA CONOVER-HARRIS","MICHAEL SNELSON","XIMENA M. BISHOP","CRAIG CONOVER","DALE WATSON","CRAIG JENSEN","AMANDA MILLER"
"SP4433","XIMENA M. BISHOP","MICHAEL SNELSON","DALE WATSON","skipped","skipped","skipped","skipped"
"SP4434","MARCIA CONOVER-HARRIS","MICHAEL SNELSON","DALE WATSON","CRAIG JENSEN","CRAIG CONOVER","AMANDA MILLER","XIMENA M. BISHOP"
"SP4435","XIMENA M. BISHOP","MICHAEL SNELSON","DALE WATSON","skipped","skipped","skipped","skipped"
"SP4436","CRAIG CONOVER","CRAIG JENSEN","MICHAEL SNELSON","DALE WATSON","XIMENA M. BISHOP","AMANDA MILLER","MARCIA CONOVER-HARRIS"
"SP4437","MICHAEL SNELSON","DALE WATSON","XIMENA M. BISHOP","CRAIG CONOVER","MARCIA CONOVER-HARRIS","CRAIG JENSEN","AMANDA MILLER"
"SP4438","MICHAEL SNELSON","CRAIG JENSEN","CRAIG CONOVER","AMANDA MILLER","MARCIA CONOVER-HARRIS","XIMENA M. BISHOP","DALE WATSON"
"SP4439","MICHAEL SNELSON","MARCIA CONOVER-HARRIS","CRAIG CONOVER","skipped","skipped","skipped","skipped"
"SP4440","MICHAEL SNELSON","XIMENA M. BISHOP","skipped","skipped","skipped","skipped","skipped"
"SP4441","XIMENA M. BISHOP","AMANDA MILLER","CRAIG CONOVER","CRAIG JENSEN","DALE WATSON","MARCIA CONOVER-HARRIS","MICHAEL SNELSON"
"SP4442","XIMENA M. BISHOP","CRAIG CONOVER","MARCIA CONOVER-HARRIS","CRAIG JENSEN","MICHAEL SNELSON","DALE WATSON","AMANDA MILLER"
"SP4443","CRAIG CONOVER","MICHAEL SNELSON","XIMENA M. BISHOP","CRAIG JENSEN","DALE WATSON","MARCIA CONOVER-HARRIS","AMANDA MILLER"
"SP4444","XIMENA M. BISHOP","CRAIG JENSEN","AMANDA MILLER","DALE WATSON","CRAIG CONOVER","MARCIA CONOVER-HARRIS","MICHAEL SNELSON"
"SP4445","CRAIG JENSEN","MICHAEL SNELSON","MARCIA CONOVER-HARRIS","XIMENA M. BISHOP","CRAIG CONOVER","AMANDA MILLER","DALE WATSON"
"SP4446","XIMENA M. BISHOP","MARCIA CONOVER-HARRIS","AMANDA MILLER","MICHAEL SNELSON","DALE WATSON","CRAIG JENSEN","CRAIG CONOVER"
"SP4447","CRAIG JENSEN","XIMENA M. BISHOP","DALE WATSON","AMANDA MILLER","MICHAEL SNELSON","MARCIA CONOVER-HARRIS","CRAIG CONOVER"
"SP4448","AMANDA MILLER","MICHAEL SNELSON","CRAIG CONOVER","skipped","skipped","skipped","skipped"
"SP4449","XIMENA M. BISHOP","MARCIA CONOVER-HARRIS","CRAIG CONOVER","CRAIG JENSEN","MICHAEL SNELSON","AMANDA MILLER","DALE WATSON"
"SP4450","CRAIG CONOVER","MARCIA CONOVER-HARRIS","MICHAEL SNELSON","DALE WATSON","CRAIG JENSEN","AMANDA MILLER","XIMENA M. BISHOP"
"SP4451","XIMENA M. BISHOP","MARCIA CONOVER-HARRIS","DALE WATSON","skipped","skipped","skipped","skipped"
"SP4452","XIMENA M. BISHOP","MARCIA CONOVER-HARRIS","DALE WATSON","skipped","skipped","skipped","skipped"
"SP4453","DALE WATSON","MICHAEL SNELSON","CRAIG CONOVER","XIMENA M. BISHOP","CRAIG JENSEN","AMANDA MILLER","MARCIA CONOVER-HARRIS"
"SP4454","CRAIG CONOVER","MICHAEL SNELSON","DALE WATSON","CRAIG JENSEN","MARCIA CONOVER-HARRIS","AMANDA MILLER","XIMENA M. BISHOP"
"SP4455","XIMENA M. BISHOP","MICHAEL SNELSON","AMANDA MILLER","MARCIA CONOVER-HARRIS","CRAIG JENSEN","DALE WATSON","CRAIG CONOVER"
"SP4456","DALE WATSON","MICHAEL SNELSON","CRAIG JENSEN","AMANDA MILLER","MARCIA CONOVER-HARRIS","CRAIG CONOVER","XIMENA M. BISHOP"
"SP4457","DALE WATSON","XIMENA M. BISHOP","MICHAEL SNELSON","CRAIG JENSEN","AMANDA MILLER","MARCIA CONOVER-HARRIS","CRAIG CONOVER"
"SP4458","CRAIG CONOVER","DALE WATSON","MICHAEL SNELSON","MARCIA CONOVER-HARRIS","XIMENA M. BISHOP","CRAIG JENSEN","AMANDA MILLER"
"SP4459","skipped","skipped","skipped","skipped","skipped","skipped","skipped"
"SP4460","CRAIG JENSEN","XIMENA M. BISHOP","MICHAEL SNELSON","skipped","skipped","skipped","skipped"
"SP4461","CRAIG JENSEN","MICHAEL SNELSON","XIMENA M. BISHOP","DALE WATSON","CRAIG CONOVER","MARCIA CONOVER-HARRIS","AMANDA MILLER"
"SP4462","MICHAEL SNELSON","CRAIG JENSEN","CRAIG CONOVER","MARCIA CONOVER-HARRIS","AMANDA MILLER","XIMENA M. BISHOP","DALE WATSON"
"SP4463","CRAIG CONOVER","MARCIA CONOVER-HARRIS","skipped","skipped","skipped","skipped","skipped"
"SP4464","MICHAEL SNELSON","MARCIA CONOVER-HARRIS","skipped","skipped","skipped","skipped","skipped"
"SP4465","MICHAEL SNELSON","CRAIG JENSEN","MARCIA CONOVER-HARRIS","CRAIG CONOVER","DALE WATSON","AMANDA MILLER","XIMENA M. BISHOP"
"SP4466","CRAIG CONOVER","CRAIG JENSEN","MICHAEL SNELSON","DALE WATSON","MARCIA CONOVER-HARRIS","AMANDA MILLER","XIMENA M. BISHOP"
"SP4467","CRAIG CONOVER","skipped","skipped","skipped","skipped","skipped","skipped"
"SP4468","MICHAEL SNELSON","CRAIG CONOVER","CRAIG JENSEN","MARCIA CONOVER-HARRIS","AMANDA MILLER","XIMENA M. BISHOP","DALE WATSON"
"SP4469","CRAIG CONOVER","MARCIA CONOVER-HARRIS","skipped","skipped","skipped","skipped","skipped"
"SP4470","skipped","skipped","skipped","skipped","skipped","skipped","skipped"
"SP4471","XIMENA M. BISHOP","MICHAEL SNELSON","DALE WATSON","CRAIG JENSEN","MARCIA CONOVER-HARRIS","CRAIG CONOVER","AMANDA MILLER"
"SP4472","CRAIG CONOVER","MARCIA CONOVER-HARRIS","skipped","skipped","skipped","skipped","skipped"
"SP4473","MARCIA CONOVER-HARRIS","AMANDA MILLER","CRAIG JENSEN","CRAIG CONOVER","MICHAEL SNELSON","DALE WATSON","XIMENA M. BISHOP"
"SP4474","CRAIG JENSEN","MICHAEL SNELSON","AMANDA MILLER","XIMENA M. BISHOP","CRAIG CONOVER","MARCIA CONOVER-HARRIS","DALE WATSON"
"SP4475","MICHAEL SNELSON","MARCIA CONOVER-HARRIS","CRAIG CONOVER","skipped","skipped","skipped","skipped"
"SP4476","MICHAEL SNELSON","DALE WATSON","CRAIG JENSEN","CRAIG CONOVER","MARCIA CONOVER-HARRIS","AMANDA MILLER","XIMENA M. BISHOP"
"SP4477","DALE WATSON","XIMENA M. BISHOP","MICHAEL SNELSON","CRAIG JENSEN","CRAIG CONOVER","MARCIA CONOVER-HARRIS","AMANDA MILLER"
"SP4478","MICHAEL SNELSON","MARCIA CONOVER-HARRIS","CRAIG CONOVER","AMANDA MILLER","CRAIG JENSEN","XIMENA M. BISHOP","DALE WATSON"
"SP4479","MARCIA CONOVER-HARRIS","AMANDA MILLER","XIMENA M. BISHOP","DALE WATSON","MICHAEL SNELSON","CRAIG JENSEN","CRAIG CONOVER"
"SP4480","AMANDA MILLER","CRAIG CONOVER","CRAIG JENSEN","MICHAEL SNELSON","DALE WATSON","MARCIA CONOVER-HARRIS","XIMENA M. BISHOP"
"SP4481","CRAIG CONOVER","AMANDA MILLER","MARCIA CONOVER-HARRIS","MICHAEL SNELSON","DALE WATSON","CRAIG JENSEN","XIMENA M. BISHOP"
"SP4482","MARCIA CONOVER-HARRIS","DALE WATSON","CRAIG JENSEN","CRAIG CONOVER","MICHAEL SNELSON","AMANDA MILLER","XIMENA M. BISHOP"
"SP4483","CRAIG JENSEN","MICHAEL SNELSON","skipped","skipped","skipped","skipped","skipped"
"SP4484","XIMENA M. BISHOP","MARCIA CONOVER-HARRIS","CRAIG CONOVER","AMANDA MILLER","DALE WATSON","MICHAEL SNELSON","CRAIG JENSEN"
"SP4485","MICHAEL SNELSON","MARCIA CONOVER-HARRIS","XIMENA M. BISHOP","CRAIG CONOVER","CRAIG JENSEN","DALE WATSON","AMANDA MILLER"
"SP4486","XIMENA M. BISHOP","AMANDA MILLER","DALE WATSON","CRAIG JENSEN","MARCIA CONOVER-HARRIS","CRAIG CONOVER","MICHAEL SNELSON"
"SP4487","MICHAEL SNELSON","skipped","CRAIG CONOVER","skipped","skipped","skipped","skipped"
"SP4488","DALE WATSON","MICHAEL SNELSON","CRAIG JENSEN","CRAIG CONOVER","MARCIA CONOVER-HARRIS","AMANDA MILLER","XIMENA M. BISHOP"
"SP4489","XIMENA M. BISHOP","MARCIA CONOVER-HARRIS","CRAIG CONOVER","AMANDA MILLER","DALE WATSON","skipped","skipped"
"SP4490","CRAIG CONOVER","MARCIA CONOVER-HARRIS","AMANDA MILLER","XIMENA M. BISHOP","DALE WATSON","MICHAEL SNELSON","CRAIG JENSEN"
"SP4491","CRAIG CONOVER","MICHAEL SNELSON","CRAIG JENSEN","DALE WATSON","MARCIA CONOVER-HARRIS","AMANDA MILLER","XIMENA M. BISHOP"
"SP4492","MICHAEL SNELSON","MARCIA CONOVER-HARRIS","XIMENA M. BISHOP","CRAIG CONOVER","CRAIG JENSEN","AMANDA MILLER","DALE WATSON"
"SP4493","XIMENA M. BISHOP","DALE WATSON","AMANDA MILLER","CRAIG JENSEN","MICHAEL SNELSON","MARCIA CONOVER-HARRIS","CRAIG CONOVER"
"SP4494","CRAIG CONOVER","MARCIA CONOVER-HARRIS","CRAIG JENSEN","MICHAEL SNELSON","AMANDA MILLER","XIMENA M. BISHOP","DALE WATSON"
"SP4495","CRAIG JENSEN","skipped","skipped","skipped","skipped","skipped","skipped"
"SP4496","CRAIG JENSEN","XIMENA M. BISHOP","CRAIG CONOVER","CRAIG JENSEN","MICHAEL SNELSON","MARCIA CONOVER-HARRIS","DALE WATSON"
"SP4497","skipped","skipped","skipped","skipped","skipped","skipped","skipped"
"SP4498","CRAIG JENSEN","XIMENA M. BISHOP","CRAIG CONOVER","AMANDA MILLER","MICHAEL SNELSON","MARCIA CONOVER-HARRIS","DALE WATSON"
"SP4499","CRAIG JENSEN","CRAIG CONOVER","MICHAEL SNELSON","MARCIA CONOVER-HARRIS","AMANDA MILLER","XIMENA M. BISHOP","DALE WATSON"
"SP4500","MICHAEL SNELSON","CRAIG JENSEN","skipped","skipped","skipped","skipped","skipped"
"SP4501","DALE WATSON","XIMENA M. BISHOP","MICHAEL SNELSON","CRAIG JENSEN","CRAIG CONOVER","MARCIA CONOVER-HARRIS","AMANDA MILLER"
"SP4502","AMANDA MILLER","MARCIA CONOVER-HARRIS","XIMENA M. BISHOP","MICHAEL SNELSON","skipped","skipped","skipped"
"SP4503","CRAIG CONOVER","skipped","skipped","skipped","skipped","skipped","skipped"
"SP4504","MICHAEL SNELSON","CRAIG CONOVER","CRAIG JENSEN","MARCIA CONOVER-HARRIS","AMANDA MILLER","DALE WATSON","XIMENA M. BISHOP"
"SP4505","skipped","skipped","skipped","skipped","skipped","skipped","skipped"
"SP4506","XIMENA M. BISHOP","MARCIA CONOVER-HARRIS","CRAIG JENSEN","MICHAEL SNELSON","DALE WATSON","skipped","skipped"
"SP4507","MICHAEL SNELSON","MARCIA CONOVER-HARRIS","AMANDA MILLER","CRAIG CONOVER","DALE WATSON","XIMENA M. BISHOP","CRAIG JENSEN"
"SP4508","MICHAEL SNELSON","AMANDA MILLER","MARCIA CONOVER-HARRIS","XIMENA M. BISHOP","DALE WATSON","CRAIG JENSEN","CRAIG CONOVER"
"SP4509","AMANDA MILLER","XIMENA M. BISHOP","CRAIG JENSEN","MICHAEL SNELSON","DALE WATSON","MARCIA CONOVER-HARRIS","CRAIG CONOVER"
"SP4510","MICHAEL SNELSON","skipped","skipped","skipped","skipped","skipped","skipped"
"SP4511","XIMENA M. BISHOP","MICHAEL SNELSON","CRAIG JENSEN","MARCIA CONOVER-HARRIS","AMANDA MILLER","skipped","skipped"
"SP4512","AMANDA MILLER","CRAIG CONOVER","CRAIG JENSEN","MARCIA CONOVER-HARRIS","XIMENA M. BISHOP","MICHAEL SNELSON","DALE WATSON"
"SP4513","CRAIG JENSEN","skipped","skipped","skipped","skipped","skipped","skipped"
"SP4514","XIMENA M. BISHOP","CRAIG JENSEN","CRAIG CONOVER","DALE WATSON","MICHAEL SNELSON","AMANDA MILLER","MARCIA CONOVER-HARRIS"
"SP4515","skipped","skipped","skipped","skipped","skipped","skipped","skipped"
"SP4516","CRAIG CONOVER","MICHAEL SNELSON","XIMENA M. BISHOP","MARCIA CONOVER-HARRIS","CRAIG JENSEN","DALE WATSON","AMANDA MILLER"
"SP4517","CRAIG CONOVER","MARCIA CONOVER-HARRIS","MICHAEL SNELSON","CRAIG JENSEN","XIMENA M. BISHOP","DALE WATSON","AMANDA MILLER"
"SP4518","CRAIG CONOVER","MICHAEL SNELSON","MARCIA CONOVER-HARRIS","AMANDA MILLER","DALE WATSON","XIMENA M. BISHOP","CRAIG JENSEN"
"SP4519","CRAIG CONOVER","MARCIA CONOVER-HARRIS","DALE WATSON","XIMENA M. BISHOP","MICHAEL SNELSON","CRAIG JENSEN","AMANDA MILLER"
"SP4520","DALE WATSON","XIMENA M. BISHOP","MICHAEL SNELSON","CRAIG JENSEN","CRAIG CONOVER","MARCIA CONOVER-HARRIS","AMANDA MILLER"
"SP4521","overvote","skipped","skipped","skipped","skipped","skipped","skipped"
"SP4522","MICHAEL SNELSON","DALE WATSON","CRAIG JENSEN","CRAIG CONOVER","AMANDA MILLER","MARCIA CONOVER-HARRIS","skipped"
"SP4523","CRAIG CONOVER","MARCIA CONOVER-HARRIS","DALE WATSON","MICHAEL SNELSON","CRAIG JENSEN","AMANDA MILLER","XIMENA M. BISHOP"
"SP4524","DALE WATSON","skipped","skipped","skipped","skipped","skipped","skipped"
"SP4525","MARCIA CONOVER-HARRIS","CRAIG JENSEN","DALE WATSON","AMANDA MILLER","MICHAEL SNELSON","XIMENA M. BISHOP","CRAIG CONOVER"
"SP4526","MICHAEL SNELSON","MARCIA CONOVER-HARRIS","XIMENA M. BISHOP","CRAIG JENSEN","CRAIG CONOVER","AMANDA MILLER","DALE WATSON"
"SP4527","AMANDA MILLER","DALE WATSON","XIMENA M. BISHOP","CRAIG JENSEN","CRAIG CONOVER","MICHAEL SNELSON","MARCIA CONOVER-HARRIS"
"SP4528","CRAIG CONOVER","MARCIA CONOVER-HARRIS","AMANDA MILLER","CRAIG JENSEN","MICHAEL SNELSON","XIMENA M. BISHOP","DALE WATSON"
"SP4529","MARCIA CONOVER-HARRIS","CRAIG CONOVER","DALE WATSON","CRAIG JENSEN","XIMENA M. BISHOP","AMANDA MILLER","MICHAEL SNELSON"
"SP4530","CRAIG JENSEN","CRAIG CONOVER","MARCIA CONOVER-HARRIS","MICHAEL SNELSON","skipped","skipped","skipped"
"SP4531","AMANDA MILLER","XIMENA M. BISHOP","MARCIA CONOVER-HARRIS","DALE WATSON","MICHAEL SNELSON","CRAIG JENSEN","CRAIG CONOVER"
"SP4532","MICHAEL SNELSON","CRAIG CONOVER","DALE WATSON","XIMENA M. BISHOP","MARCIA CONOVER-HARRIS","CRAIG JENSEN","AMANDA MILLER"
"SP4533","CRAIG CONOVER","MARCIA CONOVER-HARRIS","DALE WATSON","XIMENA M. BISHOP","MICHAEL SNELSON","CRAIG JENSEN","AMANDA MILLER"
"SP4534","MICHAEL SNELSON","CRAIG JENSEN","AMANDA MILLER","DALE WATSON","XIMENA M. BISHOP","CRAIG CONOVER","MARCIA CONOVER-HARRIS"
"SP4535","MICHAEL SNELSON","CRAIG CONOVER","MARCIA CONOVER-HARRIS","AMANDA MILLER","DALE WATSON","CRAIG JENSEN","XIMENA M. BISHOP"
"SP4536","MICHAEL SNELSON","AMANDA MILLER","DALE WATSON","CRAIG JENSEN","XIMENA M. BISHOP","MARCIA CONOVER-HARRIS","CRAIG CONOVER"
"SP4537","AMANDA MILLER","XIMENA M. BISHOP","MICHAEL SNELSON","CRAIG JENSEN","DALE WATSON","MARCIA CONOVER-HARRIS","CRAIG CONOVER"
"SP4538","CRAIG JENSEN","MICHAEL SNELSON","skipped","skipped","skipped","skipped","skipped"
"SP4539","CRAIG JENSEN","CRAIG CONOVER","XIMENA M. BISHOP","DALE WATSON","MICHAEL SNELSON","CRAIG CONOVER","overvote"
"SP4540","CRAIG CONOVER","AMANDA MILLER","MICHAEL SNELSON","CRAIG JENSEN","DALE WATSON","XIMENA M. BISHOP","MARCIA CONOVER-HARRIS"
"SP4541","CRAIG JENSEN","CRAIG CONOVER","MARCIA CONOVER-HARRIS","DALE WATSON","MICHAEL SNELSON","XIMENA M. BISHOP","AMANDA MILLER"
"SP4542","MICHAEL SNELSON","CRAIG CONOVER","skipped","skipped","skipped","skipped","skipped"
"SP4543","MICHAEL SNELSON","XIMENA M. BISHOP","AMANDA MILLER","CRAIG JENSEN","CRAIG CONOVER","MARCIA CONOVER-HARRIS","DALE WATSON"
"SP4544","XIMENA M. BISHOP","MARCIA CONOVER-HARRIS","CRAIG CONOVER","CRAIG JENSEN","MICHAEL SNELSON","DALE WATSON","skipped"
"SP4545","MICHAEL SNELSON","CRAIG JENSEN","MARCIA CONOVER-HARRIS","AMANDA MILLER","DALE WATSON","XIMENA M. BISHOP","CRAIG CONOVER"
"SP4546","MICHAEL SNELSON","CRAIG CONOVER","MARCIA CONOVER-HARRIS","CRAIG JENSEN","XIMENA M. BISHOP","DALE WATSON","AMANDA MILLER"
"SP4547","MICHAEL SNELSON","CRAIG JENSEN","DALE WATSON","XIMENA M. BISHOP","MARCIA CONOVER-HARRIS","AMANDA MILLER","CRAIG CONOVER"
"SP4548","MARCIA CONOVER-HARRIS","CRAIG CONOVER","XIMENA M. BISHOP","AMANDA MILLER","DALE WATSON","MICHAEL SNELSON","CRAIG JENSEN"
"SP4549","CRAIG CONOVER","MARCIA CONOVER-HARRIS","skipped","skipped","skipped","skipped","skipped"
"SP4550","XIMENA M. BISHOP","AMANDA MILLER","MARCIA CONOVER-HARRIS","MICHAEL SNELSON","CRAIG JENSEN","DALE WATSON","CRAIG CONOVER"
"SP4551","CRAIG CONOVER","MARCIA CONOVER-HARRIS","XIMENA M. BISHOP","DALE WATSON","AMANDA MILLER","CRAIG JENSEN","MICHAEL SNELSON"
"SP4552","XIMENA M. BISHOP","CRAIG JENSEN","skipped","skipped","skipped","skipped","skipped"
"SP4553","XIMENA M. BISHOP","MARCIA CONOVER-HARRIS","CRAIG JENSEN","MICHAEL SNELSON","CRAIG CONOVER","skipped","skipped"
"SP4554","MICHAEL SNELSON","CRAIG CONOVER","XIMENA M. BISHOP","CRAIG JENSEN","DALE WATSON","MARCIA CONOVER-HARRIS","AMANDA MILLER"
"SP4555","MARCIA CONOVER-HARRIS","CRAIG CONOVER","XIMENA M. BISHOP","CRAIG JENSEN","MICHAEL SNELSON","DALE WATSON","AMANDA MILLER"
"SP4556","AMANDA MILLER","CRAIG JENSEN","CRAIG CONOVER","MICHAEL SNELSON","DALE WATSON","XIMENA M. BISHOP","MARCIA CONOVER-HARRIS"
"SP4557","CRAIG CONOVER","CRAIG JENSEN","MICHAEL SNELSON","XIMENA M. BISHOP","AMANDA MILLER","MARCIA CONOVER-HARRIS","DALE WATSON"
"SP4558","MARCIA CONOVER-HARRIS","CRAIG CONOVER","XIMENA M. BISHOP","CRAIG JENSEN","MICHAEL SNELSON","DALE WATSON","AMANDA MILLER"
"SP4559","MICHAEL SNELSON","CRAIG CONOVER","skipped","skipped","skipped","skipped","skipped"
"SP4560","CRAIG CONOVER","MARCIA CONOVER-HARRIS","MICHAEL SNELSON","XIMENA M. BISHOP","CRAIG JENSEN","AMANDA MILLER","DALE WATSON"
"SP4561","AMANDA MILLER","XIMENA M. BISHOP","CRAIG CONOVER","MICHAEL SNELSON","CRAIG JENSEN","MARCIA CONOVER-HARRIS","DALE WATSON"
"SP4562","CRAIG JENSEN","XIMENA M. BISHOP","MICHAEL SNELSON","DALE WATSON","AMANDA MILLER","MARCIA CONOVER-HARRIS","CRAIG CONOVER"
"SP4563","MARCIA CONOVER-HARRIS","AMANDA MILLER","MICHAEL SNELSON","DALE WATSON","XIMENA M. BISHOP","CRAIG CONOVER","CRAIG JENSEN"
"SP4564","XIMENA M. BISHOP","MARCIA CONOVER-HARRIS","AMANDA MILLER","DALE WATSON","MICHAEL SNELSON","overvote","CRAIG CONOVER"
"SP4565","DALE WATSON","CRAIG CONOVER","skipped","skipped","skipped","skipped","skipped"
"SP4566","CRAIG JENSEN","DALE WATSON","MICHAEL SNELSON","CRAIG CONOVER","MARCIA CONOVER-HARRIS","XIMENA M. BISHOP","AMANDA MILLER"
"SP4567","DALE WATSON","XIMENA M. BISHOP","AMANDA MILLER","MARCIA CONOVER-HARRIS","CRAIG CONOVER","CRAIG JENSEN","MICHAEL SNELSON"
"SP4568","CRAIG JENSEN","DALE WATSON","AMANDA MILLER","CRAIG CONOVER","MICHAEL SNELSON","XIMENA M. BISHOP","MARCIA CONOVER-HARRIS"
"SP4569","DALE WATSON","CRAIG CONOVER","skipped","skipped","skipped","skipped","skipped"
"SP4570","MICHAEL SNELSON","CRAIG JENSEN","CRAIG CONOVER","MARCIA CONOVER-HARRIS","DALE WATSON","XIMENA M. BISHOP","AMANDA MILLER"
"SP4571","CRAIG CONOVER","MICHAEL SNELSON","MARCIA CONOVER-HARRIS","skipped","skipped","skipped","skipped"
"SP4572","CRAIG JENSEN","CRAIG CONOVER","DALE WATSON","AMANDA MILLER","MICHAEL SNELSON","MARCIA CONOVER-HARRIS","XIMENA M. BISHOP"
"SP4573","XIMENA M. BISHOP","CRAIG JENSEN","MICHAEL SNELSON","AMANDA MILLER","MARCIA CONOVER-HARRIS","DALE WATSON","CRAIG CONOVER"
"SP4574","CRAIG CONOVER","MARCIA CONOVER-HARRIS","MICHAEL SNELSON","CRAIG JENSEN","XIMENA M. BISHOP","DALE WATSON","AMANDA MILLER"
"SP4575","XIMENA M. BISHOP","MARCIA CONOVER-HARRIS","CRAIG CONOVER","MICHAEL SNELSON","CRAIG JENSEN","AMANDA MILLER","DALE WATSON"
"SP4576","MICHAEL SNELSON","DALE WATSON","XIMENA M. BISHOP","CRAIG JENSEN","CRAIG CONOVER","AMANDA MILLER","MARCIA CONOVER-HARRIS"
"SP4577","CRAIG CONOVER","DALE WATSON","MARCIA CONOVER-HARRIS","AMANDA MILLER","CRAIG JENSEN","MICHAEL SNELSON","XIMENA M. BISHOP"
"SP4578","MICHAEL SNELSON","XIMENA M. BISHOP","CRAIG JENSEN","AMANDA MILLER","DALE WATSON","CRAIG CONOVER","MARCIA CONOVER-HARRIS"
"SP4579","MICHAEL SNELSON","CRAIG JENSEN","CRAIG CONOVER","MARCIA CONOVER-HARRIS","XIMENA M. BISHOP","AMANDA MILLER","DALE WATSON"
"SP4580","MICHAEL SNELSON","DALE WATSON","CRAIG JENSEN","XIMENA M. BISHOP","CRAIG CONOVER","MARCIA CONOVER-HARRIS","skipped"
"SP4581","MICHAEL SNELSON","CRAIG CONOVER","MARCIA CONOVER-HARRIS","AMANDA MILLER","CRAIG JENSEN","XIMENA M. BISHOP","DALE WATSON"
"SP4582","CRAIG CONOVER","MICHAEL SNELSON","MARCIA CONOVER-HARRIS","CRAIG JENSEN","AMANDA MILLER","DALE WATSON","XIMENA M. BISHOP"
"SP4583","CRAIG JENSEN","MICHAEL SNELSON","CRAIG CONOVER","MARCIA CONOVER-HARRIS","AMANDA MILLER","XIMENA M. BISHOP","DALE WATSON"
"SP4584","MARCIA CONOVER-HARRIS","XIMENA M. BISHOP","AMANDA MILLER","CRAIG CONOVER","CRAIG JENSEN","MICHAEL SNELSON","DALE WATSON"
"SP4585","CRAIG JENSEN","MICHAEL SNELSON","DALE WATSON","AMANDA MILLER","CRAIG CONOVER","MARCIA CONOVER-HARRIS","XIMENA M. BISHOP"
"SP4586","skipped","skipped","skipped","skipped","skipped","skipped","skipped"
"SP4587","XIMENA M. BISHOP","skipped","skipped","skipped","skipped","skipped","skipped"
"SP4588","MICHAEL SNELSON","MARCIA CONOVER-HARRIS","DALE WATSON","CRAIG CONOVER","CRAIG JENSEN","XIMENA M. BISHOP","AMANDA MILLER"
"SP4589","XIMENA M. BISHOP","AMANDA MILLER","MARCIA CONOVER-HARRIS","MICHAEL SNELSON","CRAIG JENSEN","DALE WATSON","CRAIG CONOVER"
"SP4590","MICHAEL SNELSON","CRAIG JENSEN","skipped","skipped","skipped","skipped","skipped"
"SP4591","CRAIG JENSEN","XIMENA M. BISHOP","skipped","skipped","skipped","skipped","skipped"
"SP4592","MARCIA CONOVER-HARRIS","XIMENA M. BISHOP","CRAIG CONOVER","skipped","skipped","skipped","skipped"
"SP4593","CRAIG CONOVER","MARCIA CONOVER-HARRIS","MICHAEL SNELSON","skipped","skipped","skipped","skipped"
"SP4594","MICHAEL SNELSON","CRAIG JENSEN","skipped","skipped","skipped","skipped","skipped"
"SP4595","XIMENA M. BISHOP","CRAIG CONOVER","CRAIG JENSEN","MICHAEL SNELSON","MARCIA CONOVER-HARRIS","DALE WATSON","AMANDA MILLER"
"SP4596","CRAIG JENSEN","XIMENA M. BISHOP","skipped","skipped","skipped","skipped","skipped"
"SP4597","MICHAEL SNELSON","MARCIA CONOVER-HARRIS","AMANDA MILLER","DALE WATSON","XIMENA M. BISHOP","CRAIG CONOVER","CRAIG JENSEN"
"SP4598","AMANDA MILLER","CRAIG JENSEN","DALE WATSON","MICHAEL SNELSON","XIMENA M. BISHOP","CRAIG CONOVER","MARCIA CONOVER-HARRIS"
"SP4599","skipped","skipped","skipped","skipped","skipped","skipped","skipped"
"SP4600","CRAIG CONOVER","MICHAEL SNELSON","skipped","skipped","skipped","skipped","skipped"
"SP4601","DALE WATSON","CRAIG JENSEN","CRAIG CONOVER","MICHAEL SNELSON","MARCIA CONOVER-HARRIS","XIMENA M. BISHOP","AMANDA MILLER"
"SP4602","MICHAEL SNELSON","XIMENA M. BISHOP","MARCIA CONOVER-HARRIS","CRAIG CONOVER","DALE WATSON","CRAIG JENSEN","AMANDA MILLER"
"SP4603","CRAIG JENSEN","MARCIA CONOVER-HARRIS","MICHAEL SNELSON","AMANDA MILLER","DALE WATSON","CRAIG CONOVER","XIMENA M. BISHOP"
"SP4604","XIMENA M. BISHOP","AMANDA MILLER","MARCIA CONOVER-HARRIS","CRAIG CONOVER","MICHAEL SNELSON","CRAIG JENSEN","DALE WATSON"
"SP4605","MICHAEL SNELSON","CRAIG JENSEN","XIMENA M. BISHOP","AMANDA MILLER","DALE WATSON","CRAIG CONOVER","MARCIA CONOVER-HARRIS"
"SP4606","XIMENA M. BISHOP","MARCIA CONOVER-HARRIS","AMANDA MILLER","MICHAEL SNELSON","CRAIG JENSEN","CRAIG CONOVER","DALE WATSON"
"SP4607","MICHAEL SNELSON","CRAIG JENSEN","DALE WATSON","skipped","skipped","skipped","skipped"
"SP4608","overvote","skipped","CRAIG CONOVER","MICHAEL SNELSON","MARCIA CONOVER-HARRIS","XIMENA M. BISHOP","AMANDA MILLER"
"SP4609","CRAIG JENSEN","MICHAEL SNELSON","skipped","skipped","skipped","skipped","skipped"
"SP4610","MARCIA CONOVER-HARRIS","XIMENA M. BISHOP","CRAIG CONOVER","CRAIG JENSEN","MICHAEL SNELSON","DALE WATSON","AMANDA MILLER"
"SP4611","MICHAEL SNELSON","CRAIG JENSEN","DALE WATSON","XIMENA M. BISHOP","AMANDA MILLER","CRAIG CONOVER","MARCIA CONOVER-HARRIS"
"SP4612","DALE WATSON","CRAIG JENSEN","MICHAEL SNELSON","CRAIG CONOVER","XIMENA M. BISHOP","AMANDA MILLER","MARCIA CONOVER-HARRIS"
"SP4613","CRAIG JENSEN","CRAIG CONOVER","MARCIA CONOVER-HARRIS","XIMENA M. BISHOP","AMANDA MILLER","MICHAEL SNELSON","DALE WATSON"
"SP4614","MICHAEL SNELSON","AMANDA MILLER","MARCIA CONOVER-HARRIS","CRAIG JENSEN","DALE WATSON","XIMENA M. BISHOP","CRAIG CONOVER"
"SP4615","CRAIG JENSEN","CRAIG CONOVER","XIMENA M. BISHOP","MARCIA CONOVER-HARRIS","DALE WATSON","MICHAEL SNELSON","AMANDA MILLER"
"SP4616","DALE WATSON","CRAIG JENSEN","CRAIG CONOVER","MICHAEL SNELSON","MARCIA CONOVER-HARRIS","AMANDA MILLER","XIMENA M. BISHOP"
"SP4617","CRAIG CONOVER","MARCIA CONOVER-HARRIS","DALE WATSON","MICHAEL SNELSON","XIMENA M. BISHOP","CRAIG JENSEN","AMANDA MILLER"
"SP4618","MARCIA CONOVER-HARRIS","AMANDA MILLER","CRAIG CONOVER","CRAIG JENSEN","MICHAEL SNELSON","XIMENA M. BISHOP","DALE WATSON"
"SP4619","MICHAEL SNELSON","CRAIG CONOVER","MARCIA CONOVER-HARRIS","DALE WATSON","CRAIG JENSEN","XIMENA M. BISHOP","AMANDA MILLER"
"SP4620","CRAIG JENSEN","MICHAEL SNELSON","DALE WATSON","CRAIG CONOVER","MARCIA CONOVER-HARRIS","XIMENA M. BISHOP","AMANDA MILLER"
"SP4621","MICHAEL SNELSON","CRAIG JENSEN","AMANDA MILLER","DALE WATSON","XIMENA M. BISHOP","CRAIG CONOVER","MARCIA CONOVER-HARRIS"
"SP4622","CRAIG JENSEN","MICHAEL SNELSON","XIMENA M. BISHOP","AMANDA MILLER","DALE WATSON","MARCIA CONOVER-HARRIS","CRAIG CONOVER"
"SP4623","CRAIG JENSEN","CRAIG CONOVER","MICHAEL SNELSON","DALE WATSON","MARCIA CONOVER-HARRIS","AMANDA MILLER","XIMENA M. BISHOP"
"SP4624","CRAIG JENSEN","MARCIA CONOVER-HARRIS","XIMENA M. BISHOP","AMANDA MILLER","DALE WATSON","MICHAEL SNELSON","CRAIG CONOVER"
"SP4625","CRAIG CONOVER","MARCIA CONOVER-HARRIS","MICHAEL SNELSON","skipped","skipped","skipped","skipped"
"SP4626","CRAIG JENSEN","MICHAEL SNELSON","XIMENA M. BISHOP","CRAIG CONOVER","MARCIA CONOVER-HARRIS","AMANDA MILLER","DALE WATSON"
"SP4627","AMANDA MILLER","CRAIG JENSEN","XIMENA M. BISHOP","CRAIG CONOVER","MARCIA CONOVER-HARRIS","MICHAEL SNELSON","DALE WATSON"
"SP4628","CRAIG JENSEN","MICHAEL SNELSON","XIMENA M. BISHOP","DALE WATSON","CRAIG CONOVER","MARCIA CONOVER-HARRIS","AMANDA MILLER"
"SP4629","CRAIG CONOVER","MARCIA CONOVER-HARRIS","XIMENA M. BISHOP","MICHAEL SNELSON","CRAIG JENSEN","DALE WATSON","skipped"
"SP4630","DALE WATSON","skipped","skipped","skipped","skipped","skipped","skipped"
"SP4631","CRAIG CONOVER","DALE WATSON","MICHAEL SNELSON","MARCIA CONOVER-HARRIS","CRAIG JENSEN","AMANDA MILLER","XIMENA M. BISHOP"
"SP4632","MICHAEL SNELSON","CRAIG CONOVER","CRAIG JENSEN","DALE WATSON","MARCIA CONOVER-HARRIS","XIMENA M. BISHOP","AMANDA MILLER"
"SP4633","CRAIG CONOVER","AMANDA MILLER","MICHAEL SNELSON","CRAIG JENSEN","DALE WATSON","XIMENA M. BISHOP","MARCIA CONOVER-HARRIS"
"SP4634","XIMENA M. BISHOP","CRAIG CONOVER","MARCIA CONOVER-HARRIS","AMANDA MILLER","CRAIG JENSEN","MICHAEL SNELSON","DALE WATSON"
"SP4635","CRAIG JENSEN","MICHAEL SNELSON","CRAIG CONOVER","XIMENA M. BISHOP","AMANDA MILLER","MARCIA CONOVER-HARRIS","DALE WATSON"
"SP4636","DALE WATSON","CRAIG JENSEN","CRAIG CONOVER","XIMENA M. BISHOP","MICHAEL SNELSON","MARCIA CONOVER-HARRIS","AMANDA MILLER"
"SP4637","DALE WATSON","XIMENA M. BISHOP","MICHAEL SNELSON","CRAIG JENSEN","CRAIG CONOVER","MARCIA CONOVER-HARRIS","AMANDA MILLER"
"SP4638","MICHAEL SNELSON","CRAIG JENSEN","CRAIG CONOVER","skipped","skipped","skipped","skipped"
"SP4639","XIMENA M. BISHOP","AMANDA MILLER","MARCIA CONOVER-HARRIS","CRAIG JENSEN","CRAIG CONOVER","MICHAEL SNELSON","DALE WATSON"
"SP4640","CRAIG CONOVER","DALE WATSON","AMANDA MILLER","MARCIA CONOVER-HARRIS","CRAIG JENSEN","XIMENA M. BISHOP","MICHAEL SNELSON"
"SP4641","XIMENA M. BISHOP","MICHAEL SNELSON","AMANDA MILLER","DALE WATSON","CRAIG JENSEN","AMANDA MILLER","CRAIG CONOVER"
"SP4642","MICHAEL SNELSON","CRAIG JENSEN","DALE WATSON","XIMENA M. BISHOP","AMANDA MILLER","MARCIA CONOVER-HARRIS","CRAIG CONOVER"
"SP4643","CRAIG CONOVER","MARCIA CONOVER-HARRIS","CRAIG JENSEN","MICHAEL SNELSON","AMANDA MILLER","XIMENA M. BISHOP","DALE WATSON"
"SP4644","XIMENA M. BISHOP","MARCIA CONOVER-HARRIS","AMANDA MILLER","CRAIG CONOVER","DALE WATSON","MICHAEL SNELSON","CRAIG JENSEN"
"SP4645","MICHAEL SNELSON","CRAIG JENSEN","CRAIG CONOVER","XIMENA M. BISHOP","MARCIA CONOVER-HARRIS","AMANDA MILLER","DALE WATSON"
"SP4646","MICHAEL SNELSON","DALE WATSON","skipped","skipped","skipped","skipped","skipped"
"SP4647","DALE WATSON","AMANDA MILLER","CRAIG CONOVER","XIMENA M. BISHOP","MICHAEL SNELSON","CRAIG JENSEN","MARCIA CONOVER-HARRIS"
"SP4648","XIMENA M. BISHOP","AMANDA MILLER","CRAIG CONOVER","CRAIG JENSEN","MARCIA CONOVER-HARRIS","MICHAEL SNELSON","DALE WATSON"
"SP4649","MICHAEL SNELSON","CRAIG JENSEN","MARCIA CONOVER-HARRIS","AMANDA MILLER","DALE WATSON","XIMENA M. BISHOP","CRAIG CONOVER"
"SP4650","XIMENA M. BISHOP","MARCIA CONOVER-HARRIS","AMANDA MILLER","MICHAEL SNELSON","CRAIG CONOVER","CRAIG JENSEN","DALE WATSON"
"SP4651","XIMENA M. BISHOP","MICHAEL SNELSON","CRAIG JENSEN","MARCIA CONOVER-HARRIS","CRAIG CONOVER","DALE WATSON","AMANDA MILLER"
"SP4652","MARCIA CONOVER-HARRIS","CRAIG CONOVER","CRAIG JENSEN","MICHAEL SNELSON","DALE WATSON","skipped","skipped"
"SP4653","CRAIG JENSEN","AMANDA MILLER","XIMENA M. BISHOP","MARCIA CONOVER-HARRIS","CRAIG CONOVER","DALE WATSON","MICHAEL SNELSON"
"SP4654","MICHAEL SNELSON","CRAIG JENSEN","CRAIG CONOVER","DALE WATSON","AMANDA MILLER","XIMENA M. BISHOP","MARCIA CONOVER-HARRIS"
"SP4655","XIMENA M. BISHOP","MARCIA CONOVER-HARRIS","AMANDA MILLER","MICHAEL SNELSON","CRAIG CONOVER","CRAIG JENSEN","DALE WATSON"
"SP4656","MICHAEL SNELSON","CRAIG JENSEN","MARCIA CONOVER-HARRIS","DALE WATSON","AMANDA MILLER","overvote","CRAIG CONOVER"
"SP4657","CRAIG CONOVER","MARCIA CONOVER-HARRIS","XIMENA M. BISHOP","DALE WATSON","MICHAEL SNELSON","AMANDA MILLER","CRAIG JENSEN"
"SP4658","CRAIG CONOVER","MICHAEL SNELSON","CRAIG JENSEN","DALE WATSON","AMANDA MILLER","XIMENA M. BISHOP","MARCIA CONOVER-HARRIS"
"SP4659","MICHAEL SNELSON","CRAIG JENSEN","CRAIG CONOVER","XIMENA M. BISHOP","skipped","skipped","skipped"
"SP4660","CRAIG JENSEN","AMANDA MILLER","DALE WATSON","XIMENA M. BISHOP","MARCIA CONOVER-HARRIS","MICHAEL SNELSON","CRAIG CONOVER"
"SP4661","MICHAEL SNELSON","CRAIG JENSEN","MARCIA CONOVER-HARRIS","CRAIG CONOVER","AMANDA MILLER","DALE WATSON","XIMENA M. BISHOP"
"SP4662","CRAIG JENSEN","MICHAEL SNELSON","MARCIA CONOVER-HARRIS","DALE WATSON","AMANDA MILLER","XIMENA M. BISHOP","CRAIG CONOVER"
"SP4663","CRAIG CONOVER","AMANDA MILLER","MARCIA CONOVER-HARRIS","XIMENA M. BISHOP","MICHAEL SNELSON","CRAIG JENSEN","DALE WATSON"
"SP4664","CRAIG CONOVER","MARCIA CONOVER-HARRIS","DALE WATSON","CRAIG JENSEN","AMANDA MILLER","MICHAEL SNELSON","XIMENA M. BISHOP"
"SP4665","DALE WATSON","CRAIG JENSEN","MICHAEL SNELSON","CRAIG CONOVER","MARCIA CONOVER-HARRIS","XIMENA M. BISHOP","AMANDA MILLER"
"SP4666","AMANDA MILLER","MARCIA CONOVER-HARRIS","DALE WATSON","skipped","skipped","skipped","skipped"
"SP4667","CRAIG CONOVER","MICHAEL SNELSON","CRAIG JENSEN","MARCIA CONOVER-HARRIS","AMANDA MILLER","XIMENA M. BISHOP","DALE WATSON"
"SP4668","XIMENA M. BISHOP","AMANDA MILLER","MARCIA CONOVER-HARRIS","CRAIG JENSEN","MICHAEL SNELSON","CRAIG CONOVER","DALE WATSON"
"SP4669","XIMENA M. BISHOP","CRAIG JENSEN","DALE WATSON","MICHAEL SNELSON","CRAIG CONOVER","MARCIA CONOVER-HARRIS","AMANDA MILLER"
"SP4670","MICHAEL SNELSON","CRAIG JENSEN","CRAIG CONOVER","DALE WATSON","AMANDA MILLER","MARCIA CONOVER-HARRIS","XIMENA M. BISHOP"
"SP4671","AMANDA MILLER","MARCIA CONOVER-HARRIS","DALE WATSON","MICHAEL SNELSON","CRAIG JENSEN","CRAIG CONOVER","XIMENA M. BISHOP"
"SP4672","MARCIA CONOVER-HARRIS","AMANDA MILLER","MICHAEL SNELSON","XIMENA M. BISHOP","CRAIG CONOVER","DALE WATSON","CRAIG JENSEN"
"SP4673","CRAIG CONOVER","MARCIA CONOVER-HARRIS","DALE WATSON","CRAIG JENSEN","MICHAEL SNELSON","XIMENA M. BISHOP","AMANDA MILLER"
"SP4674","AMANDA MILLER","MARCIA CONOVER-HARRIS","CRAIG CONOVER","CRAIG JENSEN","MICHAEL SNELSON","XIMENA M. BISHOP","DALE WATSON"
"SP4675","MICHAEL SNELSON","skipped","skipped","skipped","skipped","skipped","skipped"
"SP4676","DALE WATSON","MICHAEL SNELSON","CRAIG JENSEN","CRAIG CONOVER","MARCIA CONOVER-HARRIS","AMANDA MILLER","XIMENA M. BISHOP"
"SP4677","CRAIG JENSEN","MICHAEL SNELSON","skipped","skipped","skipped","skipped","skipped"
"SP4678","MICHAEL SNELSON","skipped","skipped","skipped","skipped","skipped","skipped"
"SP4679","MICHAEL SNELSON","CRAIG CONOVER","MARCIA CONOVER-HARRIS","CRAIG JENSEN","XIMENA M. BISHOP","AMANDA MILLER","DALE WATSON"
"SP4680","CRAIG JENSEN","DALE WATSON","MICHAEL SNELSON","AMANDA MILLER","CRAIG CONOVER","MARCIA CONOVER-HARRIS","XIMENA M. BISHOP"
"SP4681","XIMENA M. BISHOP","MICHAEL SNELSON","CRAIG JENSEN","CRAIG CONOVER","MARCIA CONOVER-HARRIS","DALE WATSON","AMANDA MILLER"
"SP4682","AMANDA MILLER","MARCIA CONOVER-HARRIS","XIMENA M. BISHOP","MICHAEL SNELSON","CRAIG CONOVER","CRAIG JENSEN","DALE WATSON"
"SP4683","XIMENA M. BISHOP","CRAIG JENSEN","MICHAEL SNELSON","AMANDA MILLER","CRAIG CONOVER","MARCIA CONOVER-HARRIS","DALE WATSON"
"SP4684","CRAIG JENSEN","MICHAEL SNELSON","skipped","skipped","skipped","skipped","skipped"
"SP4685","AMANDA MILLER","MARCIA CONOVER-HARRIS","XIMENA M. BISHOP","MICHAEL SNELSON","CRAIG JENSEN","CRAIG CONOVER","DALE WATSON"
"SP4686","CRAIG JENSEN","AMANDA MILLER","XIMENA M. BISHOP","CRAIG CONOVER","MICHAEL SNELSON","MARCIA CONOVER-HARRIS","DALE WATSON"
"SP4687","XIMENA M. BISHOP","skipped","skipped","skipped","skipped","skipped","skipped"
"SP4688","CRAIG CONOVER","MARCIA CONOVER-HARRIS","skipped","skipped","skipped","skipped","skipped"
"SP4689","CRAIG CONOVER","MICHAEL SNELSON","CRAIG JENSEN","skipped","skipped","skipped","skipped"
"SP4690","MICHAEL SNELSON","CRAIG JENSEN","AMANDA MILLER","XIMENA M. BISHOP","DALE WATSON","CRAIG CONOVER","MARCIA CONOVER-HARRIS"
"SP4691","CRAIG JENSEN","CRAIG CONOVER","MICHAEL SNELSON","MARCIA CONOVER-HARRIS","XIMENA M. BISHOP","AMANDA MILLER","DALE WATSON"
"SP4692","DALE WATSON","CRAIG CONOVER","skipped","skipped","skipped","skipped","skipped"
"SP4693","MICHAEL SNELSON","CRAIG CONOVER","CRAIG JENSEN","skipped","skipped","skipped","skipped"
"SP4694","MICHAEL SNELSON","CRAIG JENSEN","MARCIA CONOVER-HARRIS","CRAIG CONOVER","AMANDA MILLER","DALE WATSON","XIMENA M. BISHOP"
"SP4695","CRAIG JENSEN","CRAIG CONOVER","MICHAEL SNELSON","AMANDA MILLER","XIMENA M. BISHOP","DALE WATSON","MARCIA CONOVER-HARRIS"
"SP4696","CRAIG JENSEN","CRAIG CONOVER","MICHAEL SNELSON","DALE WATSON","MARCIA CONOVER-HARRIS","XIMENA M. BISHOP","AMANDA MILLER"
"SP4697","MICHAEL SNELSON","MARCIA CONOVER-HARRIS","AMANDA MILLER","DALE WATSON","CRAIG JENSEN","CRAIG CONOVER","XIMENA M. BISHOP"
"SP4698","MICHAEL SNELSON","CRAIG JENSEN","skipped","skipped","skipped","skipped","skipped"
"SP4699","MICHAEL SNELSON","XIMENA M. BISHOP","DALE WATSON","CRAIG JENSEN","AMANDA MILLER","skipped","skipped"
"SP4700","DALE WATSON","MICHAEL SNELSON","CRAIG JENSEN","MARCIA CONOVER-HARRIS","AMANDA MILLER","XIMENA M. BISHOP","CRAIG CONOVER"
"SP4701","MICHAEL SNELSON","CRAIG JENSEN","AMANDA MILLER","DALE WATSON","CRAIG CONOVER","MARCIA CONOVER-HARRIS","XIMENA M. BISHOP"
"SP4702","MICHAEL SNELSON","MARCIA CONOVER-HARRIS","CRAIG JENSEN","CRAIG CONOVER","skipped","skipped","skipped"
"SP4703","CRAIG JENSEN","MICHAEL SNELSON","AMANDA MILLER","XIMENA M. BISHOP","DALE WATSON","CRAIG CONOVER","MARCIA CONOVER-HARRIS"
"SP4704","MICHAEL SNELSON","CRAIG CONOVER","AMANDA MILLER","DALE WATSON","XIMENA M. BISHOP","CRAIG JENSEN","MARCIA CONOVER-HARRIS"
"SP4705","CRAIG CONOVER","MARCIA CONOVER-HARRIS","CRAIG JENSEN","DALE WATSON","MICHAEL SNELSON","XIMENA M. BISHOP","AMANDA MILLER"
"SP4706","XIMENA M. BISHOP","MICHAEL SNELSON","DALE WATSON","CRAIG JENSEN","CRAIG CONOVER","AMANDA MILLER","MARCIA CONOVER-HARRIS"
"SP4707","XIMENA M. BISHOP","MARCIA CONOVER-HARRIS","MICHAEL SNELSON","CRAIG CONOVER","AMANDA MILLER","DALE WATSON","CRAIG JENSEN"
"SP4708","CRAIG CONOVER","MICHAEL SNELSON","MARCIA CONOVER-HARRIS","XIMENA M. BISHOP","CRAIG JENSEN","AMANDA MILLER","DALE WATSON"
"SP4709","MICHAEL SNELSON","CRAIG JENSEN","AMANDA MILLER","CRAIG CONOVER","MARCIA CONOVER-HARRIS","DALE WATSON","XIMENA M. BISHOP"
"SP4710","MICHAEL SNELSON","CRAIG JENSEN","DALE WATSON","XIMENA M. BISHOP","skipped","skipped","skipped"
"SP4711","CRAIG CONOVER","CRAIG CONOVER","CRAIG CONOVER","CRAIG CONOVER","CRAIG CONOVER","CRAIG CONOVER","MICHAEL SNELSON"
"SP4712","CRAIG JENSEN","MICHAEL SNELSON","DALE WATSON","XIMENA M. BISHOP","skipped","skipped","skipped"
"SP4713","CRAIG JENSEN","MICHAEL SNELSON","AMANDA MILLER","DALE WATSON","XIMENA M. BISHOP","CRAIG CONOVER","MARCIA CONOVER-HARRIS"
"SP4714","AMANDA MILLER","MARCIA CONOVER-HARRIS","CRAIG CONOVER","CRAIG JENSEN","XIMENA M. BISHOP","DALE WATSON","MICHAEL SNELSON"
"SP4715","MICHAEL SNELSON","skipped","skipped","skipped","skipped","skipped","skipped"
"SP4716","MICHAEL SNELSON","CRAIG JENSEN","skipped","skipped","skipped","skipped","skipped"
"SP4717","MICHAEL SNELSON","CRAIG CONOVER","MARCIA CONOVER-HARRIS","CRAIG JENSEN","XIMENA M. BISHOP","AMANDA MILLER","DALE WATSON"
"SP4718","MICHAEL SNELSON","CRAIG JENSEN","CRAIG CONOVER","MARCIA CONOVER-HARRIS","DALE WATSON","XIMENA M. BISHOP","AMANDA MILLER"
"SP4719","CRAIG JENSEN","MICHAEL SNELSON","XIMENA M. BISHOP","DALE WATSON","AMANDA MILLER","CRAIG CONOVER","MARCIA CONOVER-HARRIS"
"SP4720","MICHAEL SNELSON","AMANDA MILLER","CRAIG CONOVER","MARCIA CONOVER-HARRIS","XIMENA M. BISHOP","CRAIG JENSEN","DALE WATSON"
"SP4721","CRAIG CONOVER","CRAIG JENSEN","MICHAEL SNELSON","MARCIA CONOVER-HARRIS","AMANDA MILLER","DALE WATSON","XIMENA M. BISHOP"
"SP4722","MICHAEL SNELSON","DALE WATSON","CRAIG CONOVER","CRAIG JENSEN","MARCIA CONOVER-HARRIS","XIMENA M. BISHOP","AMANDA MILLER"
"SP4723","MARCIA CONOVER-HARRIS","DALE WATSON","XIMENA M. BISHOP","MICHAEL SNELSON","CRAIG JENSEN","CRAIG CONOVER","AMANDA MILLER"
"SP4724","DALE WATSON","CRAIG JENSEN","CRAIG CONOVER","MARCIA CONOVER-HARRIS","MICHAEL SNELSON","XIMENA M. BISHOP","AMANDA MILLER"
"SP4725","CRAIG CONOVER","skipped","skipped","skipped","skipped","skipped","skipped"
"SP4726","CRAIG JENSEN","XIMENA M. BISHOP","CRAIG JENSEN","skipped","skipped","skipped","skipped"
"SP4727","MICHAEL SNELSON","skipped","skipped","skipped","skipped","skipped","skipped"
"SP4728","CRAIG JENSEN","MICHAEL SNELSON","XIMENA M. BISHOP","DALE WATSON","AMANDA MILLER","MARCIA CONOVER-HARRIS","CRAIG CONOVER"
"SP4729","MICHAEL SNELSON","CRAIG CONOVER","CRAIG JENSEN","DALE WATSON","MARCIA CONOVER-HARRIS","AMANDA MILLER","XIMENA M. BISHOP"
"SP4730","MARCIA CONOVER-HARRIS","CRAIG JENSEN","CRAIG CONOVER","MICHAEL SNELSON","DALE WATSON","DALE WATSON","AMANDA MILLER"
"SP4731","XIMENA M. BISHOP","CRAIG JENSEN","MICHAEL SNELSON","MARCIA CONOVER-HARRIS","DALE WATSON","CRAIG CONOVER","AMANDA MILLER"
"SP4732","MICHAEL SNELSON","CRAIG CONOVER","CRAIG JENSEN","skipped","skipped","skipped","skipped"
"SP4733","XIMENA M. BISHOP","MARCIA CONOVER-HARRIS","CRAIG JENSEN","CRAIG CONOVER","AMANDA MILLER","MICHAEL SNELSON","DALE WATSON"
"SP4734","MICHAEL SNELSON","XIMENA M. BISHOP","CRAIG JENSEN","MARCIA CONOVER-HARRIS","DALE WATSON","CRAIG CONOVER","AMANDA MILLER"
"SP4735","CRAIG CONOVER","AMANDA MILLER","XIMENA M. BISHOP","DALE WATSON","MARCIA CONOVER-HARRIS","CRAIG JENSEN","MICHAEL SNELSON"
"SP4736","MICHAEL SNELSON","CRAIG JENSEN","CRAIG CONOVER","AMANDA MILLER","MARCIA CONOVER-HARRIS","DALE WATSON","XIMENA M. BISHOP"
"SP4737","CRAIG JENSEN","MICHAEL SNELSON","XIMENA M. BISHOP","DALE WATSON","AMANDA MILLER","MARCIA CONOVER-HARRIS","CRAIG CONOVER"
"SP4738","MICHAEL SNELSON","DALE WATSON","XIMENA M. BISHOP","AMANDA MILLER","skipped","skipped","skipped"
"SP4739","MICHAEL SNELSON","DALE WATSON","skipped","skipped","skipped","skipped","skipped"
"SP4740","CRAIG JENSEN","MICHAEL SNELSON","MARCIA CONOVER-HARRIS","DALE WATSON","AMANDA MILLER","CRAIG CONOVER","XIMENA M. BISHOP"
"SP4741","MICHAEL SNELSON","CRAIG CONOVER","CRAIG JENSEN","AMANDA MILLER","MARCIA CONOVER-HARRIS","skipped","DALE WATSON"
"SP4742","MICHAEL SNELSON","MARCIA CONOVER-HARRIS","AMANDA MILLER","CRAIG CONOVER","CRAIG JENSEN","XIMENA M. BISHOP","DALE WATSON"
"SP4743","CRAIG CONOVER","CRAIG JENSEN","MARCIA CONOVER-HARRIS","AMANDA MILLER","XIMENA M. BISHOP","MICHAEL SNELSON","DALE WATSON"
"SP4744","AMANDA MILLER","XIMENA M. BISHOP","MARCIA CONOVER-HARRIS","DALE WATSON","MICHAEL SNELSON","CRAIG CONOVER","CRAIG JENSEN"
"SP4745","MICHAEL SNELSON","CRAIG JENSEN","XIMENA M. BISHOP","CRAIG CONOVER","MARCIA CONOVER-HARRIS","AMANDA MILLER","DALE WATSON"
"SP4746","MICHAEL SNELSON","AMANDA MILLER","MARCIA CONOVER-HARRIS","CRAIG CONOVER","DALE WATSON","XIMENA M. BISHOP","CRAIG JENSEN"
"SP4747","CRAIG JENSEN","MICHAEL SNELSON","skipped","skipped","skipped","skipped","skipped"
"SP4748","MICHAEL SNELSON","CRAIG CONOVER","MARCIA CONOVER-HARRIS","DALE WATSON","AMANDA MILLER","CRAIG JENSEN","XIMENA M. BISHOP"
"SP4749","CRAIG CONOVER","MARCIA CONOVER-HARRIS","DALE WATSON","CRAIG JENSEN","MICHAEL SNELSON","AMANDA MILLER","XIMENA M. BISHOP"
"SP4750","XIMENA M. BISHOP","CRAIG CONOVER","CRAIG JENSEN","MARCIA CONOVER-HARRIS","DALE WATSON","AMANDA MILLER","MICHAEL SNELSON"
"SP4751","CRAIG JENSEN","skipped","skipped","skipped","skipped","skipped","skipped"
"SP4752","CRAIG CONOVER","DALE WATSON","MICHAEL SNELSON","AMANDA MILLER","MARCIA CONOVER-HARRIS","CRAIG JENSEN","XIMENA M. BISHOP"
"SP4753","MARCIA CONOVER-HARRIS","CRAIG CONOVER","CRAIG JENSEN","XIMENA M. BISHOP","DALE WATSON","MICHAEL SNELSON","AMANDA MILLER"
"SP4754","MICHAEL SNELSON","skipped","skipped","skipped","skipped","skipped","skipped"
"SP4755","CRAIG CONOVER","CRAIG JENSEN","MARCIA CONOVER-HARRIS","MICHAEL SNELSON","DALE WATSON","AMANDA MILLER","XIMENA M. BISHOP"
"SP4756","MARCIA CONOVER-HARRIS","AMANDA MILLER","CRAIG CONOVER","XIMENA M. BISHOP","MICHAEL SNELSON","CRAIG JENSEN","DALE WATSON"
"SP4757","XIMENA M. BISHOP","MARCIA CONOVER-HARRIS","AMANDA MILLER","MICHAEL SNELSON","CRAIG CONOVER","CRAIG JENSEN","DALE WATSON"
"SP4758","MICHAEL SNELSON","CRAIG JENSEN","XIMENA M. BISHOP","DALE WATSON","MARCIA CONOVER-HARRIS","CRAIG CONOVER","AMANDA MILLER"
"SP4759","CRAIG CONOVER","skipped","skipped","skipped","skipped","skipped","skipped"
"SP4760","CRAIG CONOVER","MARCIA CONOVER-HARRIS","DALE WATSON","skipped","skipped","skipped","skipped"
"SP4761","CRAIG JENSEN","MICHAEL SNELSON","CRAIG CONOVER","skipped","skipped","skipped","skipped"
"SP4762","XIMENA M. BISHOP","AMANDA MILLER","MARCIA CONOVER-HARRIS","CRAIG JENSEN","CRAIG CONOVER","MICHAEL SNELSON","DALE WATSON"
"SP4763","CRAIG JENSEN","DALE WATSON","XIMENA M. BISHOP","AMANDA MILLER","CRAIG JENSEN","MARCIA CONOVER-HARRIS","CRAIG CONOVER"
"SP4764","MICHAEL SNELSON","DALE WATSON","XIMENA M. BISHOP","CRAIG JENSEN","CRAIG CONOVER","AMANDA MILLER","MARCIA CONOVER-HARRIS"
"SP4765","CRAIG CONOVER","MARCIA CONOVER-HARRIS","DALE WATSON","AMANDA MILLER","MICHAEL SNELSON","skipped","skipped"
"SP4766","CRAIG CONOVER","MICHAEL SNELSON","CRAIG JENSEN","MARCIA CONOVER-HARRIS","DALE WATSON","AMANDA MILLER","MICHAEL SNELSON"
"SP4767","XIMENA M. BISHOP","AMANDA MILLER","CRAIG JENSEN","DALE WATSON","MICHAEL SNELSON","MARCIA CONOVER-HARRIS","CRAIG CONOVER"
"SP4768","MICHAEL SNELSON","CRAIG JENSEN","MICHAEL SNELSON","XIMENA M. BISHOP","DALE WATSON","CRAIG CONOVER","MARCIA CONOVER-HARRIS"
"SP4769","MICHAEL SNELSON","CRAIG JENSEN","CRAIG CONOVER","AMANDA MILLER","MARCIA CONOVER-HARRIS","XIMENA M. BISHOP","DALE WATSON"
"SP4770","CRAIG CONOVER","MARCIA CONOVER-HARRIS","MICHAEL SNELSON","AMANDA MILLER","CRAIG JENSEN","DALE WATSON","XIMENA M. BISHOP"
"SP4771","MICHAEL SNELSON","MARCIA CONOVER-HARRIS","AMANDA MILLER","DALE WATSON","CRAIG JENSEN","CRAIG CONOVER","XIMENA M. BISHOP"
"SP4772","CRAIG JENSEN","skipped","skipped","skipped","skipped","skipped","skipped"
"SP4773","MICHAEL SNELSON","MARCIA CONOVER-HARRIS","CRAIG JENSEN","AMANDA MILLER","CRAIG CONOVER","DALE WATSON","XIMENA M. BISHOP"
"SP4774","CRAIG CONOVER","MARCIA CONOVER-HARRIS","CRAIG JENSEN","MICHAEL SNELSON","AMANDA MILLER","XIMENA M. BISHOP","DALE WATSON"
"SP4775","CRAIG CONOVER","MARCIA CONOVER-HARRIS","MICHAEL SNELSON","AMANDA MILLER","CRAIG JENSEN","DALE WATSON","XIMENA M. BISHOP"
"SP4776","skipped","skipped","skipped","skipped","skipped","skipped","skipped"
"SP4777","CRAIG CONOVER","XIMENA M. BISHOP","CRAIG JENSEN","DALE WATSON","AMANDA MILLER","MICHAEL SNELSON","MARCIA CONOVER-HARRIS"
"SP4778","MICHAEL SNELSON","CRAIG JENSEN","CRAIG CONOVER","MARCIA CONOVER-HARRIS","AMANDA MILLER","XIMENA M. BISHOP","DALE WATSON"
"SP4779","XIMENA M. BISHOP","AMANDA MILLER","CRAIG CONOVER","CRAIG JENSEN","MICHAEL SNELSON","DALE WATSON","MARCIA CONOVER-HARRIS"
"SP4780","CRAIG CONOVER","XIMENA M. BISHOP","AMANDA MILLER","MICHAEL SNELSON","DALE WATSON","CRAIG JENSEN","MARCIA CONOVER-HARRIS"
"SP4781","MICHAEL SNELSON","CRAIG JENSEN","DALE WATSON","AMANDA MILLER","XIMENA M. BISHOP","CRAIG CONOVER","MARCIA CONOVER-HARRIS"
"SP4782","MARCIA CONOVER-HARRIS","CRAIG CONOVER","XIMENA M. BISHOP","MICHAEL SNELSON","CRAIG JENSEN","AMANDA MILLER","DALE WATSON"
"SP4783","skipped","skipped","skipped","skipped","skipped","skipped","skipped"
"SP4784","MARCIA CONOVER-HARRIS","DALE WATSON","MICHAEL SNELSON","XIMENA M. BISHOP","CRAIG JENSEN","CRAIG CONOVER","AMANDA MILLER"
"SP4785","MARCIA CONOVER-HARRIS","AMANDA MILLER","CRAIG JENSEN","DALE WATSON","XIMENA M. BISHOP","CRAIG CONOVER","MICHAEL SNELSON"
"SP4786","AMANDA MILLER","CRAIG JENSEN","MARCIA CONOVER-HARRIS","XIMENA M. BISHOP","CRAIG CONOVER","MICHAEL SNELSON","DALE WATSON"
"SP4787","CRAIG CONOVER","MICHAEL SNELSON","AMANDA MILLER","MARCIA CONOVER-HARRIS","CRAIG JENSEN","DALE WATSON","XIMENA M. BISHOP"
"SP4788","MARCIA CONOVER-HARRIS","DALE WATSON","MICHAEL SNELSON","XIMENA M. BISHOP","CRAIG JENSEN","CRAIG CONOVER","AMANDA MILLER"
"SP4789","CRAIG CONOVER","MICHAEL SNELSON","DALE WATSON","CRAIG JENSEN","AMANDA MILLER","MARCIA CONOVER-HARRIS","XIMENA M. BISHOP"
"SP4790","AMANDA MILLER","skipped","skipped","skipped","skipped","MARCIA CONOVER-HARRIS","CRAIG CONOVER"
"SP4791","overvote","skipped","skipped","skipped","skipped","skipped","skipped"
"SP4792","XIMENA M. BISHOP","DALE WATSON","MICHAEL SNELSON","CRAIG JENSEN","CRAIG CONOVER","AMANDA MILLER","MARCIA CONOVER-HARRIS"
"SP4793","CRAIG CONOVER","CRAIG JENSEN","MICHAEL SNELSON","MARCIA CONOVER-HARRIS","AMANDA MILLER","DALE WATSON","XIMENA M. BISHOP"
"SP4794","MICHAEL SNELSON","MARCIA CONOVER-HARRIS","CRAIG JENSEN","CRAIG CONOVER","AMANDA MILLER","XIMENA M. BISHOP","DALE WATSON"
"SP4795","AMANDA MILLER","XIMENA M. BISHOP","MARCIA CONOVER-HARRIS","DALE WATSON","CRAIG CONOVER","CRAIG JENSEN","MICHAEL SNELSON"
"SP4796","XIMENA M. BISHOP","DALE WATSON","MICHAEL SNELSON","CRAIG JENSEN","CRAIG CONOVER","MARCIA CONOVER-HARRIS","AMANDA MILLER"
"SP4797","CRAIG JENSEN","DALE WATSON","XIMENA M. BISHOP","MICHAEL SNELSON","CRAIG CONOVER","MARCIA CONOVER-HARRIS","AMANDA MILLER"
"SP4798","MICHAEL SNELSON","CRAIG JENSEN","CRAIG CONOVER","MARCIA CONOVER-HARRIS","AMANDA MILLER","DALE WATSON","XIMENA M. BISHOP"
"SP4799","DALE WATSON","XIMENA M. BISHOP","MICHAEL SNELSON","CRAIG JENSEN","CRAIG CONOVER","MARCIA CONOVER-HARRIS","AMANDA MILLER"
"SP4800","MICHAEL SNELSON","CRAIG JENSEN","CRAIG CONOVER","DALE WATSON","XIMENA M. BISHOP","AMANDA MILLER","MARCIA CONOVER-HARRIS"
"SP4801","skipped","skipped","AMANDA MILLER","skipped","skipped","skipped","skipped"
"SP4802","MICHAEL SNELSON","CRAIG JENSEN","CRAIG CONOVER","AMANDA MILLER","DALE WATSON","MARCIA CONOVER-HARRIS","XIMENA M. BISHOP"
"SP4803","CRAIG JENSEN","CRAIG CONOVER","XIMENA M. BISHOP","DALE WATSON","MARCIA CONOVER-HARRIS","AMANDA MILLER","MICHAEL SNELSON"
"SP4804","CRAIG CONOVER","CRAIG JENSEN","MICHAEL SNELSON","DALE WATSON","MARCIA CONOVER-HARRIS","AMANDA MILLER","XIMENA M. BISHOP"
"SP4805","DALE WATSON","MARCIA CONOVER-HARRIS","CRAIG JENSEN","CRAIG CONOVER","XIMENA M. BISHOP","MICHAEL SNELSON","AMANDA MILLER"
"SP4806","CRAIG CONOVER","CRAIG JENSEN","MICHAEL SNELSON","DALE WATSON","MARCIA CONOVER-HARRIS","AMANDA MILLER","XIMENA M. BISHOP"
"SP4807","AMANDA MILLER","CRAIG JENSEN","MARCIA CONOVER-HARRIS","XIMENA M. BISHOP","CRAIG CONOVER","MICHAEL SNELSON","DALE WATSON"
"SP4808","MICHAEL SNELSON","CRAIG JENSEN","CRAIG CONOVER","DALE WATSON","AMANDA MILLER","XIMENA M. BISHOP","MARCIA CONOVER-HARRIS"
"SP4809","MARCIA CONOVER-HARRIS","CRAIG CONOVER","MICHAEL SNELSON","skipped","skipped","CRAIG JENSEN","AMANDA MILLER"
"SP4810","CRAIG CONOVER","MICHAEL SNELSON","CRAIG JENSEN","MARCIA CONOVER-HARRIS","DALE WATSON","AMANDA MILLER","XIMENA M. BISHOP"
"SP4811","CRAIG CONOVER","MARCIA CONOVER-HARRIS","AMANDA MILLER","CRAIG JENSEN","MICHAEL SNELSON","XIMENA M. BISHOP","DALE WATSON"
"SP4812","CRAIG CONOVER","MARCIA CONOVER-HARRIS","CRAIG JENSEN","MICHAEL SNELSON","AMANDA MILLER","DALE WATSON","XIMENA M. BISHOP"
"SP4813","CRAIG CONOVER","MICHAEL SNELSON","CRAIG JENSEN","AMANDA MILLER","XIMENA M. BISHOP","skipped","MARCIA CONOVER-HARRIS"
"SP4814","MICHAEL SNELSON","CRAIG JENSEN","CRAIG CONOVER","DALE WATSON","AMANDA MILLER","XIMENA M. BISHOP","MARCIA CONOVER-HARRIS"
"SP4815","CRAIG CONOVER","MARCIA CONOVER-HARRIS","DALE WATSON","XIMENA M. BISHOP","skipped","skipped","skipped"
"SP4816","skipped","skipped","skipped","skipped","skipped","skipped","skipped"
"SP4817","CRAIG JENSEN","MICHAEL SNELSON","skipped","skipped","skipped","skipped","skipped"
"SP4818","MICHAEL SNELSON","CRAIG JENSEN","AMANDA MILLER","DALE WATSON","XIMENA M. BISHOP","MARCIA CONOVER-HARRIS","AMANDA MILLER"
"SP4819","CRAIG JENSEN","MICHAEL SNELSON","skipped","skipped","skipped","skipped","skipped"
"SP4820","MICHAEL SNELSON","CRAIG JENSEN","CRAIG CONOVER","DALE WATSON","XIMENA M. BISHOP","MARCIA CONOVER-HARRIS","AMANDA MILLER"
"SP4821","MICHAEL SNELSON","CRAIG CONOVER","CRAIG JENSEN","DALE WATSON","AMANDA MILLER","XIMENA M. BISHOP","MARCIA CONOVER-HARRIS"
"SP4822","XIMENA M. BISHOP","AMANDA MILLER","MARCIA CONOVER-HARRIS","MICHAEL SNELSON","CRAIG JENSEN","CRAIG CONOVER","DALE WATSON"
"SP4823","MICHAEL SNELSON","CRAIG JENSEN","DALE WATSON","XIMENA M. BISHOP","AMANDA MILLER","CRAIG CONOVER","MARCIA CONOVER-HARRIS"
"SP4824","MICHAEL SNELSON","CRAIG JENSEN","CRAIG CONOVER","DALE WATSON","XIMENA M. BISHOP","MARCIA CONOVER-HARRIS","AMANDA MILLER"
"SP4825","MICHAEL SNELSON","CRAIG JENSEN","skipped","skipped","skipped","skipped","skipped"
"SP4826","CRAIG JENSEN","MICHAEL SNELSON","CRAIG CONOVER","XIMENA M. BISHOP","DALE WATSON","MARCIA CONOVER-HARRIS","AMANDA MILLER"
"SP4827","MICHAEL SNELSON","CRAIG CONOVER","CRAIG CONOVER","MARCIA CONOVER-HARRIS","skipped","skipped","skipped"
"SP4828","MICHAEL SNELSON","MARCIA CONOVER-HARRIS","CRAIG CONOVER","skipped","skipped","skipped","skipped"
"SP4829","MICHAEL SNELSON","CRAIG JENSEN","AMANDA MILLER","MARCIA CONOVER-HARRIS","CRAIG CONOVER","XIMENA M. BISHOP","DALE WATSON"
"SP4830","CRAIG CONOVER","MICHAEL SNELSON","AMANDA MILLER","CRAIG JENSEN","DALE WATSON","MARCIA CONOVER-HARRIS","XIMENA M. BISHOP"
"SP4831","AMANDA MILLER","XIMENA M. BISHOP","DALE WATSON","MARCIA CONOVER-HARRIS","MICHAEL SNELSON","CRAIG JENSEN","CRAIG CONOVER"
"SP4832","MICHAEL SNELSON","CRAIG CONOVER","CRAIG JENSEN","DALE WATSON","AMANDA MILLER","XIMENA M. BISHOP","MARCIA CONOVER-HARRIS"
"SP4833","XIMENA M. BISHOP","MARCIA CONOVER-HARRIS","AMANDA MILLER","DALE WATSON","CRAIG JENSEN","CRAIG CONOVER","MICHAEL SNELSON"
"SP4834","DALE WATSON","skipped","skipped","skipped","skipped","skipped","skipped"
"SP4835","MICHAEL SNELSON","CRAIG JENSEN","CRAIG CONOVER","AMANDA MILLER","MARCIA CONOVER-HARRIS","DALE WATSON","XIMENA M. BISHOP"
"SP4836","AMANDA MILLER","MARCIA CONOVER-HARRIS","XIMENA M. BISHOP","CRAIG CONOVER","DALE WATSON","CRAIG JENSEN","MICHAEL SNELSON"
"SP4837","overvote","skipped","skipped","skipped","skipped","skipped","skipped"
"SP4838","MICHAEL SNELSON","CRAIG JENSEN","CRAIG CONOVER","AMANDA MILLER","MARCIA CONOVER-HARRIS","DALE WATSON","XIMENA M. BISHOP"
"SP4839","CRAIG JENSEN","MICHAEL SNELSON","XIMENA M. BISHOP","DALE WATSON","AMANDA MILLER","MARCIA CONOVER-HARRIS","CRAIG CONOVER"
"SP4840","CRAIG JENSEN","MICHAEL SNELSON","DALE WATSON","XIMENA M. BISHOP","AMANDA MILLER","MARCIA CONOVER-HARRIS","CRAIG CONOVER"
"SP4841","MICHAEL SNELSON","CRAIG JENSEN","CRAIG CONOVER","AMANDA MILLER","MARCIA CONOVER-HARRIS","DALE WATSON","XIMENA M. BISHOP"
"SP4842","CRAIG JENSEN","AMANDA MILLER","DALE WATSON","XIMENA M. BISHOP","skipped","skipped","skipped"
"SP4843","CRAIG CONOVER","CRAIG JENSEN","DALE WATSON","AMANDA MILLER","MARCIA CONOVER-HARRIS","XIMENA M. BISHOP","MICHAEL SNELSON"
"SP4844","CRAIG JENSEN","MICHAEL SNELSON","XIMENA M. BISHOP","DALE WATSON","MARCIA CONOVER-HARRIS","AMANDA MILLER","CRAIG CONOVER"
"SP4845","CRAIG CONOVER","MARCIA CONOVER-HARRIS","DALE WATSON","skipped","skipped","skipped","skipped"
"SP4846","CRAIG JENSEN","MICHAEL SNELSON","XIMENA M. BISHOP","DALE WATSON","AMANDA MILLER","skipped","skipped"
"SP4847","MICHAEL SNELSON","CRAIG CONOVER","MARCIA CONOVER-HARRIS","AMANDA MILLER","CRAIG JENSEN","XIMENA M. BISHOP","DALE WATSON"
"SP4848","CRAIG CONOVER","MICHAEL SNELSON","DALE WATSON","CRAIG JENSEN","AMANDA MILLER","XIMENA M. BISHOP","MARCIA CONOVER-HARRIS"
"SP4849","DALE WATSON","MICHAEL SNELSON","CRAIG JENSEN","CRAIG CONOVER","MARCIA CONOVER-HARRIS","AMANDA MILLER","XIMENA M. BISHOP"
"SP4850","DALE WATSON","MICHAEL SNELSON","CRAIG JENSEN","CRAIG CONOVER","AMANDA MILLER","MARCIA CONOVER-HARRIS","XIMENA M. BISHOP"
"SP4851","CRAIG JENSEN","CRAIG CONOVER","MICHAEL SNELSON","MARCIA CONOVER-HARRIS","XIMENA M. BISHOP","AMANDA MILLER","DALE WATSON"
"SP4852","CRAIG CONOVER","MARCIA CONOVER-HARRIS","MICHAEL SNELSON","DALE WATSON","XIMENA M. BISHOP","CRAIG JENSEN","AMANDA MILLER"
"SP4853","DALE WATSON","XIMENA M. BISHOP","MICHAEL SNELSON","CRAIG JENSEN","CRAIG CONOVER","MARCIA CONOVER-HARRIS","AMANDA MILLER"
"SP4854","XIMENA M. BISHOP","CRAIG JENSEN","MICHAEL SNELSON","DALE WATSON","AMANDA MILLER","MARCIA CONOVER-HARRIS","CRAIG CONOVER"
"SP4855","MICHAEL SNELSON","DALE WATSON","CRAIG JENSEN","CRAIG CONOVER","MARCIA CONOVER-HARRIS","AMANDA MILLER","XIMENA M. BISHOP"
"SP4856","CRAIG CONOVER","MICHAEL SNELSON","CRAIG JENSEN","AMANDA MILLER","DALE WATSON","XIMENA M. BISHOP","MARCIA CONOVER-HARRIS"
"SP4857","MICHAEL SNELSON","CRAIG JENSEN","CRAIG CONOVER","MARCIA CONOVER-HARRIS","XIMENA M. BISHOP","DALE WATSON","AMANDA MILLER"
"SP4858","CRAIG JENSEN","CRAIG CONOVER","MICHAEL SNELSON","MARCIA CONOVER-HARRIS","DALE WATSON","AMANDA MILLER","XIMENA M. BISHOP"
"SP4859","MARCIA CONOVER-HARRIS","CRAIG CONOVER","XIMENA M. BISHOP","skipped","skipped","skipped","skipped"
"SP4860","MICHAEL SNELSON","CRAIG JENSEN","DALE WATSON","AMANDA MILLER","XIMENA M. BISHOP","MARCIA CONOVER-HARRIS","CRAIG CONOVER"
"SP4861","CRAIG CONOVER","MARCIA CONOVER-HARRIS","AMANDA MILLER","XIMENA M. BISHOP","MICHAEL SNELSON","DALE WATSON","CRAIG JENSEN"
"SP4862","CRAIG JENSEN","MICHAEL SNELSON","AMANDA MILLER","DALE WATSON","XIMENA M. BISHOP","MARCIA CONOVER-HARRIS","CRAIG CONOVER"
"SP4863","MICHAEL SNELSON","CRAIG JENSEN","AMANDA MILLER","DALE WATSON","XIMENA M. BISHOP","MARCIA CONOVER-HARRIS","CRAIG CONOVER"
"SP4864","MICHAEL SNELSON","CRAIG CONOVER","CRAIG JENSEN","skipped","skipped","skipped","skipped"
"SP4865","CRAIG CONOVER","MICHAEL SNELSON","DALE WATSON","MARCIA CONOVER-HARRIS","AMANDA MILLER","CRAIG JENSEN","XIMENA M. BISHOP"
"SP4866","XIMENA M. BISHOP","MARCIA CONOVER-HARRIS","CRAIG CONOVER","MICHAEL SNELSON","skipped","skipped","skipped"
"SP4867","overvote","skipped","skipped","DALE WATSON","XIMENA M. BISHOP","MARCIA CONOVER-HARRIS","CRAIG CONOVER"
"SP4868","MARCIA CONOVER-HARRIS","CRAIG CONOVER","CRAIG JENSEN","AMANDA MILLER","MICHAEL SNELSON","XIMENA M. BISHOP","DALE WATSON"
"SP4869","MICHAEL SNELSON","XIMENA M. BISHOP","CRAIG JENSEN","DALE WATSON","MARCIA CONOVER-HARRIS","CRAIG CONOVER","AMANDA MILLER"
"SP4870","skipped","skipped","skipped","skipped","skipped","skipped","skipped"
"SP4871","CRAIG CONOVER","MARCIA CONOVER-HARRIS","XIMENA M. BISHOP","skipped","skipped","skipped","skipped"
"SP4872","AMANDA MILLER","MARCIA CONOVER-HARRIS","CRAIG JENSEN","CRAIG CONOVER","MICHAEL SNELSON","DALE WATSON","XIMENA M. BISHOP"
"SP4873","CRAIG CONOVER","MICHAEL SNELSON","DALE WATSON","XIMENA M. BISHOP","CRAIG JENSEN","MARCIA CONOVER-HARRIS","AMANDA MILLER"
"SP4874","overvote","overvote","overvote","overvote","overvote","overvote","overvote"
"SP4875","MARCIA CONOVER-HARRIS","AMANDA MILLER","CRAIG CONOVER","XIMENA M. BISHOP","MICHAEL SNELSON","CRAIG JENSEN","DALE WATSON"
"SP4876","MICHAEL SNELSON","CRAIG JENSEN","CRAIG CONOVER","DALE WATSON","XIMENA M. BISHOP","MARCIA CONOVER-HARRIS","AMANDA MILLER"
"SP4877","MICHAEL SNELSON","DALE WATSON","CRAIG JENSEN","CRAIG CONOVER","XIMENA M. BISHOP","MARCIA CONOVER-HARRIS","AMANDA MILLER"
"SP4878","CRAIG JENSEN","MARCIA CONOVER-HARRIS","AMANDA MILLER","XIMENA M. BISHOP","CRAIG CONOVER","MICHAEL SNELSON","DALE WATSON"
"SP4879","MICHAEL SNELSON","CRAIG JENSEN","CRAIG CONOVER","MARCIA CONOVER-HARRIS","DALE WATSON","AMANDA MILLER","XIMENA M. BISHOP"
"SP4880","CRAIG JENSEN","skipped","skipped","skipped","skipped","skipped","skipped"
"SP4881","AMANDA MILLER","MARCIA CONOVER-HARRIS","CRAIG CONOVER","CRAIG JENSEN","MICHAEL SNELSON","XIMENA M. BISHOP","DALE WATSON"
"SP4882","MICHAEL SNELSON","CRAIG JENSEN","DALE WATSON","XIMENA M. BISHOP","AMANDA MILLER","MARCIA CONOVER-HARRIS","CRAIG CONOVER"
"SP4883","CRAIG JENSEN","AMANDA MILLER","MICHAEL SNELSON","CRAIG CONOVER","MARCIA CONOVER-HARRIS","XIMENA M. BISHOP","DALE WATSON"
"SP4884","XIMENA M. BISHOP","MARCIA CONOVER-HARRIS","MICHAEL SNELSON","CRAIG CONOVER","skipped","skipped","skipped"
"SP4885","MICHAEL SNELSON","CRAIG JENSEN","XIMENA M. BISHOP","DALE WATSON","AMANDA MILLER","CRAIG CONOVER","MARCIA CONOVER-HARRIS"
"SP4886","MICHAEL SNELSON","CRAIG JENSEN","DALE WATSON","XIMENA M. BISHOP","CRAIG CONOVER","MARCIA CONOVER-HARRIS","AMANDA MILLER"
"SP4887","MICHAEL SNELSON","XIMENA M. BISHOP","DALE WATSON","CRAIG JENSEN","AMANDA MILLER","MARCIA CONOVER-HARRIS","CRAIG CONOVER"
"SP4888","MICHAEL SNELSON","CRAIG CONOVER","CRAIG JENSEN","MARCIA CONOVER-HARRIS","XIMENA M. BISHOP","DALE WATSON","AMANDA MILLER"
"SP4889","MICHAEL SNELSON","CRAIG CONOVER","MARCIA CONOVER-HARRIS","XIMENA M. BISHOP","AMANDA MILLER","CRAIG JENSEN","DALE WATSON"
"SP4890","AMANDA MILLER","XIMENA M. BISHOP","MARCIA CONOVER-HARRIS","CRAIG CONOVER","CRAIG JENSEN","MICHAEL SNELSON","skipped"
"SP4891","MICHAEL SNELSON","CRAIG JENSEN","skipped","skipped","skipped","skipped","skipped"
"SP4892","MICHAEL SNELSON","CRAIG CONOVER","MARCIA CONOVER-HARRIS","DALE WATSON","CRAIG JENSEN","AMANDA MILLER","XIMENA M. BISHOP"
"SP4893","CRAIG JENSEN","MARCIA CONOVER-HARRIS","AMANDA MILLER","skipped","skipped","skipped","skipped"
"SP4894","AMANDA MILLER","XIMENA M. BISHOP","MICHAEL SNELSON","DALE WATSON","MARCIA CONOVER-HARRIS","CRAIG JENSEN","CRAIG CONOVER"
"SP4895","CRAIG CONOVER","MICHAEL SNELSON","CRAIG JENSEN","skipped","skipped","skipped","skipped"
"SP4896","MICHAEL SNELSON","CRAIG CONOVER","MARCIA CONOVER-HARRIS","CRAIG JENSEN","AMANDA MILLER","XIMENA M. BISHOP","DALE WATSON"
"SP4897","CRAIG JENSEN","MICHAEL SNELSON","AMANDA MILLER","DALE WATSON","XIMENA M. BISHOP","MARCIA CONOVER-HARRIS","AMANDA MILLER"
"SP4898","MICHAEL SNELSON","CRAIG JENSEN","XIMENA M. BISHOP","DALE WATSON","AMANDA MILLER","CRAIG CONOVER","MARCIA CONOVER-HARRIS"
"SP4899","MICHAEL SNELSON","CRAIG CONOVER","CRAIG JENSEN","MARCIA CONOVER-HARRIS","XIMENA M. BISHOP","AMANDA MILLER","DALE WATSON"
"SP4900","MICHAEL SNELSON","CRAIG JENSEN","AMANDA MILLER","DALE WATSON","XIMENA M. BISHOP","MARCIA CONOVER-HARRIS","CRAIG CONOVER"
"SP4901","CRAIG CONOVER","MICHAEL SNELSON","AMANDA MILLER","CRAIG JENSEN","DALE WATSON","XIMENA M. BISHOP","MARCIA CONOVER-HARRIS"
"SP4902","MICHAEL SNELSON","CRAIG JENSEN","DALE WATSON","XIMENA M. BISHOP","CRAIG CONOVER","MARCIA CONOVER-HARRIS","AMANDA MILLER"
"SP4903","CRAIG CONOVER","MICHAEL SNELSON","CRAIG JENSEN","DALE WATSON","XIMENA M. BISHOP","MARCIA CONOVER-HARRIS","AMANDA MILLER"
"SP4904","CRAIG CONOVER","XIMENA M. BISHOP","MARCIA CONOVER-HARRIS","MICHAEL SNELSON","CRAIG JENSEN","DALE WATSON","AMANDA MILLER"
"SP4905","MARCIA CONOVER-HARRIS","MICHAEL SNELSON","AMANDA MILLER","DALE WATSON","XIMENA M. BISHOP","CRAIG JENSEN","CRAIG CONOVER"
"SP4906","DALE WATSON","MICHAEL SNELSON","CRAIG CONOVER","skipped","skipped","skipped","skipped"
"SP4907","MICHAEL SNELSON","CRAIG JENSEN","CRAIG CONOVER","DALE WATSON","XIMENA M. BISHOP","MARCIA CONOVER-HARRIS","AMANDA MILLER"
"SP4908","CRAIG JENSEN","MARCIA CONOVER-HARRIS","AMANDA MILLER","DALE WATSON","XIMENA M. BISHOP","MICHAEL SNELSON","CRAIG CONOVER"
"SP4909","CRAIG JENSEN","MICHAEL SNELSON","skipped","skipped","skipped","skipped","skipped"
"SP4910","AMANDA MILLER","MARCIA CONOVER-HARRIS","CRAIG CONOVER","MICHAEL SNELSON","CRAIG JENSEN","XIMENA M. BISHOP","DALE WATSON"
"SP4911","MICHAEL SNELSON","CRAIG JENSEN","DALE WATSON","XIMENA M. BISHOP","AMANDA MILLER","MARCIA CONOVER-HARRIS","CRAIG CONOVER"
"SP4912","MICHAEL SNELSON","AMANDA MILLER","XIMENA M. BISHOP","CRAIG CONOVER","CRAIG JENSEN","MARCIA CONOVER-HARRIS","DALE WATSON"
"SP4913","CRAIG CONOVER","AMANDA MILLER","CRAIG JENSEN","MICHAEL SNELSON","XIMENA M. BISHOP","DALE WATSON","MARCIA CONOVER-HARRIS"
"SP4914","XIMENA M. BISHOP","MARCIA CONOVER-HARRIS","MICHAEL SNELSON","CRAIG CONOVER","CRAIG JENSEN","AMANDA MILLER","DALE WATSON"
"SP4915","CRAIG CONOVER","MICHAEL SNELSON","AMANDA MILLER","CRAIG JENSEN","DALE WATSON","XIMENA M. BISHOP","MARCIA CONOVER-HARRIS"
"SP4916","MICHAEL SNELSON","XIMENA M. BISHOP","CRAIG JENSEN","skipped","skipped","skipped","skipped"
"SP4917","CRAIG CONOVER","MARCIA CONOVER-HARRIS","DALE WATSON","MICHAEL SNELSON","XIMENA M. BISHOP","CRAIG JENSEN","AMANDA MILLER"
"SP4918","AMANDA MILLER","skipped","skipped","skipped","skipped","skipped","skipped"
"SP4919","MICHAEL SNELSON","CRAIG CONOVER","MARCIA CONOVER-HARRIS","DALE WATSON","XIMENA M. BISHOP","CRAIG JENSEN","AMANDA MILLER"
"SP4920","AMANDA MILLER","DALE WATSON","XIMENA M. BISHOP","MARCIA CONOVER-HARRIS","CRAIG JENSEN","MICHAEL SNELSON","overvote"
"SP4921","XIMENA M. BISHOP","XIMENA M. BISHOP","XIMENA M. BISHOP","DALE WATSON","DALE WATSON","DALE WATSON","DALE WATSON"
"SP4922","MICHAEL SNELSON","XIMENA M. BISHOP","DALE WATSON","CRAIG JENSEN","AMANDA MILLER","MARCIA CONOVER-HARRIS","CRAIG CONOVER"
"SP4923","AMANDA MILLER","CRAIG JENSEN","XIMENA M. BISHOP","MICHAEL SNELSON","CRAIG CONOVER","MARCIA CONOVER-HARRIS","DALE WATSON"
"SP4924","skipped","AMANDA MILLER","skipped","skipped","skipped","skipped","skipped"
"SP4925","CRAIG CONOVER","MICHAEL SNELSON","AMANDA MILLER","DALE WATSON","XIMENA M. BISHOP","MARCIA CONOVER-HARRIS","CRAIG JENSEN"
"SP4926","CRAIG JENSEN","skipped","skipped","skipped","skipped","skipped","skipped"
"SP4927","CRAIG CONOVER","AMANDA MILLER","MARCIA CONOVER-HARRIS","CRAIG JENSEN","MICHAEL SNELSON","XIMENA M. BISHOP","DALE WATSON"
"SP4928","MICHAEL SNELSON","CRAIG JENSEN","CRAIG CONOVER","MARCIA CONOVER-HARRIS","AMANDA MILLER","XIMENA M. BISHOP","DALE WATSON"
"SP4929","MICHAEL SNELSON","DALE WATSON","AMANDA MILLER","CRAIG JENSEN","XIMENA M. BISHOP","MARCIA CONOVER-HARRIS","CRAIG CONOVER"
"SP4930","MICHAEL SNELSON","DALE WATSON","XIMENA M. BISHOP","CRAIG CONOVER","MARCIA CONOVER-HARRIS","AMANDA MILLER","CRAIG JENSEN"
"SP4931","CRAIG JENSEN","skipped","skipped","skipped","skipped","skipped","skipped"
"SP4932","XIMENA M. BISHOP","CRAIG CONOVER","overvote","MICHAEL SNELSON","skipped","AMANDA MILLER","DALE WATSON"
"SP4933","DALE WATSON","MICHAEL SNELSON","XIMENA M. BISHOP","CRAIG JENSEN","CRAIG CONOVER","AMANDA MILLER","MARCIA CONOVER-HARRIS"
"SP4934","AMANDA MILLER","XIMENA M. BISHOP","MICHAEL SNELSON","CRAIG JENSEN","CRAIG CONOVER","MARCIA CONOVER-HARRIS","DALE WATSON"
"SP4935","CRAIG JENSEN","MICHAEL SNELSON","XIMENA M. BISHOP","DALE WATSON","CRAIG CONOVER","AMANDA MILLER","MARCIA CONOVER-HARRIS"
"SP4936","CRAIG JENSEN","MICHAEL SNELSON","AMANDA MILLER","DALE WATSON","XIMENA M. BISHOP","CRAIG CONOVER","MARCIA CONOVER-HARRIS"
"SP4937","DALE WATSON","XIMENA M. BISHOP","MICHAEL SNELSON","CRAIG JENSEN","CRAIG CONOVER","MARCIA CONOVER-HARRIS","AMANDA MILLER"
"SP4938","XIMENA M. BISHOP","MARCIA CONOVER-HARRIS","MICHAEL SNELSON","CRAIG CONOVER","AMANDA MILLER","CRAIG JENSEN","DALE WATSON"
"SP4939","MICHAEL SNELSON","CRAIG CONOVER","AMANDA MILLER","CRAIG JENSEN","MARCIA CONOVER-HARRIS","DALE WATSON","XIMENA M. BISHOP"
"SP4940","MICHAEL SNELSON","CRAIG CONOVER","DALE WATSON","CRAIG JENSEN","MARCIA CONOVER-HARRIS","XIMENA M. BISHOP","AMANDA MILLER"
"SP4941","DALE WATSON","CRAIG JENSEN","CRAIG CONOVER","MICHAEL SNELSON","MARCIA CONOVER-HARRIS","AMANDA MILLER","XIMENA M. BISHOP"
"SP4942","MICHAEL SNELSON","CRAIG JENSEN","DALE WATSON","XIMENA M. BISHOP","CRAIG CONOVER","MARCIA CONOVER-HARRIS","AMANDA MILLER"
"SP4943","XIMENA M. BISHOP","CRAIG JENSEN","CRAIG CONOVER","MARCIA CONOVER-HARRIS","skipped","skipped","skipped"
"SP4944","XIMENA M. BISHOP","skipped","skipped","skipped","skipped","skipped","skipped"
"SP4945","MICHAEL SNELSON","CRAIG JENSEN","XIMENA M. BISHOP","DALE WATSON","AMANDA MILLER","MARCIA CONOVER-HARRIS","CRAIG CONOVER"
"SP4946","MICHAEL SNELSON","CRAIG JENSEN","skipped","skipped","skipped","skipped","skipped"
"SP4947","MICHAEL SNELSON","skipped","skipped","skipped","skipped","skipped","skipped"
"SP4948","MICHAEL SNELSON","CRAIG CONOVER","CRAIG JENSEN","MARCIA CONOVER-HARRIS","XIMENA M. BISHOP","AMANDA MILLER","DALE WATSON"
"SP4949","MARCIA CONOVER-HARRIS","AMANDA MILLER","MICHAEL SNELSON","CRAIG JENSEN","CRAIG CONOVER","MARCIA CONOVER-HARRIS","XIMENA M. BISHOP"
"SP4950","MICHAEL SNELSON","CRAIG JENSEN","skipped","skipped","skipped","skipped","skipped"
"SP4951","CRAIG CONOVER","MARCIA CONOVER-HARRIS","AMANDA MILLER","skipped","skipped","XIMENA M. BISHOP","skipped"
"SP4952","CRAIG JENSEN","MICHAEL SNELSON","CRAIG CONOVER","XIMENA M. BISHOP","MARCIA CONOVER-HARRIS","DALE WATSON","AMANDA MILLER"
"SP4953","CRAIG CONOVER","MARCIA CONOVER-HARRIS","DALE WATSON","AMANDA MILLER","MICHAEL SNELSON","skipped","skipped"
"SP4954","XIMENA M. BISHOP","skipped","skipped","skipped","skipped","skipped","skipped"
"SP4955","XIMENA M. BISHOP","MARCIA CONOVER-HARRIS","CRAIG CONOVER","AMANDA MILLER","CRAIG JENSEN","MICHAEL SNELSON","DALE WATSON"
"SP4956","CRAIG CONOVER","MICHAEL SNELSON","XIMENA M. BISHOP","CRAIG JENSEN","MARCIA CONOVER-HARRIS","AMANDA MILLER","DALE WATSON"
"SP4957","CRAIG JENSEN","MICHAEL SNELSON","DALE WATSON","XIMENA M. BISHOP","CRAIG CONOVER","MARCIA CONOVER-HARRIS","AMANDA MILLER"
"SP4958","skipped","skipped","skipped","skipped","skipped","skipped","skipped"
"SP4959","CRAIG JENSEN","MICHAEL SNELSON","CRAIG CONOVER","XIMENA M. BISHOP","MARCIA CONOVER-HARRIS","DALE WATSON","AMANDA MILLER"
"SP4960","CRAIG CONOVER","XIMENA M. BISHOP","MARCIA CONOVER-HARRIS","CRAIG JENSEN","MICHAEL SNELSON","AMANDA MILLER","DALE WATSON"
"SP4961","AMANDA MILLER","XIMENA M. BISHOP","DALE WATSON","MICHAEL SNELSON","MARCIA CONOVER-HARRIS","CRAIG CONOVER","CRAIG JENSEN"
"SP4962","MICHAEL SNELSON","CRAIG JENSEN","CRAIG CONOVER","XIMENA M. BISHOP","DALE WATSON","AMANDA MILLER","MARCIA CONOVER-HARRIS"
"SP4963","MICHAEL SNELSON","CRAIG JENSEN","XIMENA M. BISHOP","DALE WATSON","skipped","skipped","skipped"
"SP4964","CRAIG JENSEN","MICHAEL SNELSON","CRAIG CONOVER","MARCIA CONOVER-HARRIS","DALE WATSON","AMANDA MILLER","XIMENA M. BISHOP"
"SP4965","MARCIA CONOVER-HARRIS","MICHAEL SNELSON","CRAIG JENSEN","CRAIG CONOVER","XIMENA M. BISHOP","AMANDA MILLER","DALE WATSON"
"SP4966","AMANDA MILLER","DALE WATSON","CRAIG JENSEN","MARCIA CONOVER-HARRIS","XIMENA M. BISHOP","MICHAEL SNELSON","CRAIG CONOVER"
"SP4967","CRAIG JENSEN","MICHAEL SNELSON","skipped","skipped","skipped","skipped","skipped"
"SP4968","AMANDA MILLER","XIMENA M. BISHOP","DALE WATSON","MICHAEL SNELSON","MARCIA CONOVER-HARRIS","CRAIG CONOVER","CRAIG JENSEN"
"SP4969","AMANDA MILLER","DALE WATSON","CRAIG JENSEN","MARCIA CONOVER-HARRIS","XIMENA M. BISHOP","MICHAEL SNELSON","CRAIG CONOVER"
"SP4970","DALE WATSON","XIMENA M. BISHOP","MICHAEL SNELSON","CRAIG JENSEN","MARCIA CONOVER-HARRIS","AMANDA MILLER","CRAIG CONOVER"
"SP4971","MARCIA CONOVER-HARRIS","CRAIG CONOVER","MICHAEL SNELSON","AMANDA MILLER","XIMENA M. BISHOP","DALE WATSON","CRAIG JENSEN"
"SP4972","DALE WATSON","CRAIG CONOVER","CRAIG JENSEN","AMANDA MILLER","XIMENA M. BISHOP","MARCIA CONOVER-HARRIS","MICHAEL SNELSON"
"SP4973","MICHAEL SNELSON","CRAIG JENSEN","DALE WATSON","skipped","skipped","skipped","skipped"
"SP4974","skipped","skipped","skipped","skipped","skipped","skipped","skipped"
"SP4975","MICHAEL SNELSON","CRAIG JENSEN","DALE WATSON","XIMENA M. BISHOP","AMANDA MILLER","MARCIA CONOVER-HARRIS","CRAIG CONOVER"
"SP4976","skipped","skipped","skipped","skipped","skipped","skipped","skipped"
"SP4977","CRAIG CONOVER","MICHAEL SNELSON","XIMENA M. BISHOP","MARCIA CONOVER-HARRIS","CRAIG JENSEN","DALE WATSON","AMANDA MILLER"
"SP4978","CRAIG JENSEN","MICHAEL SNELSON","CRAIG CONOVER","DALE WATSON","XIMENA M. BISHOP","MARCIA CONOVER-HARRIS","AMANDA MILLER"
"SP4979","DALE WATSON","MICHAEL SNELSON","CRAIG JENSEN","CRAIG CONOVER","AMANDA MILLER","XIMENA M. BISHOP","MARCIA CONOVER-HARRIS"
"SP4980","XIMENA M. BISHOP","MICHAEL SNELSON","CRAIG JENSEN","DALE WATSON","AMANDA MILLER","CRAIG CONOVER","MARCIA CONOVER-HARRIS"
"SP4981","XIMENA M. BISHOP","AMANDA MILLER","MARCIA CONOVER-HARRIS","skipped","skipped","skipped","skipped"
"SP4982","MICHAEL SNELSON","CRAIG JENSEN","XIMENA M. BISHOP","DALE WATSON","AMANDA MILLER","CRAIG CONOVER","MARCIA CONOVER-HARRIS"
"SP4983","DALE WATSON","MICHAEL SNELSON","CRAIG JENSEN","CRAIG CONOVER","XIMENA M. BISHOP","AMANDA MILLER","MARCIA CONOVER-HARRIS"
"SP4984","CRAIG JENSEN","MICHAEL SNELSON","XIMENA M. BISHOP","AMANDA MILLER","DALE WATSON","MARCIA CONOVER-HARRIS","CRAIG CONOVER"
"SP4985","MICHAEL SNELSON","CRAIG JENSEN","DALE WATSON","AMANDA MILLER","CRAIG CONOVER","XIMENA M. BISHOP","MARCIA CONOVER-HARRIS"
"SP4986","MICHAEL SNELSON","CRAIG JENSEN","DALE WATSON","AMANDA MILLER","CRAIG CONOVER","XIMENA M. BISHOP","MARCIA CONOVER-HARRIS"
"SP4987","CRAIG JENSEN","MICHAEL SNELSON","skipped","skipped","skipped","skipped","skipped"
"SP4988","AMANDA MILLER","MARCIA CONOVER-HARRIS","CRAIG CONOVER","CRAIG JENSEN","MICHAEL SNELSON","DALE WATSON","XIMENA M. BISHOP"
"SP4989","DALE WATSON","MICHAEL SNELSON","AMANDA MILLER","CRAIG CONOVER","CRAIG JENSEN","MARCIA CONOVER-HARRIS","XIMENA M. BISHOP"
"SP4990","CRAIG JENSEN","MICHAEL SNELSON","AMANDA MILLER","DALE WATSON","XIMENA M. BISHOP","CRAIG CONOVER","MARCIA CONOVER-HARRIS"
"SP4991","AMANDA MILLER","MARCIA CONOVER-HARRIS","XIMENA M. BISHOP","DALE WATSON","MICHAEL SNELSON","CRAIG JENSEN","CRAIG CONOVER"
"SP4992","DALE WATSON","MICHAEL SNELSON","AMANDA MILLER","CRAIG CONOVER","skipped","CRAIG JENSEN","XIMENA M. BISHOP"
"SP4993","CRAIG CONOVER","MICHAEL SNELSON","CRAIG JENSEN","MARCIA CONOVER-HARRIS","DALE WATSON","AMANDA MILLER","skipped"
"SP4994","overvote","skipped","skipped","skipped","skipped","skipped","skipped"
"SP4995","XIMENA M. BISHOP","MICHAEL SNELSON","skipped","skipped","skipped","skipped","skipped"
"SP4996","skipped","overvote","XIMENA M. BISHOP","MICHAEL SNELSON","overvote","CRAIG CONOVER","CRAIG JENSEN"
"SP4997","CRAIG JENSEN","MICHAEL SNELSON","XIMENA M. BISHOP","DALE WATSON","AMANDA MILLER","CRAIG CONOVER","MARCIA CONOVER-HARRIS"
"SP4998","CRAIG CONOVER","DALE WATSON","MARCIA CONOVER-HARRIS","MICHAEL SNELSON","AMANDA MILLER","CRAIG JENSEN","XIMENA M. BISHOP"
"SP4999","MICHAEL SNELSON","CRAIG JENSEN","skipped","skipped","skipped","skipped","skipped"
"SP5000","MICHAEL SNELSON","CRAIG JENSEN","CRAIG CONOVER","skipped","skipped","skipped","skipped"
"SP5001","CRAIG CONOVER","CRAIG JENSEN","MICHAEL SNELSON","XIMENA M. BISHOP","DALE WATSON","AMANDA MILLER","MARCIA CONOVER-HARRIS"
"SP5002","CRAIG CONOVER","MICHAEL SNELSON","CRAIG JENSEN","MARCIA CONOVER-HARRIS","XIMENA M. BISHOP","DALE WATSON","AMANDA MILLER"
"SP5003","MICHAEL SNELSON","CRAIG JENSEN","XIMENA M. BISHOP","DALE WATSON","AMANDA MILLER","MARCIA CONOVER-HARRIS","CRAIG CONOVER"
"SP5004","DALE WATSON","MICHAEL SNELSON","CRAIG JENSEN","CRAIG CONOVER","AMANDA MILLER","MARCIA CONOVER-HARRIS","XIMENA M. BISHOP"
"SP5005","DALE WATSON","AMANDA MILLER","CRAIG JENSEN","CRAIG CONOVER","XIMENA M. BISHOP","MARCIA CONOVER-HARRIS","AMANDA MILLER"
"SP5006","MARCIA CONOVER-HARRIS","CRAIG CONOVER","CRAIG JENSEN","MICHAEL SNELSON","DALE WATSON","AMANDA MILLER","XIMENA M. BISHOP"
"SP5007","AMANDA MILLER","MARCIA CONOVER-HARRIS","XIMENA M. BISHOP","skipped","skipped","skipped","skipped"
"SP5008","XIMENA M. BISHOP","MICHAEL SNELSON","AMANDA MILLER","CRAIG JENSEN","DALE WATSON","MARCIA CONOVER-HARRIS","CRAIG CONOVER"
"SP5009","MICHAEL SNELSON","CRAIG JENSEN","DALE WATSON","XIMENA M. BISHOP","AMANDA MILLER","MARCIA CONOVER-HARRIS","CRAIG CONOVER"
"SP5010","CRAIG JENSEN","CRAIG CONOVER","MICHAEL SNELSON","DALE WATSON","MARCIA CONOVER-HARRIS","XIMENA M. BISHOP","AMANDA MILLER"
"SP5011","MARCIA CONOVER-HARRIS","CRAIG CONOVER","MICHAEL SNELSON","XIMENA M. BISHOP","DALE WATSON","AMANDA MILLER","CRAIG JENSEN"
"SP5012","MICHAEL SNELSON","CRAIG CONOVER","AMANDA MILLER","DALE WATSON","CRAIG JENSEN","XIMENA M. BISHOP","MARCIA CONOVER-HARRIS"
"SP5013","MARCIA CONOVER-HARRIS","CRAIG CONOVER","XIMENA M. BISHOP","CRAIG JENSEN","MICHAEL SNELSON","AMANDA MILLER","DALE WATSON"
"SP5014","overvote","skipped","skipped","skipped","skipped","skipped","skipped"
"SP5015","CRAIG CONOVER","MICHAEL SNELSON","CRAIG JENSEN","MARCIA CONOVER-HARRIS","AMANDA MILLER","DALE WATSON","XIMENA M. BISHOP"
"SP5016","CRAIG JENSEN","CRAIG CONOVER","MICHAEL SNELSON","XIMENA M. BISHOP","MARCIA CONOVER-HARRIS","AMANDA MILLER","DALE WATSON"
"SP5017","MICHAEL SNELSON","CRAIG JENSEN","DALE WATSON","XIMENA M. BISHOP","AMANDA MILLER","CRAIG CONOVER","MARCIA CONOVER-HARRIS"
"SP5018","CRAIG CONOVER","MICHAEL SNELSON","CRAIG JENSEN","DALE WATSON","AMANDA MILLER","MARCIA CONOVER-HARRIS","XIMENA M. BISHOP"
"SP5019","DALE WATSON","AMANDA MILLER","CRAIG JENSEN","MICHAEL SNELSON","MARCIA CONOVER-HARRIS","XIMENA M. BISHOP","CRAIG CONOVER"
"SP5020","MICHAEL SNELSON","CRAIG JENSEN","XIMENA M. BISHOP","MARCIA CONOVER-HARRIS","CRAIG CONOVER","DALE WATSON","AMANDA MILLER"
"SP5021","MICHAEL SNELSON","skipped","skipped","skipped","skipped","skipped","skipped"
"SP5022","overvote","skipped","skipped","skipped","skipped","skipped","skipped"
"SP5023","CRAIG JENSEN","MICHAEL SNELSON","CRAIG CONOVER","MICHAEL SNELSON","XIMENA M. BISHOP","DALE WATSON","MARCIA CONOVER-HARRIS"
"SP5024","MARCIA CONOVER-HARRIS","CRAIG CONOVER","CRAIG JENSEN","MICHAEL SNELSON","DALE WATSON","XIMENA M. BISHOP","AMANDA MILLER"
"SP5025","CRAIG JENSEN","MICHAEL SNELSON","XIMENA M. BISHOP","CRAIG CONOVER","MARCIA CONOVER-HARRIS","AMANDA MILLER","DALE WATSON"
"SP5026","MICHAEL SNELSON","CRAIG CONOVER","DALE WATSON","CRAIG JENSEN","MARCIA CONOVER-HARRIS","AMANDA MILLER","XIMENA M. BISHOP"
"SP5027","CRAIG JENSEN","MICHAEL SNELSON","XIMENA M. BISHOP","DALE WATSON","AMANDA MILLER","CRAIG CONOVER","MARCIA CONOVER-HARRIS"
"SP5028","CRAIG JENSEN","MICHAEL SNELSON","XIMENA M. BISHOP","DALE WATSON","AMANDA MILLER","skipped","skipped"
"SP5029","AMANDA MILLER","CRAIG CONOVER","MARCIA CONOVER-HARRIS","CRAIG JENSEN","XIMENA M. BISHOP","MICHAEL SNELSON","DALE WATSON"
"SP5030","XIMENA M. BISHOP","AMANDA MILLER","skipped","skipped","skipped","skipped","skipped"
"SP5031","CRAIG JENSEN","AMANDA MILLER","MICHAEL SNELSON","CRAIG CONOVER","DALE WATSON","AMANDA MILLER","XIMENA M. BISHOP"
"SP5032","MARCIA CONOVER-HARRIS","CRAIG JENSEN","MICHAEL SNELSON","XIMENA M. BISHOP","AMANDA MILLER","DALE WATSON","CRAIG CONOVER"
"SP5033","XIMENA M. BISHOP","CRAIG CONOVER","MICHAEL SNELSON","MARCIA CONOVER-HARRIS","AMANDA MILLER","CRAIG JENSEN","DALE WATSON"
"SP5034","MICHAEL SNELSON","CRAIG JENSEN","CRAIG CONOVER","MARCIA CONOVER-HARRIS","AMANDA MILLER","DALE WATSON","XIMENA M. BISHOP"
"SP5035","CRAIG JENSEN","XIMENA M. BISHOP","MICHAEL SNELSON","DALE WATSON","skipped","skipped","skipped"
"SP5036","MARCIA CONOVER-HARRIS","CRAIG JENSEN","XIMENA M. BISHOP","MICHAEL SNELSON","CRAIG CONOVER","DALE WATSON","AMANDA MILLER"
"SP5037","CRAIG CONOVER","MARCIA CONOVER-HARRIS","skipped","skipped","skipped","skipped","skipped"
"SP5038","MICHAEL SNELSON","CRAIG JENSEN","DALE WATSON","XIMENA M. BISHOP","CRAIG CONOVER","MARCIA CONOVER-HARRIS","AMANDA MILLER"
"SP5039","CRAIG JENSEN","XIMENA M. BISHOP","MICHAEL SNELSON","DALE WATSON","skipped","skipped","skipped"
"SP5040","MICHAEL SNELSON","CRAIG JENSEN","CRAIG CONOVER","DALE WATSON","AMANDA MILLER","XIMENA M. BISHOP","MARCIA CONOVER-HARRIS"
"SP5041","XIMENA M. BISHOP","AMANDA MILLER","skipped","skipped","skipped","skipped","skipped"
"SP5042","MICHAEL SNELSON","skipped","skipped","skipped","skipped","skipped","skipped"
"SP5043","CRAIG CONOVER","MARCIA CONOVER-HARRIS","CRAIG JENSEN","MICHAEL SNELSON","DALE WATSON","AMANDA MILLER","XIMENA M. BISHOP"
"SP5044","AMANDA MILLER","MARCIA CONOVER-HARRIS","CRAIG CONOVER","CRAIG JENSEN","MICHAEL SNELSON","XIMENA M. BISHOP","DALE WATSON"
"SP5045","MICHAEL SNELSON","CRAIG CONOVER","CRAIG JENSEN","DALE WATSON","MARCIA CONOVER-HARRIS","XIMENA M. BISHOP","AMANDA MILLER"
"SP5046","MICHAEL SNELSON","DALE WATSON","MARCIA CONOVER-HARRIS","CRAIG JENSEN","CRAIG CONOVER","AMANDA MILLER","XIMENA M. BISHOP"
"SP5047","MICHAEL SNELSON","skipped","skipped","skipped","skipped","skipped","skipped"
"SP5048","CRAIG CONOVER","CRAIG JENSEN","MICHAEL SNELSON","MARCIA CONOVER-HARRIS","AMANDA MILLER","DALE WATSON","XIMENA M. BISHOP"
"SP5049","CRAIG JENSEN","MICHAEL SNELSON","skipped","skipped","skipped","skipped","skipped"
"SP5050","AMANDA MILLER","CRAIG CONOVER","CRAIG JENSEN","MICHAEL SNELSON","XIMENA M. BISHOP","DALE WATSON","MARCIA CONOVER-HARRIS"
"SP5051","CRAIG JENSEN","MICHAEL SNELSON","skipped","skipped","skipped","skipped","skipped"
"SP5052","DALE WATSON","XIMENA M. BISHOP","MICHAEL SNELSON","CRAIG JENSEN","CRAIG CONOVER","MARCIA CONOVER-HARRIS","AMANDA MILLER"
"SP5053","CRAIG JENSEN","CRAIG CONOVER","MARCIA CONOVER-HARRIS","DALE WATSON","MICHAEL SNELSON","XIMENA M. BISHOP","AMANDA MILLER"
"SP5054","MICHAEL SNELSON","MARCIA CONOVER-HARRIS","CRAIG CONOVER","CRAIG JENSEN","skipped","skipped","skipped"
"SP5055","MICHAEL SNELSON","CRAIG JENSEN","XIMENA M. BISHOP","skipped","skipped","skipped","skipped"
"SP5056","MICHAEL SNELSON","CRAIG JENSEN","skipped","skipped","skipped","skipped","skipped"
"SP5057","CRAIG CONOVER","MARCIA CONOVER-HARRIS","skipped","skipped","skipped","skipped","skipped"
"SP5058","XIMENA M. BISHOP","AMANDA MILLER","MARCIA CONOVER-HARRIS","skipped","skipped","skipped","skipped"
"SP5059","MICHAEL SNELSON","CRAIG JENSEN","CRAIG CONOVER","DALE WATSON","AMANDA MILLER","XIMENA M. BISHOP","MARCIA CONOVER-HARRIS"
"SP5060","XIMENA M. BISHOP","MARCIA CONOVER-HARRIS","AMANDA MILLER","skipped","skipped","skipped","skipped"
"SP5061","MICHAEL SNELSON","CRAIG JENSEN","DALE WATSON","XIMENA M. BISHOP","AMANDA MILLER","MARCIA CONOVER-HARRIS","CRAIG CONOVER"
"SP5062","XIMENA M. BISHOP","CRAIG CONOVER","MICHAEL SNELSON","CRAIG JENSEN","MARCIA CONOVER-HARRIS","DALE WATSON","AMANDA MILLER"
"SP5063","CRAIG JENSEN","CRAIG CONOVER","MARCIA CONOVER-HARRIS","XIMENA M. BISHOP","skipped","skipped","skipped"
"SP5064","CRAIG CONOVER","AMANDA MILLER","DALE WATSON","skipped","skipped","skipped","skipped"
"SP5065","CRAIG JENSEN","MICHAEL SNELSON","DALE WATSON","CRAIG CONOVER","XIMENA M. BISHOP","MARCIA CONOVER-HARRIS","AMANDA MILLER"
"SP5066","CRAIG JENSEN","MARCIA CONOVER-HARRIS","XIMENA M. BISHOP","CRAIG CONOVER","MICHAEL SNELSON","DALE WATSON","AMANDA MILLER"
"SP5067","CRAIG CONOVER","MARCIA CONOVER-HARRIS","skipped","skipped","skipped","skipped","skipped"
"SP5068","XIMENA M. BISHOP","MARCIA CONOVER-HARRIS","MICHAEL SNELSON","CRAIG CONOVER","CRAIG JENSEN","DALE WATSON","AMANDA MILLER"
"SP5069","XIMENA M. BISHOP","skipped","skipped","skipped","skipped","skipped","skipped"
"SP5070","XIMENA M. BISHOP","CRAIG JENSEN","MARCIA CONOVER-HARRIS","MICHAEL SNELSON","CRAIG CONOVER","DALE WATSON","skipped"
"SP5071","MARCIA CONOVER-HARRIS","AMANDA MILLER","XIMENA M. BISHOP","CRAIG CONOVER","CRAIG JENSEN","MICHAEL SNELSON","DALE WATSON"
"SP5072","MICHAEL SNELSON","CRAIG JENSEN","XIMENA M. BISHOP","AMANDA MILLER","DALE WATSON","CRAIG CONOVER","MARCIA CONOVER-HARRIS"
"SP5073","DALE WATSON","XIMENA M. BISHOP","CRAIG CONOVER","CRAIG JENSEN","MICHAEL SNELSON","MARCIA CONOVER-HARRIS","AMANDA MILLER"
"SP5074","MICHAEL SNELSON","CRAIG JENSEN","XIMENA M. BISHOP","AMANDA MILLER","DALE WATSON","CRAIG CONOVER","MARCIA CONOVER-HARRIS"
"SP5075","DALE WATSON","MICHAEL SNELSON","CRAIG JENSEN","CRAIG CONOVER","XIMENA M. BISHOP","MARCIA CONOVER-HARRIS","AMANDA MILLER"
"SP5076","AMANDA MILLER","CRAIG CONOVER","DALE WATSON","MICHAEL SNELSON","MARCIA CONOVER-HARRIS","CRAIG JENSEN","XIMENA M. BISHOP"
"SP5077","MICHAEL SNELSON","CRAIG JENSEN","DALE WATSON","AMANDA MILLER","MARCIA CONOVER-HARRIS","CRAIG CONOVER","XIMENA M. BISHOP"
"SP5078","AMANDA MILLER","CRAIG CONOVER","MARCIA CONOVER-HARRIS","CRAIG JENSEN","XIMENA M. BISHOP","MICHAEL SNELSON","DALE WATSON"
"SP5079","overvote","skipped","skipped","skipped","skipped","skipped","skipped"
"SP5080","MICHAEL SNELSON","CRAIG JENSEN","CRAIG CONOVER","skipped","skipped","skipped","skipped"
"SP5081","CRAIG CONOVER","XIMENA M. BISHOP","MICHAEL SNELSON","MARCIA CONOVER-HARRIS","CRAIG JENSEN","AMANDA MILLER","DALE WATSON"
"SP5082","MICHAEL SNELSON","CRAIG JENSEN","XIMENA M. BISHOP","DALE WATSON","AMANDA MILLER","CRAIG CONOVER","MARCIA CONOVER-HARRIS"
"SP5083","MICHAEL SNELSON","CRAIG JENSEN","CRAIG CONOVER","DALE WATSON","AMANDA MILLER","MARCIA CONOVER-HARRIS","XIMENA M. BISHOP"
"SP5084","MICHAEL SNELSON","XIMENA M. BISHOP","DALE WATSON","AMANDA MILLER","CRAIG JENSEN","MARCIA CONOVER-HARRIS","CRAIG CONOVER"
"SP5085","CRAIG JENSEN","CRAIG CONOVER","MICHAEL SNELSON","skipped","skipped","skipped","skipped"
"SP5086","CRAIG CONOVER","CRAIG JENSEN","MICHAEL SNELSON","XIMENA M. BISHOP","DALE WATSON","MARCIA CONOVER-HARRIS","AMANDA MILLER"
"SP5087","AMANDA MILLER","MARCIA CONOVER-HARRIS","XIMENA M. BISHOP","DALE WATSON","skipped","skipped","skipped"
"SP5088","MICHAEL SNELSON","CRAIG JENSEN","DALE WATSON","CRAIG CONOVER","MARCIA CONOVER-HARRIS","XIMENA M. BISHOP","AMANDA MILLER"
"SP5089","MICHAEL SNELSON","CRAIG JENSEN","XIMENA M. BISHOP","MARCIA CONOVER-HARRIS","DALE WATSON","CRAIG CONOVER","AMANDA MILLER"
"SP5090","CRAIG JENSEN","CRAIG CONOVER","XIMENA M. BISHOP","MICHAEL SNELSON","MARCIA CONOVER-HARRIS","AMANDA MILLER","DALE WATSON"
"SP5091","MICHAEL SNELSON","CRAIG JENSEN","skipped","skipped","skipped","skipped","skipped"
"SP5092","XIMENA M. BISHOP","MICHAEL SNELSON","DALE WATSON","skipped","skipped","skipped","skipped"
"SP5093","MICHAEL SNELSON","CRAIG JENSEN","XIMENA M. BISHOP","DALE WATSON","AMANDA MILLER","CRAIG CONOVER","MARCIA CONOVER-HARRIS"
"SP5094","AMANDA MILLER","CRAIG JENSEN","skipped","skipped","skipped","skipped","skipped"
"SP5095","overvote","skipped","skipped","skipped","skipped","skipped","skipped"
"SP5096","DALE WATSON","CRAIG JENSEN","MICHAEL SNELSON","XIMENA M. BISHOP","AMANDA MILLER","MARCIA CONOVER-HARRIS","CRAIG CONOVER"
"SP5097","XIMENA M. BISHOP","CRAIG JENSEN","MICHAEL SNELSON","MARCIA CONOVER-HARRIS","CRAIG CONOVER","AMANDA MILLER","DALE WATSON"
"SP5098","MICHAEL SNELSON","CRAIG JENSEN","skipped","skipped","skipped","skipped","skipped"
"SP5099","MARCIA CONOVER-HARRIS","CRAIG CONOVER","MICHAEL SNELSON","CRAIG JENSEN","AMANDA MILLER","DALE WATSON","XIMENA M. BISHOP"
"SP5100","CRAIG JENSEN","skipped","skipped","skipped","skipped","skipped","skipped"
"SP5101","XIMENA M. BISHOP","MICHAEL SNELSON","MARCIA CONOVER-HARRIS","CRAIG CONOVER","CRAIG JENSEN","AMANDA MILLER","DALE WATSON"
"SP5102","skipped","skipped","skipped","skipped","skipped","skipped","skipped"
"SP5103","CRAIG JENSEN","MARCIA CONOVER-HARRIS","XIMENA M. BISHOP","CRAIG CONOVER","MICHAEL SNELSON","DALE WATSON","AMANDA MILLER"
"SP5104","CRAIG JENSEN","XIMENA M. BISHOP","MICHAEL SNELSON","CRAIG CONOVER","MARCIA CONOVER-HARRIS","DALE WATSON","AMANDA MILLER"
"SP5105","AMANDA MILLER","CRAIG CONOVER","MICHAEL SNELSON","skipped","skipped","skipped","skipped"
"SP5106","overvote","skipped","skipped","skipped","skipped","skipped","skipped"
"SP5107","XIMENA M. BISHOP","MICHAEL SNELSON","CRAIG CONOVER","MARCIA CONOVER-HARRIS","AMANDA MILLER","CRAIG JENSEN","DALE WATSON"
"SP5108","CRAIG JENSEN","XIMENA M. BISHOP","DALE WATSON","MICHAEL SNELSON","CRAIG CONOVER","MARCIA CONOVER-HARRIS","AMANDA MILLER"
"SP5109","CRAIG CONOVER","XIMENA M. BISHOP","MICHAEL SNELSON","DALE WATSON","CRAIG JENSEN","MARCIA CONOVER-HARRIS","AMANDA MILLER"
"SP5110","CRAIG CONOVER","MARCIA CONOVER-HARRIS","skipped","skipped","skipped","skipped","skipped"
"SP5111","MARCIA CONOVER-HARRIS","MICHAEL SNELSON","XIMENA M. BISHOP","CRAIG JENSEN","CRAIG CONOVER","AMANDA MILLER","DALE WATSON"
"SP5112","XIMENA M. BISHOP","MARCIA CONOVER-HARRIS","AMANDA MILLER","DALE WATSON","MICHAEL SNELSON","CRAIG CONOVER","CRAIG JENSEN"
"SP5113","CRAIG CONOVER","MICHAEL SNELSON","CRAIG JENSEN","MARCIA CONOVER-HARRIS","XIMENA M. BISHOP","AMANDA MILLER","DALE WATSON"
"SP5114","skipped","skipped","skipped","skipped","skipped","skipped","skipped"
"SP5115","CRAIG CONOVER","CRAIG JENSEN","MICHAEL SNELSON","XIMENA M. BISHOP","DALE WATSON","MARCIA CONOVER-HARRIS","AMANDA MILLER"
"SP5116","MICHAEL SNELSON","CRAIG JENSEN","CRAIG CONOVER","XIMENA M. BISHOP","MARCIA CONOVER-HARRIS","DALE WATSON","AMANDA MILLER"
"SP5117","MICHAEL SNELSON","CRAIG JENSEN","CRAIG CONOVER","MARCIA CONOVER-HARRIS","AMANDA MILLER","DALE WATSON","XIMENA M. BISHOP"
"SP5118","MICHAEL SNELSON","CRAIG JENSEN","CRAIG CONOVER","XIMENA M. BISHOP","MARCIA CONOVER-HARRIS","DALE WATSON","AMANDA MILLER"
"SP5119","MICHAEL SNELSON","CRAIG JENSEN","CRAIG CONOVER","XIMENA M. BISHOP","MARCIA CONOVER-HARRIS","DALE WATSON","AMANDA MILLER"
"SP5120","MICHAEL SNELSON","CRAIG JENSEN","CRAIG CONOVER","AMANDA MILLER","DALE WATSON","MARCIA CONOVER-HARRIS","XIMENA M. BISHOP"
"SP5121","DALE WATSON","XIMENA M. BISHOP","MICHAEL SNELSON","CRAIG JENSEN","CRAIG CONOVER","MARCIA CONOVER-HARRIS","AMANDA MILLER"
"SP5122","MARCIA CONOVER-HARRIS","MICHAEL SNELSON","CRAIG CONOVER","AMANDA MILLER","XIMENA M. BISHOP","DALE WATSON","CRAIG JENSEN"
"SP5123","DALE WATSON","CRAIG CONOVER","MICHAEL SNELSON","MARCIA CONOVER-HARRIS","CRAIG JENSEN","AMANDA MILLER","XIMENA M. BISHOP"
"SP5124","DALE WATSON","CRAIG CONOVER","MICHAEL SNELSON","MARCIA CONOVER-HARRIS","CRAIG JENSEN","AMANDA MILLER","XIMENA M. BISHOP"
"SP5125","MARCIA CONOVER-HARRIS","CRAIG CONOVER","skipped","skipped","skipped","skipped","skipped"
"SP5126","MICHAEL SNELSON","CRAIG JENSEN","DALE WATSON","XIMENA M. BISHOP","MARCIA CONOVER-HARRIS","CRAIG CONOVER","AMANDA MILLER"
"SP5127","XIMENA M. BISHOP","CRAIG JENSEN","MICHAEL SNELSON","MARCIA CONOVER-HARRIS","CRAIG CONOVER","AMANDA MILLER","DALE WATSON"
"SP5128","CRAIG CONOVER","CRAIG JENSEN","MICHAEL SNELSON","MARCIA CONOVER-HARRIS","XIMENA M. BISHOP","AMANDA MILLER","DALE WATSON"
"SP5129","XIMENA M. BISHOP","MICHAEL SNELSON","DALE WATSON","CRAIG JENSEN","MARCIA CONOVER-HARRIS","CRAIG CONOVER","AMANDA MILLER"
"SP5130","CRAIG CONOVER","MARCIA CONOVER-HARRIS","MICHAEL SNELSON","XIMENA M. BISHOP","skipped","skipped","skipped"
"SP5131","CRAIG CONOVER","CRAIG JENSEN","MICHAEL SNELSON","MARCIA CONOVER-HARRIS","XIMENA M. BISHOP","AMANDA MILLER","DALE WATSON"
"SP5132","DALE WATSON","CRAIG CONOVER","XIMENA M. BISHOP","MICHAEL SNELSON","MARCIA CONOVER-HARRIS","CRAIG JENSEN","AMANDA MILLER"
"SP5133","CRAIG CONOVER","MARCIA CONOVER-HARRIS","CRAIG JENSEN","MICHAEL SNELSON","AMANDA MILLER","XIMENA M. BISHOP","DALE WATSON"
"SP5134","MICHAEL SNELSON","AMANDA MILLER","MARCIA CONOVER-HARRIS","CRAIG CONOVER","CRAIG JENSEN","XIMENA M. BISHOP","DALE WATSON"
"SP5135","XIMENA M. BISHOP","CRAIG CONOVER","MARCIA CONOVER-HARRIS","AMANDA MILLER","CRAIG JENSEN","MICHAEL SNELSON","DALE WATSON"
"SP5136","DALE WATSON","CRAIG CONOVER","XIMENA M. BISHOP","MICHAEL SNELSON","CRAIG JENSEN","MARCIA CONOVER-HARRIS","AMANDA MILLER"
"SP5137","MICHAEL SNELSON","CRAIG JENSEN","XIMENA M. BISHOP","DALE WATSON","AMANDA MILLER","MARCIA CONOVER-HARRIS","CRAIG CONOVER"
"SP5138","MICHAEL SNELSON","XIMENA M. BISHOP","AMANDA MILLER","DALE WATSON","MICHAEL SNELSON","MARCIA CONOVER-HARRIS","CRAIG CONOVER"
"SP5139","CRAIG CONOVER","CRAIG JENSEN","MICHAEL SNELSON","skipped","skipped","skipped","skipped"
"SP5140","AMANDA MILLER","XIMENA M. BISHOP","DALE WATSON","MICHAEL SNELSON","CRAIG JENSEN","CRAIG CONOVER","MARCIA CONOVER-HARRIS"
"SP5141","MICHAEL SNELSON","CRAIG JENSEN","skipped","skipped","skipped","skipped","skipped"
"SP5142","MICHAEL SNELSON","XIMENA M. BISHOP","DALE WATSON","AMANDA MILLER","CRAIG CONOVER","CRAIG JENSEN","MARCIA CONOVER-HARRIS"
"SP5143","CRAIG JENSEN","MICHAEL SNELSON","skipped","skipped","skipped","skipped","skipped"
"SP5144","DALE WATSON","MICHAEL SNELSON","CRAIG CONOVER","XIMENA M. BISHOP","CRAIG JENSEN","AMANDA MILLER","MARCIA CONOVER-HARRIS"
"SP5145","CRAIG JENSEN","MICHAEL SNELSON","AMANDA MILLER","XIMENA M. BISHOP","skipped","skipped","skipped"
"SP5146","CRAIG JENSEN","CRAIG CONOVER","MARCIA CONOVER-HARRIS","AMANDA MILLER","DALE WATSON","XIMENA M. BISHOP","MICHAEL SNELSON"
"SP5147","MICHAEL SNELSON","CRAIG CONOVER","CRAIG JENSEN","DALE WATSON","XIMENA M. BISHOP","MARCIA CONOVER-HARRIS","AMANDA MILLER"
"SP5148","MARCIA CONOVER-HARRIS","CRAIG CONOVER","skipped","skipped","skipped","skipped","skipped"
"SP5149","XIMENA M. BISHOP","MARCIA CONOVER-HARRIS","AMANDA MILLER","CRAIG JENSEN","CRAIG CONOVER","MICHAEL SNELSON","DALE WATSON"
"SP5150","MICHAEL SNELSON","CRAIG JENSEN","DALE WATSON","CRAIG CONOVER","AMANDA MILLER","XIMENA M. BISHOP","MARCIA CONOVER-HARRIS"
"SP5151","DALE WATSON","XIMENA M. BISHOP","MICHAEL SNELSON","CRAIG JENSEN","AMANDA MILLER","CRAIG CONOVER","MARCIA CONOVER-HARRIS"
"SP5152","MICHAEL SNELSON","CRAIG JENSEN","DALE WATSON","CRAIG CONOVER","XIMENA M. BISHOP","MARCIA CONOVER-HARRIS","AMANDA MILLER"
"SP5153","MICHAEL SNELSON","CRAIG JENSEN","CRAIG CONOVER","DALE WATSON","MARCIA CONOVER-HARRIS","AMANDA MILLER","XIMENA M. BISHOP"
"SP5154","DALE WATSON","CRAIG JENSEN","CRAIG CONOVER","AMANDA MILLER","MICHAEL SNELSON","MARCIA CONOVER-HARRIS","XIMENA M. BISHOP"
"SP5155","CRAIG CONOVER","DALE WATSON","skipped","skipped","skipped","skipped","skipped"
"SP5156","MARCIA CONOVER-HARRIS","CRAIG CONOVER","skipped","skipped","skipped","skipped","skipped"
"SP5157","MICHAEL SNELSON","CRAIG JENSEN","MARCIA CONOVER-HARRIS","CRAIG CONOVER","skipped","skipped","skipped"
"SP5158","MICHAEL SNELSON","CRAIG CONOVER","CRAIG JENSEN","XIMENA M. BISHOP","AMANDA MILLER","MARCIA CONOVER-HARRIS","DALE WATSON"
"SP5159","MICHAEL SNELSON","XIMENA M. BISHOP","CRAIG CONOVER","CRAIG JENSEN","MARCIA CONOVER-HARRIS","DALE WATSON","AMANDA MILLER"
"SP5160","XIMENA M. BISHOP","CRAIG JENSEN","AMANDA MILLER","MARCIA CONOVER-HARRIS","MICHAEL SNELSON","DALE WATSON","CRAIG CONOVER"
"SP5161","MICHAEL SNELSON","DALE WATSON","skipped","skipped","skipped","skipped","skipped"
"SP5162","MARCIA CONOVER-HARRIS","MICHAEL SNELSON","CRAIG JENSEN","CRAIG CONOVER","DALE WATSON","XIMENA M. BISHOP","AMANDA MILLER"
"SP5163","DALE WATSON","CRAIG JENSEN","MARCIA CONOVER-HARRIS","MICHAEL SNELSON","CRAIG CONOVER","AMANDA MILLER","XIMENA M. BISHOP"
"SP5164","CRAIG CONOVER","MARCIA CONOVER-HARRIS","skipped","skipped","skipped","skipped","skipped"
"SP5165","CRAIG CONOVER","MARCIA CONOVER-HARRIS","MICHAEL SNELSON","AMANDA MILLER","CRAIG JENSEN","XIMENA M. BISHOP","DALE WATSON"
"SP5166","MICHAEL SNELSON","DALE WATSON","CRAIG JENSEN","CRAIG CONOVER","MARCIA CONOVER-HARRIS","AMANDA MILLER","XIMENA M. BISHOP"
"SP5167","CRAIG CONOVER","MARCIA CONOVER-HARRIS","MICHAEL SNELSON","AMANDA MILLER","CRAIG JENSEN","XIMENA M. BISHOP","DALE WATSON"
"SP5168","XIMENA M. BISHOP","CRAIG CONOVER","CRAIG JENSEN","MICHAEL SNELSON","DALE WATSON","MARCIA CONOVER-HARRIS","AMANDA MILLER"
"SP5169","CRAIG CONOVER","AMANDA MILLER","MICHAEL SNELSON","skipped","DALE WATSON","CRAIG JENSEN","XIMENA M. BISHOP"
"SP5170","overvote","XIMENA M. BISHOP","MICHAEL SNELSON","CRAIG JENSEN","MICHAEL SNELSON","MARCIA CONOVER-HARRIS","CRAIG CONOVER"
"SP5171","MARCIA CONOVER-HARRIS","CRAIG CONOVER","XIMENA M. BISHOP","CRAIG JENSEN","DALE WATSON","AMANDA MILLER","MICHAEL SNELSON"
"SP5172","CRAIG CONOVER","MARCIA CONOVER-HARRIS","AMANDA MILLER","CRAIG JENSEN","DALE WATSON","XIMENA M. BISHOP","MICHAEL SNELSON"
"SP5173","CRAIG CONOVER","skipped","skipped","skipped","skipped","skipped","skipped"
"SP5174","MARCIA CONOVER-HARRIS","CRAIG CONOVER","CRAIG JENSEN","MICHAEL SNELSON","DALE WATSON","skipped","skipped"
"SP5175","MICHAEL SNELSON","XIMENA M. BISHOP","DALE WATSON","AMANDA MILLER","CRAIG JENSEN","CRAIG CONOVER","MARCIA CONOVER-HARRIS"
"SP5176","MICHAEL SNELSON","CRAIG CONOVER","MARCIA CONOVER-HARRIS","skipped","skipped","skipped","skipped"
"SP5177","MICHAEL SNELSON","CRAIG JENSEN","XIMENA M. BISHOP","MARCIA CONOVER-HARRIS","CRAIG CONOVER","AMANDA MILLER","DALE WATSON"
"SP5178","MICHAEL SNELSON","XIMENA M. BISHOP","CRAIG JENSEN","CRAIG CONOVER","DALE WATSON","MARCIA CONOVER-HARRIS","AMANDA MILLER"
"SP5179","MARCIA CONOVER-HARRIS","CRAIG CONOVER","XIMENA M. BISHOP","skipped","skipped","skipped","skipped"
"SP5180","MARCIA CONOVER-HARRIS","CRAIG CONOVER","AMANDA MILLER","CRAIG JENSEN","DALE WATSON","XIMENA M. BISHOP","MICHAEL SNELSON"
"SP5181","MICHAEL SNELSON","MARCIA CONOVER-HARRIS","skipped","skipped","skipped","skipped","skipped"
"SP5182","CRAIG CONOVER","MARCIA CONOVER-HARRIS","MICHAEL SNELSON","DALE WATSON","XIMENA M. BISHOP","CRAIG JENSEN","AMANDA MILLER"
"SP5183","CRAIG CONOVER","MARCIA CONOVER-HARRIS","MICHAEL SNELSON","DALE WATSON","CRAIG JENSEN","AMANDA MILLER","XIMENA M. BISHOP"
"SP5184","CRAIG JENSEN","MICHAEL SNELSON","CRAIG CONOVER","MARCIA CONOVER-HARRIS","DALE WATSON","XIMENA M. BISHOP","AMANDA MILLER"
"SP5185","DALE WATSON","CRAIG CONOVER","CRAIG JENSEN","XIMENA M. BISHOP","MICHAEL SNELSON","AMANDA MILLER","MARCIA CONOVER-HARRIS"
"SP5186","XIMENA M. BISHOP","MARCIA CONOVER-HARRIS","CRAIG CONOVER","MICHAEL SNELSON","CRAIG JENSEN","DALE WATSON","AMANDA MILLER"
"SP5187","MICHAEL SNELSON","AMANDA MILLER","XIMENA M. BISHOP","DALE WATSON","CRAIG JENSEN","CRAIG CONOVER","MARCIA CONOVER-HARRIS"
"SP5188","MARCIA CONOVER-HARRIS","CRAIG CONOVER","skipped","skipped","skipped","skipped","skipped"
"SP5189","XIMENA M. BISHOP","CRAIG CONOVER","MICHAEL SNELSON","MARCIA CONOVER-HARRIS","AMANDA MILLER","CRAIG JENSEN","DALE WATSON"
"SP5190","XIMENA M. BISHOP","MICHAEL SNELSON","CRAIG JENSEN","CRAIG CONOVER","MARCIA CONOVER-HARRIS","AMANDA MILLER","DALE WATSON"
"SP5191","XIMENA M. BISHOP","skipped","skipped","skipped","skipped","skipped","skipped"
"SP5192","XIMENA M. BISHOP","MICHAEL SNELSON","CRAIG JENSEN","CRAIG CONOVER","MARCIA CONOVER-HARRIS","AMANDA MILLER","DALE WATSON"
"SP5193","CRAIG CONOVER","MICHAEL SNELSON","DALE WATSON","CRAIG JENSEN","MARCIA CONOVER-HARRIS","XIMENA M. BISHOP","AMANDA MILLER"
"SP5194","XIMENA M. BISHOP","CRAIG JENSEN","MICHAEL SNELSON","MARCIA CONOVER-HARRIS","DALE WATSON","CRAIG CONOVER","skipped"
"SP5195","DALE WATSON","MICHAEL SNELSON","CRAIG JENSEN","CRAIG CONOVER","AMANDA MILLER","MARCIA CONOVER-HARRIS","XIMENA M. BISHOP"
"SP5196","MICHAEL SNELSON","skipped","skipped","skipped","skipped","skipped","skipped"
"SP5197","MICHAEL SNELSON","CRAIG JENSEN","CRAIG CONOVER","MARCIA CONOVER-HARRIS","AMANDA MILLER","DALE WATSON","XIMENA M. BISHOP"
"SP5198","skipped","skipped","skipped","skipped","skipped","skipped","skipped"
"SP5199","MICHAEL SNELSON","DALE WATSON","XIMENA M. BISHOP","CRAIG JENSEN","CRAIG CONOVER","MICHAEL SNELSON","DALE WATSON"
"SP5200","MICHAEL SNELSON","MARCIA CONOVER-HARRIS","CRAIG CONOVER","XIMENA M. BISHOP","CRAIG JENSEN","DALE WATSON","AMANDA MILLER"
"SP5201","DALE WATSON","CRAIG JENSEN","XIMENA M. BISHOP","MICHAEL SNELSON","AMANDA MILLER","CRAIG CONOVER","MARCIA CONOVER-HARRIS"
"SP5202","MICHAEL SNELSON","CRAIG JENSEN","AMANDA MILLER","XIMENA M. BISHOP","DALE WATSON","MARCIA CONOVER-HARRIS","CRAIG CONOVER"
"SP5203","CRAIG JENSEN","MICHAEL SNELSON","skipped","skipped","skipped","skipped","skipped"
"SP5204","CRAIG CONOVER","MARCIA CONOVER-HARRIS","MICHAEL SNELSON","CRAIG JENSEN","XIMENA M. BISHOP","DALE WATSON","AMANDA MILLER"
"SP5205","overvote","skipped","AMANDA MILLER","skipped","overvote","overvote","skipped"
"SP5206","CRAIG CONOVER","DALE WATSON","MICHAEL SNELSON","XIMENA M. BISHOP","CRAIG JENSEN","AMANDA MILLER","MARCIA CONOVER-HARRIS"
"SP5207","MICHAEL SNELSON","DALE WATSON","CRAIG JENSEN","CRAIG CONOVER","XIMENA M. BISHOP","MARCIA CONOVER-HARRIS","AMANDA MILLER"
"SP5208","DALE WATSON","MICHAEL SNELSON","MARCIA CONOVER-HARRIS","CRAIG CONOVER","AMANDA MILLER","CRAIG JENSEN","XIMENA M. BISHOP"
"SP5209","CRAIG CONOVER","MARCIA CONOVER-HARRIS","AMANDA MILLER","CRAIG JENSEN","XIMENA M. BISHOP","DALE WATSON","MICHAEL SNELSON"
"SP5210","MICHAEL SNELSON","CRAIG JENSEN","AMANDA MILLER","MARCIA CONOVER-HARRIS","CRAIG CONOVER","DALE WATSON","XIMENA M. BISHOP"
"SP5211","MICHAEL SNELSON","skipped","skipped","skipped","skipped","skipped","skipped"
"SP5212","MICHAEL SNELSON","CRAIG JENSEN","skipped","skipped","skipped","skipped","skipped"
"SP5213","XIMENA M. BISHOP","CRAIG JENSEN","MARCIA CONOVER-HARRIS","MICHAEL SNELSON","DALE WATSON","CRAIG CONOVER","skipped"
"SP5214","CRAIG JENSEN","MICHAEL SNELSON","DALE WATSON","AMANDA MILLER","CRAIG CONOVER","XIMENA M. BISHOP","MARCIA CONOVER-HARRIS"
"SP5215","MICHAEL SNELSON","CRAIG JENSEN","XIMENA M. BISHOP","DALE WATSON","AMANDA MILLER","MARCIA CONOVER-HARRIS","CRAIG CONOVER"
"SP5216","CRAIG CONOVER","MARCIA CONOVER-HARRIS","MICHAEL SNELSON","CRAIG JENSEN","AMANDA MILLER","DALE WATSON","XIMENA M. BISHOP"
"SP5217","DALE WATSON","CRAIG CONOVER","CRAIG JENSEN","XIMENA M. BISHOP","MICHAEL SNELSON","AMANDA MILLER","MARCIA CONOVER-HARRIS"
"SP5218","MICHAEL SNELSON","DALE WATSON","XIMENA M. BISHOP","AMANDA MILLER","MARCIA CONOVER-HARRIS","CRAIG CONOVER","CRAIG JENSEN"
"SP5219","XIMENA M. BISHOP","CRAIG JENSEN","MICHAEL SNELSON","DALE WATSON","skipped","skipped","overvote"
"SP5220","MICHAEL SNELSON","XIMENA M. BISHOP","CRAIG JENSEN","AMANDA MILLER","DALE WATSON","MARCIA CONOVER-HARRIS","CRAIG CONOVER"
"SP5221","MICHAEL SNELSON","CRAIG JENSEN","skipped","skipped","skipped","skipped","skipped"
"SP5222","DALE WATSON","XIMENA M. BISHOP","MICHAEL SNELSON","CRAIG JENSEN","CRAIG CONOVER","MARCIA CONOVER-HARRIS","AMANDA MILLER"
"SP5223","DALE WATSON","XIMENA M. BISHOP","MARCIA CONOVER-HARRIS","MICHAEL SNELSON","CRAIG CONOVER","CRAIG JENSEN","AMANDA MILLER"
"SP5224","DALE WATSON","CRAIG JENSEN","CRAIG CONOVER","XIMENA M. BISHOP","skipped","skipped","skipped"
"SP5225","DALE WATSON","MICHAEL SNELSON","CRAIG JENSEN","XIMENA M. BISHOP","AMANDA MILLER","CRAIG CONOVER","MARCIA CONOVER-HARRIS"
"SP5226","MICHAEL SNELSON","CRAIG JENSEN","CRAIG CONOVER","MARCIA CONOVER-HARRIS","XIMENA M. BISHOP","AMANDA MILLER","DALE WATSON"
"SP5227","XIMENA M. BISHOP","CRAIG JENSEN","MICHAEL SNELSON","MARCIA CONOVER-HARRIS","CRAIG CONOVER","DALE WATSON","AMANDA MILLER"
"SP5228","AMANDA MILLER","XIMENA M. BISHOP","DALE WATSON","MICHAEL SNELSON","CRAIG JENSEN","CRAIG CONOVER","MARCIA CONOVER-HARRIS"
"SP5229","AMANDA MILLER","DALE WATSON","MICHAEL SNELSON","MARCIA CONOVER-HARRIS","CRAIG CONOVER","CRAIG JENSEN","XIMENA M. BISHOP"
"SP5230","MICHAEL SNELSON","CRAIG JENSEN","CRAIG CONOVER","AMANDA MILLER","skipped","skipped","skipped"
"SP5231","CRAIG CONOVER","MARCIA CONOVER-HARRIS","DALE WATSON","XIMENA M. BISHOP","MICHAEL SNELSON","CRAIG JENSEN","AMANDA MILLER"
"SP5232","DALE WATSON","CRAIG CONOVER","XIMENA M. BISHOP","MICHAEL SNELSON","MARCIA CONOVER-HARRIS","CRAIG JENSEN","AMANDA MILLER"
"SP5233","CRAIG JENSEN","CRAIG CONOVER","DALE WATSON","XIMENA M. BISHOP","MICHAEL SNELSON","MARCIA CONOVER-HARRIS","skipped"
"SP5234","MICHAEL SNELSON","DALE WATSON","XIMENA M. BISHOP","CRAIG CONOVER","MARCIA CONOVER-HARRIS","AMANDA MILLER","CRAIG JENSEN"
"SP5235","CRAIG CONOVER","CRAIG JENSEN","MICHAEL SNELSON","DALE WATSON","MARCIA CONOVER-HARRIS","AMANDA MILLER","XIMENA M. BISHOP"
"SP5236","DALE WATSON","XIMENA M. BISHOP","MICHAEL SNELSON","CRAIG JENSEN","CRAIG CONOVER","MARCIA CONOVER-HARRIS","AMANDA MILLER"
"SP5237","CRAIG CONOVER","MARCIA CONOVER-HARRIS","CRAIG JENSEN","skipped","skipped","skipped","skipped"
"SP5238","CRAIG CONOVER","DALE WATSON","MARCIA CONOVER-HARRIS","AMANDA MILLER","CRAIG JENSEN","MICHAEL SNELSON","XIMENA M. BISHOP"
"SP5239","DALE WATSON","CRAIG CONOVER","skipped","skipped","skipped","skipped","skipped"
"SP5240","MICHAEL SNELSON","CRAIG JENSEN","DALE WATSON","AMANDA MILLER","CRAIG CONOVER","MARCIA CONOVER-HARRIS","XIMENA M. BISHOP"
"SP5241","MARCIA CONOVER-HARRIS","CRAIG CONOVER","skipped","skipped","skipped","skipped","skipped"
"SP5242","MICHAEL SNELSON","CRAIG JENSEN","CRAIG CONOVER","skipped","skipped","skipped","skipped"
"SP5243","MICHAEL SNELSON","CRAIG JENSEN","MARCIA CONOVER-HARRIS","CRAIG CONOVER","XIMENA M. BISHOP","DALE WATSON","AMANDA MILLER"
"SP5244","DALE WATSON","CRAIG JENSEN","AMANDA MILLER","MICHAEL SNELSON","CRAIG CONOVER","MARCIA CONOVER-HARRIS","XIMENA M. BISHOP"
"SP5245","AMANDA MILLER","AMANDA MILLER","AMANDA MILLER","AMANDA MILLER","AMANDA MILLER","AMANDA MILLER","AMANDA MILLER"
"SP5246","CRAIG CONOVER","XIMENA M. BISHOP","MARCIA CONOVER-HARRIS","MICHAEL SNELSON","CRAIG JENSEN","AMANDA MILLER","DALE WATSON"
"SP5247","MICHAEL SNELSON","CRAIG CONOVER","XIMENA M. BISHOP","CRAIG JENSEN","MARCIA CONOVER-HARRIS","AMANDA MILLER","DALE WATSON"
"SP5248","CRAIG CONOVER","MICHAEL SNELSON","CRAIG JENSEN","XIMENA M. BISHOP","DALE WATSON","skipped","XIMENA M. BISHOP"
"SP5249","XIMENA M. BISHOP","MARCIA CONOVER-HARRIS","CRAIG CONOVER","CRAIG JENSEN","DALE WATSON","MICHAEL SNELSON","AMANDA MILLER"
"SP5250","MICHAEL SNELSON","CRAIG JENSEN","CRAIG CONOVER","MARCIA CONOVER-HARRIS","XIMENA M. BISHOP","DALE WATSON","AMANDA MILLER"
"SP5251","MICHAEL SNELSON","CRAIG JENSEN","CRAIG CONOVER","MARCIA CONOVER-HARRIS","XIMENA M. BISHOP","AMANDA MILLER","DALE WATSON"
"SP5252","MICHAEL SNELSON","CRAIG JENSEN","skipped","skipped","skipped","skipped","skipped"
"SP5253","MICHAEL SNELSON","CRAIG CONOVER","MARCIA CONOVER-HARRIS","CRAIG JENSEN","DALE WATSON","AMANDA MILLER","XIMENA M. BISHOP"
"SP5254","CRAIG CONOVER","MICHAEL SNELSON","DALE WATSON","XIMENA M. BISHOP","CRAIG JENSEN","MARCIA CONOVER-HARRIS","AMANDA MILLER"
"SP5255","CRAIG CONOVER","MICHAEL SNELSON","DALE WATSON","AMANDA MILLER","CRAIG JENSEN","XIMENA M. BISHOP","MARCIA CONOVER-HARRIS"
"SP5256","DALE WATSON","AMANDA MILLER","CRAIG JENSEN","MICHAEL SNELSON","XIMENA M. BISHOP","CRAIG CONOVER","MARCIA CONOVER-HARRIS"
"SP5257","CRAIG CONOVER","CRAIG JENSEN","MICHAEL SNELSON","XIMENA M. BISHOP","DALE WATSON","MARCIA CONOVER-HARRIS","AMANDA MILLER"
"SP5258","CRAIG CONOVER","MARCIA CONOVER-HARRIS","DALE WATSON","XIMENA M. BISHOP","AMANDA MILLER","MICHAEL SNELSON","CRAIG JENSEN"
"SP5259","CRAIG CONOVER","DALE WATSON","CRAIG JENSEN","XIMENA M. BISHOP","MICHAEL SNELSON","AMANDA MILLER","MARCIA CONOVER-HARRIS"
"SP5260","DALE WATSON","MICHAEL SNELSON","CRAIG JENSEN","skipped","skipped","skipped","skipped"
"SP5261","MICHAEL SNELSON","AMANDA MILLER","CRAIG JENSEN","DALE WATSON","MARCIA CONOVER-HARRIS","XIMENA M. BISHOP","CRAIG CONOVER"
"SP5262","DALE WATSON","AMANDA MILLER","CRAIG JENSEN","MICHAEL SNELSON","XIMENA M. BISHOP","CRAIG CONOVER","MARCIA CONOVER-HARRIS"
"SP5263","CRAIG CONOVER","DALE WATSON","XIMENA M. BISHOP","MICHAEL SNELSON","skipped","skipped","skipped"
"SP5264","MICHAEL SNELSON","CRAIG JENSEN","XIMENA M. BISHOP","skipped","skipped","skipped","skipped"
"SP5265","MICHAEL SNELSON","MARCIA CONOVER-HARRIS","CRAIG JENSEN","XIMENA M. BISHOP","AMANDA MILLER","CRAIG CONOVER","DALE WATSON"
"SP5266","MICHAEL SNELSON","CRAIG JENSEN","XIMENA M. BISHOP","skipped","skipped","skipped","skipped"
"SP5267","CRAIG CONOVER","MICHAEL SNELSON","MARCIA CONOVER-HARRIS","AMANDA MILLER","CRAIG JENSEN","DALE WATSON","XIMENA M. BISHOP"
"SP5268","CRAIG JENSEN","DALE WATSON","XIMENA M. BISHOP","MICHAEL SNELSON","AMANDA MILLER","MARCIA CONOVER-HARRIS","CRAIG CONOVER"
"SP5269","CRAIG CONOVER","MARCIA CONOVER-HARRIS","CRAIG JENSEN","MICHAEL SNELSON","XIMENA M. BISHOP","DALE WATSON","AMANDA MILLER"
"SP5270","MARCIA CONOVER-HARRIS","XIMENA M. BISHOP","AMANDA MILLER","DALE WATSON","MICHAEL SNELSON","CRAIG CONOVER","CRAIG JENSEN"
"SP5271","CRAIG JENSEN","CRAIG CONOVER","MICHAEL SNELSON","DALE WATSON","XIMENA M. BISHOP","MARCIA CONOVER-HARRIS","AMANDA MILLER"
"SP5272","AMANDA MILLER","XIMENA M. BISHOP","DALE WATSON","CRAIG CONOVER","MARCIA CONOVER-HARRIS","MICHAEL SNELSON","CRAIG JENSEN"
"SP5273","CRAIG JENSEN","MICHAEL SNELSON","skipped","skipped","skipped","skipped","skipped"
"SP5274","skipped","CRAIG JENSEN","MICHAEL SNELSON","skipped","skipped","skipped","skipped"
"SP5275","AMANDA MILLER","MARCIA CONOVER-HARRIS","DALE WATSON","CRAIG CONOVER","MICHAEL SNELSON","XIMENA M. BISHOP","CRAIG JENSEN"
"SP5276","MICHAEL SNELSON","CRAIG JENSEN","XIMENA M. BISHOP","MARCIA CONOVER-HARRIS","AMANDA MILLER","DALE WATSON","CRAIG CONOVER"
"SP5277","DALE WATSON","MARCIA CONOVER-HARRIS","skipped","skipped","skipped","skipped","skipped"
"SP5278","MICHAEL SNELSON","CRAIG JENSEN","CRAIG CONOVER","MARCIA CONOVER-HARRIS","DALE WATSON","MARCIA CONOVER-HARRIS","AMANDA MILLER"
"SP5279","MICHAEL SNELSON","XIMENA M. BISHOP","DALE WATSON","CRAIG JENSEN","AMANDA MILLER","MARCIA CONOVER-HARRIS","CRAIG CONOVER"
"SP5280","XIMENA M. BISHOP","DALE WATSON","CRAIG JENSEN","MICHAEL SNELSON","CRAIG CONOVER","MARCIA CONOVER-HARRIS","AMANDA MILLER"
"SP5281","MICHAEL SNELSON","CRAIG CONOVER","MARCIA CONOVER-HARRIS","DALE WATSON","CRAIG JENSEN","AMANDA MILLER","XIMENA M. BISHOP"
"SP5282","XIMENA M. BISHOP","DALE WATSON","CRAIG JENSEN","MICHAEL SNELSON","CRAIG CONOVER","MARCIA CONOVER-HARRIS","AMANDA MILLER"
"SP5283","DALE WATSON","MICHAEL SNELSON","AMANDA MILLER","CRAIG JENSEN","CRAIG CONOVER","MARCIA CONOVER-HARRIS","XIMENA M. BISHOP"
"SP5284","CRAIG CONOVER","CRAIG JENSEN","MICHAEL SNELSON","DALE WATSON","MARCIA CONOVER-HARRIS","AMANDA MILLER","XIMENA M. BISHOP"
"SP5285","XIMENA M. BISHOP","DALE WATSON","CRAIG JENSEN","MICHAEL SNELSON","CRAIG CONOVER","MARCIA CONOVER-HARRIS","AMANDA MILLER"
"SP5286","DALE WATSON","MICHAEL SNELSON","CRAIG JENSEN","MARCIA CONOVER-HARRIS","XIMENA M. BISHOP","CRAIG CONOVER","AMANDA MILLER"
"SP5287","CRAIG JENSEN","MICHAEL SNELSON","skipped","skipped","skipped","skipped","skipped"
"SP5288","MICHAEL SNELSON","AMANDA MILLER","CRAIG JENSEN","DALE WATSON","XIMENA M. BISHOP","MARCIA CONOVER-HARRIS","CRAIG CONOVER"
"SP5289","MICHAEL SNELSON","XIMENA M. BISHOP","DALE WATSON","AMANDA MILLER","CRAIG JENSEN","MARCIA CONOVER-HARRIS","CRAIG CONOVER"
"SP5290","CRAIG JENSEN","MICHAEL SNELSON","skipped","skipped","skipped","skipped","skipped"
"SP5291","MICHAEL SNELSON","CRAIG CONOVER","CRAIG JENSEN","XIMENA M. BISHOP","DALE WATSON","AMANDA MILLER","MARCIA CONOVER-HARRIS"
"SP5292","CRAIG JENSEN","MICHAEL SNELSON","skipped","skipped","skipped","skipped","skipped"
"SP5293","CRAIG JENSEN","CRAIG CONOVER","MICHAEL SNELSON","DALE WATSON","skipped","skipped","skipped"
"SP5294","MICHAEL SNELSON","CRAIG CONOVER","CRAIG JENSEN","MARCIA CONOVER-HARRIS","DALE WATSON","XIMENA M. BISHOP","AMANDA MILLER"
"SP5295","MARCIA CONOVER-HARRIS","CRAIG CONOVER","CRAIG JENSEN","DALE WATSON","MICHAEL SNELSON","AMANDA MILLER","XIMENA M. BISHOP"
"SP5296","MICHAEL SNELSON","CRAIG JENSEN","DALE WATSON","XIMENA M. BISHOP","AMANDA MILLER","MARCIA CONOVER-HARRIS","CRAIG CONOVER"
"SP5297","MICHAEL SNELSON","CRAIG CONOVER","MARCIA CONOVER-HARRIS","skipped","skipped","skipped","skipped"
"SP5298","CRAIG CONOVER","MICHAEL SNELSON","DALE WATSON","XIMENA M. BISHOP","MARCIA CONOVER-HARRIS","AMANDA MILLER","CRAIG JENSEN"
"SP5299","MICHAEL SNELSON","CRAIG CONOVER","CRAIG JENSEN","MARCIA CONOVER-HARRIS","XIMENA M. BISHOP","AMANDA MILLER","DALE WATSON"
"SP5300","DALE WATSON","XIMENA M. BISHOP","MICHAEL SNELSON","CRAIG JENSEN","CRAIG CONOVER","MARCIA CONOVER-HARRIS","AMANDA MILLER"
"SP5301","XIMENA M. BISHOP","MARCIA CONOVER-HARRIS","MICHAEL SNELSON","DALE WATSON","CRAIG JENSEN","AMANDA MILLER","CRAIG CONOVER"
"SP5302","MICHAEL SNELSON","CRAIG CONOVER","MARCIA CONOVER-HARRIS","AMANDA MILLER","DALE WATSON","CRAIG JENSEN","XIMENA M. BISHOP"
"SP5303","MARCIA CONOVER-HARRIS","CRAIG CONOVER","CRAIG JENSEN","MICHAEL SNELSON","XIMENA M. BISHOP","DALE WATSON","AMANDA MILLER"
"SP5304","CRAIG CONOVER","MARCIA CONOVER-HARRIS","MICHAEL SNELSON","CRAIG JENSEN","XIMENA M. BISHOP","DALE WATSON","AMANDA MILLER"
"SP5305","AMANDA MILLER","CRAIG JENSEN","XIMENA M. BISHOP","MARCIA CONOVER-HARRIS","DALE WATSON","MICHAEL SNELSON","CRAIG CONOVER"
"SP5306","CRAIG JENSEN","skipped","skipped","skipped","skipped","skipped","skipped"
"SP5307","MARCIA CONOVER-HARRIS","CRAIG CONOVER","XIMENA M. BISHOP","CRAIG JENSEN","MICHAEL SNELSON","AMANDA MILLER","DALE WATSON"
"SP5308","CRAIG CONOVER","MARCIA CONOVER-HARRIS","CRAIG JENSEN","MICHAEL SNELSON","XIMENA M. BISHOP","DALE WATSON","AMANDA MILLER"
"SP5309","AMANDA MILLER","MARCIA CONOVER-HARRIS","DALE WATSON","XIMENA M. BISHOP","MICHAEL SNELSON","CRAIG JENSEN","CRAIG CONOVER"
"SP5310","MICHAEL SNELSON","DALE WATSON","XIMENA M. BISHOP","MARCIA CONOVER-HARRIS","CRAIG JENSEN","CRAIG CONOVER","AMANDA MILLER"
"SP5311","DALE WATSON","MICHAEL SNELSON","CRAIG CONOVER","CRAIG JENSEN","MARCIA CONOVER-HARRIS","XIMENA M. BISHOP","AMANDA MILLER"
"SP5312","DALE WATSON","MICHAEL SNELSON","CRAIG CONOVER","CRAIG JENSEN","overvote","overvote","AMANDA MILLER"
"SP5313","XIMENA M. BISHOP","skipped","skipped","skipped","skipped","skipped","skipped"
"SP5314","AMANDA MILLER","XIMENA M. BISHOP","DALE WATSON","MARCIA CONOVER-HARRIS","CRAIG CONOVER","CRAIG JENSEN","MICHAEL SNELSON"
"SP5315","MICHAEL SNELSON","CRAIG JENSEN","AMANDA MILLER","MARCIA CONOVER-HARRIS","CRAIG CONOVER","XIMENA M. BISHOP","DALE WATSON"
"SP5316","DALE WATSON","MICHAEL SNELSON","AMANDA MILLER","CRAIG CONOVER","CRAIG JENSEN","MARCIA CONOVER-HARRIS","XIMENA M. BISHOP"
"SP5317","CRAIG JENSEN","AMANDA MILLER","XIMENA M. BISHOP","DALE WATSON","MARCIA CONOVER-HARRIS","CRAIG CONOVER","MICHAEL SNELSON"
"SP5318","MICHAEL SNELSON","CRAIG JENSEN","MARCIA CONOVER-HARRIS","AMANDA MILLER","XIMENA M. BISHOP","DALE WATSON","CRAIG CONOVER"
"SP5319","XIMENA M. BISHOP","CRAIG CONOVER","MARCIA CONOVER-HARRIS","AMANDA MILLER","CRAIG JENSEN","DALE WATSON","MICHAEL SNELSON"
"SP5320","MICHAEL SNELSON","CRAIG JENSEN","DALE WATSON","XIMENA M. BISHOP","AMANDA MILLER","MARCIA CONOVER-HARRIS","CRAIG CONOVER"
"SP5321","MICHAEL SNELSON","MARCIA CONOVER-HARRIS","CRAIG JENSEN","CRAIG CONOVER","DALE WATSON","AMANDA MILLER","skipped"
"SP5322","MARCIA CONOVER-HARRIS","CRAIG CONOVER","CRAIG JENSEN","XIMENA M. BISHOP","MICHAEL SNELSON","DALE WATSON","AMANDA MILLER"
"SP5323","MICHAEL SNELSON","CRAIG JENSEN","DALE WATSON","XIMENA M. BISHOP","AMANDA MILLER","MARCIA CONOVER-HARRIS","CRAIG CONOVER"
"SP5324","CRAIG JENSEN","MICHAEL SNELSON","XIMENA M. BISHOP","DALE WATSON","CRAIG CONOVER","MARCIA CONOVER-HARRIS","AMANDA MILLER"
"SP5325","CRAIG JENSEN","MICHAEL SNELSON","XIMENA M. BISHOP","skipped","skipped","skipped","skipped"
"SP5326","MICHAEL SNELSON","CRAIG CONOVER","MARCIA CONOVER-HARRIS","CRAIG JENSEN","AMANDA MILLER","DALE WATSON","XIMENA M. BISHOP"
"SP5327","CRAIG JENSEN","MICHAEL SNELSON","XIMENA M. BISHOP","skipped","skipped","skipped","skipped"
"SP5328","CRAIG CONOVER","MARCIA CONOVER-HARRIS","skipped","skipped","skipped","skipped","skipped"
"SP5329","CRAIG JENSEN","MICHAEL SNELSON","skipped","skipped","skipped","skipped","skipped"
"SP5330","CRAIG JENSEN","XIMENA M. BISHOP","AMANDA MILLER","DALE WATSON","MICHAEL SNELSON","MARCIA CONOVER-HARRIS","CRAIG CONOVER"
"SP5331","MICHAEL SNELSON","XIMENA M. BISHOP","skipped","skipped","skipped","skipped","skipped"
"SP5332","XIMENA M. BISHOP","AMANDA MILLER","MICHAEL SNELSON","CRAIG JENSEN","CRAIG CONOVER","MARCIA CONOVER-HARRIS","DALE WATSON"
"SP5333","CRAIG JENSEN","XIMENA M. BISHOP","DALE WATSON","MICHAEL SNELSON","AMANDA MILLER","CRAIG CONOVER","MARCIA CONOVER-HARRIS"
"SP5334","MICHAEL SNELSON","CRAIG JENSEN","DALE WATSON","AMANDA MILLER","XIMENA M. BISHOP","MARCIA CONOVER-HARRIS","CRAIG CONOVER"
"SP5335","XIMENA M. BISHOP","AMANDA MILLER","MICHAEL SNELSON","CRAIG JENSEN","CRAIG CONOVER","MARCIA CONOVER-HARRIS","DALE WATSON"
"SP5336","MICHAEL SNELSON","CRAIG JENSEN","skipped","skipped","skipped","skipped","skipped"
"SP5337","MICHAEL SNELSON","CRAIG JENSEN","AMANDA MILLER","DALE WATSON","XIMENA M. BISHOP","CRAIG CONOVER","MARCIA CONOVER-HARRIS"
"SP5338","CRAIG JENSEN","XIMENA M. BISHOP","DALE WATSON","MICHAEL SNELSON","AMANDA MILLER","CRAIG CONOVER","MARCIA CONOVER-HARRIS"
"SP5339","MICHAEL SNELSON","AMANDA MILLER","CRAIG JENSEN","DALE WATSON","XIMENA M. BISHOP","MARCIA CONOVER-HARRIS","CRAIG CONOVER"
"SP5340","XIMENA M. BISHOP","DALE WATSON","CRAIG JENSEN","CRAIG CONOVER","AMANDA MILLER","MARCIA CONOVER-HARRIS","MICHAEL SNELSON"
"SP5341","MICHAEL SNELSON","CRAIG JENSEN","XIMENA M. BISHOP","CRAIG CONOVER","DALE WATSON","AMANDA MILLER","MARCIA CONOVER-HARRIS"
"SP5342","CRAIG JENSEN","MICHAEL SNELSON","CRAIG CONOVER","MARCIA CONOVER-HARRIS","DALE WATSON","AMANDA MILLER","XIMENA M. BISHOP"
"SP5343","DALE WATSON","CRAIG JENSEN","MICHAEL SNELSON","AMANDA MILLER","XIMENA M. BISHOP","CRAIG CONOVER","MARCIA CONOVER-HARRIS"
"SP5344","XIMENA M. BISHOP","MICHAEL SNELSON","AMANDA MILLER","MARCIA CONOVER-HARRIS","CRAIG JENSEN","DALE WATSON","CRAIG CONOVER"
"SP5345","CRAIG CONOVER","MARCIA CONOVER-HARRIS","MICHAEL SNELSON","CRAIG JENSEN","XIMENA M. BISHOP","DALE WATSON","AMANDA MILLER"
"SP5346","MICHAEL SNELSON","XIMENA M. BISHOP","CRAIG CONOVER","CRAIG JENSEN","MARCIA CONOVER-HARRIS","AMANDA MILLER","DALE WATSON"
"SP5347","MICHAEL SNELSON","CRAIG JENSEN","XIMENA M. BISHOP","CRAIG CONOVER","MARCIA CONOVER-HARRIS","AMANDA MILLER","DALE WATSON"
"SP5348","MICHAEL SNELSON","CRAIG JENSEN","CRAIG CONOVER","AMANDA MILLER","skipped","skipped","skipped"
"SP5349","CRAIG CONOVER","CRAIG JENSEN","MICHAEL SNELSON","DALE WATSON","MARCIA CONOVER-HARRIS","XIMENA M. BISHOP","AMANDA MILLER"
"SP5350","XIMENA M. BISHOP","MICHAEL SNELSON","CRAIG JENSEN","MARCIA CONOVER-HARRIS","DALE WATSON","CRAIG CONOVER","AMANDA MILLER"
"SP5351","MICHAEL SNELSON","CRAIG JENSEN","skipped","skipped","skipped","skipped","skipped"
"SP5352","CRAIG CONOVER","CRAIG JENSEN","MARCIA CONOVER-HARRIS","XIMENA M. BISHOP","AMANDA MILLER","MICHAEL SNELSON","DALE WATSON"
"SP5353","CRAIG JENSEN","MICHAEL SNELSON","AMANDA MILLER","DALE WATSON","XIMENA M. BISHOP","MARCIA CONOVER-HARRIS","CRAIG CONOVER"
"SP5354","MICHAEL SNELSON","CRAIG CONOVER","CRAIG JENSEN","MARCIA CONOVER-HARRIS","AMANDA MILLER","XIMENA M. BISHOP","DALE WATSON"
"SP5355","MICHAEL SNELSON","MARCIA CONOVER-HARRIS","CRAIG JENSEN","CRAIG CONOVER","AMANDA MILLER","XIMENA M. BISHOP","DALE WATSON"
"SP5356","CRAIG JENSEN","MICHAEL SNELSON","AMANDA MILLER","DALE WATSON","XIMENA M. BISHOP","MARCIA CONOVER-HARRIS","CRAIG CONOVER"
"SP5357","skipped","skipped","skipped","skipped","skipped","skipped","skipped"
"SP5358","CRAIG JENSEN","MICHAEL SNELSON","DALE WATSON","XIMENA M. BISHOP","CRAIG CONOVER","MARCIA CONOVER-HARRIS","AMANDA MILLER"
"SP5359","CRAIG JENSEN","MICHAEL SNELSON","AMANDA MILLER","CRAIG CONOVER","MARCIA CONOVER-HARRIS","XIMENA M. BISHOP","DALE WATSON"
"SP5360","XIMENA M. BISHOP","CRAIG CONOVER","MARCIA CONOVER-HARRIS","CRAIG JENSEN","MICHAEL SNELSON","AMANDA MILLER","DALE WATSON"
"SP5361","DALE WATSON","MICHAEL SNELSON","CRAIG CONOVER","CRAIG JENSEN","MARCIA CONOVER-HARRIS","XIMENA M. BISHOP","AMANDA MILLER"
"SP5362","AMANDA MILLER","MARCIA CONOVER-HARRIS","CRAIG CONOVER","CRAIG JENSEN","MICHAEL SNELSON","XIMENA M. BISHOP","DALE WATSON"
"SP5363","XIMENA M. BISHOP","MARCIA CONOVER-HARRIS","CRAIG CONOVER","AMANDA MILLER","skipped","skipped","skipped"
"SP5364","AMANDA MILLER","XIMENA M. BISHOP","CRAIG CONOVER","DALE WATSON","MICHAEL SNELSON","CRAIG JENSEN","MARCIA CONOVER-HARRIS"
"SP5365","CRAIG CONOVER","XIMENA M. BISHOP","CRAIG JENSEN","AMANDA MILLER","MICHAEL SNELSON","DALE WATSON","MARCIA CONOVER-HARRIS"
"SP5366","AMANDA MILLER","skipped","skipped","skipped","skipped","skipped","skipped"
"SP5367","MICHAEL SNELSON","DALE WATSON","skipped","skipped","skipped","skipped","skipped"
"SP5368","MICHAEL SNELSON","DALE WATSON","CRAIG JENSEN","MARCIA CONOVER-HARRIS","AMANDA MILLER","CRAIG CONOVER","XIMENA M. BISHOP"
"SP5369","CRAIG JENSEN","MICHAEL SNELSON","AMANDA MILLER","DALE WATSON","XIMENA M. BISHOP","CRAIG CONOVER","MARCIA CONOVER-HARRIS"
"SP5370","MICHAEL SNELSON","CRAIG CONOVER","DALE WATSON","CRAIG JENSEN","XIMENA M. BISHOP","MARCIA CONOVER-HARRIS","AMANDA MILLER"
"SP5371","CRAIG JENSEN","MARCIA CONOVER-HARRIS","CRAIG CONOVER","DALE WATSON","MICHAEL SNELSON","AMANDA MILLER","XIMENA M. BISHOP"
"SP5372","MICHAEL SNELSON","skipped","skipped","skipped","skipped","skipped","skipped"
"SP5373","MICHAEL SNELSON","CRAIG CONOVER","CRAIG JENSEN","AMANDA MILLER","DALE WATSON","XIMENA M. BISHOP","MARCIA CONOVER-HARRIS"
"SP5374","CRAIG JENSEN","MICHAEL SNELSON","XIMENA M. BISHOP","DALE WATSON","MARCIA CONOVER-HARRIS","AMANDA MILLER","CRAIG CONOVER"
"SP5375","XIMENA M. BISHOP","CRAIG JENSEN","MICHAEL SNELSON","MARCIA CONOVER-HARRIS","CRAIG CONOVER","AMANDA MILLER","DALE WATSON"
"SP5376","MICHAEL SNELSON","CRAIG JENSEN","DALE WATSON","XIMENA M. BISHOP","CRAIG CONOVER","MARCIA CONOVER-HARRIS","AMANDA MILLER"
"SP5377","AMANDA MILLER","MARCIA CONOVER-HARRIS","CRAIG CONOVER","XIMENA M. BISHOP","CRAIG JENSEN","DALE WATSON","MICHAEL SNELSON"
"SP5378","CRAIG JENSEN","MICHAEL SNELSON","XIMENA M. BISHOP","skipped","skipped","skipped","skipped"
"SP5379","AMANDA MILLER","XIMENA M. BISHOP","MICHAEL SNELSON","DALE WATSON","CRAIG JENSEN","CRAIG CONOVER","MARCIA CONOVER-HARRIS"
"SP5380","MICHAEL SNELSON","MARCIA CONOVER-HARRIS","CRAIG JENSEN","skipped","skipped","skipped","skipped"
"SP5381","MICHAEL SNELSON","CRAIG CONOVER","MARCIA CONOVER-HARRIS","skipped","skipped","skipped","skipped"
"SP5382","CRAIG JENSEN","MICHAEL SNELSON","skipped","skipped","skipped","skipped","skipped"
"SP5383","MICHAEL SNELSON","MARCIA CONOVER-HARRIS","CRAIG CONOVER","skipped","skipped","skipped","skipped"
"SP5384","CRAIG CONOVER","CRAIG JENSEN","XIMENA M. BISHOP","MICHAEL SNELSON","DALE WATSON","MARCIA CONOVER-HARRIS","AMANDA MILLER"
"SP5385","MICHAEL SNELSON","skipped","skipped","skipped","skipped","skipped","skipped"
"SP5386","MICHAEL SNELSON","MARCIA CONOVER-HARRIS","CRAIG CONOVER","skipped","skipped","skipped","skipped"
"SP5387","CRAIG JENSEN","DALE WATSON","XIMENA M. BISHOP","AMANDA MILLER","MICHAEL SNELSON","MARCIA CONOVER-HARRIS","CRAIG CONOVER"
"SP5388","MICHAEL SNELSON","CRAIG CONOVER","XIMENA M. BISHOP","MARCIA CONOVER-HARRIS","AMANDA MILLER","CRAIG JENSEN","DALE WATSON"
"SP5389","AMANDA MILLER","XIMENA M. BISHOP","DALE WATSON","CRAIG JENSEN","CRAIG CONOVER","MARCIA CONOVER-HARRIS","MICHAEL SNELSON"
"SP5390","MICHAEL SNELSON","CRAIG CONOVER","XIMENA M. BISHOP","MARCIA CONOVER-HARRIS","AMANDA MILLER","CRAIG JENSEN","DALE WATSON"
"SP5391","CRAIG JENSEN","MICHAEL SNELSON","AMANDA MILLER","DALE WATSON","skipped","skipped","skipped"
"SP5392","MARCIA CONOVER-HARRIS","AMANDA MILLER","XIMENA M. BISHOP","DALE WATSON","MICHAEL SNELSON","CRAIG JENSEN","CRAIG CONOVER"
"SP5393","MICHAEL SNELSON","CRAIG JENSEN","CRAIG CONOVER","MARCIA CONOVER-HARRIS","XIMENA M. BISHOP","AMANDA MILLER","DALE WATSON"
"SP5394","MICHAEL SNELSON","CRAIG CONOVER","CRAIG JENSEN","XIMENA M. BISHOP","MARCIA CONOVER-HARRIS","AMANDA MILLER","DALE WATSON"
"SP5395","CRAIG JENSEN","DALE WATSON","CRAIG CONOVER","MICHAEL SNELSON","XIMENA M. BISHOP","AMANDA MILLER","MARCIA CONOVER-HARRIS"
"SP5396","MICHAEL SNELSON","CRAIG CONOVER","MARCIA CONOVER-HARRIS","XIMENA M. BISHOP","CRAIG JENSEN","DALE WATSON","AMANDA MILLER"
"SP5397","MICHAEL SNELSON","XIMENA M. BISHOP","skipped","skipped","skipped","skipped","skipped"
"SP5398","DALE WATSON","CRAIG JENSEN","XIMENA M. BISHOP","MICHAEL SNELSON","CRAIG CONOVER","MARCIA CONOVER-HARRIS","AMANDA MILLER"
"SP5399","CRAIG JENSEN","XIMENA M. BISHOP","MICHAEL SNELSON","DALE WATSON","CRAIG CONOVER","MARCIA CONOVER-HARRIS","AMANDA MILLER"
"SP5400","CRAIG JENSEN","MICHAEL SNELSON","skipped","skipped","skipped","skipped","skipped"
"SP5401","MICHAEL SNELSON","MARCIA CONOVER-HARRIS","XIMENA M. BISHOP","CRAIG CONOVER","CRAIG JENSEN","skipped","skipped"
"SP5402","CRAIG CONOVER","MARCIA CONOVER-HARRIS","AMANDA MILLER","DALE WATSON","MICHAEL SNELSON","CRAIG JENSEN","XIMENA M. BISHOP"
"SP5403","CRAIG CONOVER","AMANDA MILLER","MARCIA CONOVER-HARRIS","MICHAEL SNELSON","XIMENA M. BISHOP","DALE WATSON","CRAIG JENSEN"
"SP5404","MARCIA CONOVER-HARRIS","CRAIG CONOVER","XIMENA M. BISHOP","MICHAEL SNELSON","CRAIG JENSEN","DALE WATSON","AMANDA MILLER"
"SP5405","MICHAEL SNELSON","MARCIA CONOVER-HARRIS","DALE WATSON","CRAIG CONOVER","CRAIG JENSEN","AMANDA MILLER","XIMENA M. BISHOP"
"SP5406","overvote","skipped","skipped","skipped","skipped","skipped","skipped"
"SP5407","AMANDA MILLER","CRAIG JENSEN","DALE WATSON","CRAIG CONOVER","MICHAEL SNELSON","MARCIA CONOVER-HARRIS","XIMENA M. BISHOP"
"SP5408","MICHAEL SNELSON","CRAIG CONOVER","MARCIA CONOVER-HARRIS","DALE WATSON","XIMENA M. BISHOP","skipped","skipped"
"SP5409","DALE WATSON","MICHAEL SNELSON","AMANDA MILLER","CRAIG JENSEN","CRAIG CONOVER","MARCIA CONOVER-HARRIS","XIMENA M. BISHOP"
"SP5410","DALE WATSON","XIMENA M. BISHOP","MICHAEL SNELSON","CRAIG JENSEN","CRAIG CONOVER","MARCIA CONOVER-HARRIS","AMANDA MILLER"
"SP5411","MICHAEL SNELSON","CRAIG CONOVER","MARCIA CONOVER-HARRIS","AMANDA MILLER","CRAIG JENSEN","XIMENA M. BISHOP","DALE WATSON"
"SP5412","MICHAEL SNELSON","MARCIA CONOVER-HARRIS","XIMENA M. BISHOP","CRAIG CONOVER","CRAIG JENSEN","skipped","skipped"
"SP5413","XIMENA M. BISHOP","MICHAEL SNELSON","CRAIG JENSEN","DALE WATSON","skipped","skipped","skipped"
"SP5414","MICHAEL SNELSON","CRAIG CONOVER","MARCIA CONOVER-HARRIS","CRAIG JENSEN","AMANDA MILLER","XIMENA M. BISHOP","DALE WATSON"
"SP5415","XIMENA M. BISHOP","CRAIG CONOVER","MARCIA CONOVER-HARRIS","DALE WATSON","CRAIG JENSEN","AMANDA MILLER","MICHAEL SNELSON"
"SP5416","MARCIA CONOVER-HARRIS","XIMENA M. BISHOP","AMANDA MILLER","CRAIG CONOVER","MICHAEL SNELSON","CRAIG JENSEN","DALE WATSON"
"SP5417","MICHAEL SNELSON","CRAIG CONOVER","MARCIA CONOVER-HARRIS","CRAIG JENSEN","AMANDA MILLER","XIMENA M. BISHOP","DALE WATSON"
"SP5418","MICHAEL SNELSON","CRAIG JENSEN","skipped","skipped","skipped","skipped","skipped"
"SP5419","CRAIG JENSEN","XIMENA M. BISHOP","DALE WATSON","MICHAEL SNELSON","skipped","skipped","skipped"
"SP5420","CRAIG JENSEN","MICHAEL SNELSON","skipped","skipped","skipped","skipped","skipped"
"SP5421","MICHAEL SNELSON","CRAIG JENSEN","CRAIG CONOVER","MARCIA CONOVER-HARRIS","DALE WATSON","XIMENA M. BISHOP","AMANDA MILLER"
"SP5422","MARCIA CONOVER-HARRIS","XIMENA M. BISHOP","AMANDA MILLER","MICHAEL SNELSON","CRAIG CONOVER","CRAIG JENSEN","DALE WATSON"
"SP5423","CRAIG CONOVER","skipped","skipped","skipped","skipped","skipped","skipped"
"SP5424","CRAIG JENSEN","MARCIA CONOVER-HARRIS","XIMENA M. BISHOP","AMANDA MILLER","skipped","skipped","skipped"
"SP5425","MICHAEL SNELSON","CRAIG JENSEN","XIMENA M. BISHOP","AMANDA MILLER","skipped","skipped","skipped"
"SP5426","MICHAEL SNELSON","MARCIA CONOVER-HARRIS","CRAIG CONOVER","CRAIG JENSEN","skipped","skipped","skipped"
"SP5427","MICHAEL SNELSON","CRAIG JENSEN","MARCIA CONOVER-HARRIS","CRAIG CONOVER","DALE WATSON","XIMENA M. BISHOP","AMANDA MILLER"
"SP5428","CRAIG JENSEN","MICHAEL SNELSON","XIMENA M. BISHOP","skipped","skipped","skipped","skipped"
"SP5429","MICHAEL SNELSON","CRAIG JENSEN","DALE WATSON","XIMENA M. BISHOP","AMANDA MILLER","MARCIA CONOVER-HARRIS","CRAIG CONOVER"
"SP5430","MICHAEL SNELSON","DALE WATSON","AMANDA MILLER","CRAIG JENSEN","MARCIA CONOVER-HARRIS","CRAIG CONOVER","XIMENA M. BISHOP"
"SP5431","CRAIG JENSEN","CRAIG CONOVER","MICHAEL SNELSON","DALE WATSON","XIMENA M. BISHOP","AMANDA MILLER","MARCIA CONOVER-HARRIS"
"SP5432","MICHAEL SNELSON","CRAIG JENSEN","CRAIG CONOVER","DALE WATSON","skipped","skipped","skipped"
"SP5433","AMANDA MILLER","MARCIA CONOVER-HARRIS","CRAIG CONOVER","CRAIG JENSEN","MICHAEL SNELSON","XIMENA M. BISHOP","DALE WATSON"
"SP5434","XIMENA M. BISHOP","MICHAEL SNELSON","CRAIG JENSEN","MARCIA CONOVER-HARRIS","DALE WATSON","CRAIG CONOVER","AMANDA MILLER"
"SP5435","MICHAEL SNELSON","CRAIG JENSEN","CRAIG CONOVER","DALE WATSON","skipped","skipped","skipped"
"SP5436","AMANDA MILLER","MARCIA CONOVER-HARRIS","CRAIG CONOVER","CRAIG JENSEN","MICHAEL SNELSON","XIMENA M. BISHOP","DALE WATSON"
"SP5437","MICHAEL SNELSON","CRAIG JENSEN","CRAIG CONOVER","MARCIA CONOVER-HARRIS","DALE WATSON","XIMENA M. BISHOP","AMANDA MILLER"
"SP5438","CRAIG CONOVER","MARCIA CONOVER-HARRIS","AMANDA MILLER","DALE WATSON","XIMENA M. BISHOP","MICHAEL SNELSON","CRAIG JENSEN"
"SP5439","AMANDA MILLER","MARCIA CONOVER-HARRIS","CRAIG CONOVER","CRAIG JENSEN","MICHAEL SNELSON","XIMENA M. BISHOP","DALE WATSON"
"SP5440","MICHAEL SNELSON","skipped","skipped","skipped","skipped","skipped","skipped"
"SP5441","XIMENA M. BISHOP","CRAIG CONOVER","MICHAEL SNELSON","MARCIA CONOVER-HARRIS","CRAIG JENSEN","AMANDA MILLER","DALE WATSON"
"SP5442","MICHAEL SNELSON","CRAIG JENSEN","XIMENA M. BISHOP","skipped","skipped","skipped","skipped"
"SP5443","CRAIG JENSEN","MICHAEL SNELSON","CRAIG CONOVER","DALE WATSON","AMANDA MILLER","MARCIA CONOVER-HARRIS","XIMENA M. BISHOP"
"SP5444","MICHAEL SNELSON","CRAIG JENSEN","XIMENA M. BISHOP","DALE WATSON","AMANDA MILLER","MARCIA CONOVER-HARRIS","CRAIG CONOVER"
"SP5445","CRAIG CONOVER","MARCIA CONOVER-HARRIS","skipped","skipped","skipped","skipped","skipped"
"SP5446","MICHAEL SNELSON","CRAIG JENSEN","XIMENA M. BISHOP","skipped","skipped","skipped","skipped"
"SP5447","MICHAEL SNELSON","DALE WATSON","AMANDA MILLER","CRAIG CONOVER","XIMENA M. BISHOP","CRAIG JENSEN","MARCIA CONOVER-HARRIS"
"SP5448","CRAIG JENSEN","CRAIG CONOVER","MICHAEL SNELSON","DALE WATSON","XIMENA M. BISHOP","AMANDA MILLER","MARCIA CONOVER-HARRIS"
"SP5449","XIMENA M. BISHOP","MARCIA CONOVER-HARRIS","AMANDA MILLER","CRAIG JENSEN","MICHAEL SNELSON","CRAIG CONOVER","DALE WATSON"
"SP5450","DALE WATSON","MICHAEL SNELSON","CRAIG CONOVER","CRAIG JENSEN","MARCIA CONOVER-HARRIS","XIMENA M. BISHOP","AMANDA MILLER"
"SP5451","AMANDA MILLER","MARCIA CONOVER-HARRIS","XIMENA M. BISHOP","MICHAEL SNELSON","DALE WATSON","CRAIG JENSEN","CRAIG CONOVER"
"SP5452","MICHAEL SNELSON","CRAIG CONOVER","DALE WATSON","CRAIG JENSEN","skipped","AMANDA MILLER","XIMENA M. BISHOP"
"SP5453","XIMENA M. BISHOP","MARCIA CONOVER-HARRIS","MICHAEL SNELSON","CRAIG CONOVER","CRAIG JENSEN","AMANDA MILLER","DALE WATSON"
"SP5454","CRAIG JENSEN","DALE WATSON","MICHAEL SNELSON","AMANDA MILLER","XIMENA M. BISHOP","MARCIA CONOVER-HARRIS","CRAIG CONOVER"
"SP5455","MARCIA CONOVER-HARRIS","CRAIG CONOVER","skipped","skipped","skipped","skipped","skipped"
"SP5456","MARCIA CONOVER-HARRIS","CRAIG CONOVER","XIMENA M. BISHOP","skipped","skipped","skipped","skipped"
"SP5457","CRAIG CONOVER","DALE WATSON","MICHAEL SNELSON","MARCIA CONOVER-HARRIS","XIMENA M. BISHOP","MARCIA CONOVER-HARRIS","AMANDA MILLER"
"SP5458","CRAIG JENSEN","MICHAEL SNELSON","DALE WATSON","AMANDA MILLER","CRAIG CONOVER","MARCIA CONOVER-HARRIS","XIMENA M. BISHOP"
"SP5459","CRAIG CONOVER","XIMENA M. BISHOP","MARCIA CONOVER-HARRIS","DALE WATSON","MICHAEL SNELSON","CRAIG JENSEN","AMANDA MILLER"
"SP5460","MICHAEL SNELSON","CRAIG CONOVER","skipped","skipped","skipped","skipped","overvote"
"SP5461","MICHAEL SNELSON","CRAIG CONOVER","skipped","skipped","skipped","skipped","overvote"
"SP5462","MICHAEL SNELSON","CRAIG JENSEN","CRAIG CONOVER","skipped","skipped","skipped","skipped"
"SP5463","AMANDA MILLER","CRAIG JENSEN","XIMENA M. BISHOP","MICHAEL SNELSON","CRAIG CONOVER","MARCIA CONOVER-HARRIS","DALE WATSON"
"SP5464","DALE WATSON","MICHAEL SNELSON","CRAIG CONOVER","MARCIA CONOVER-HARRIS","CRAIG JENSEN","XIMENA M. BISHOP","AMANDA MILLER"
"SP5465","MICHAEL SNELSON","CRAIG CONOVER","MARCIA CONOVER-HARRIS","CRAIG JENSEN","skipped","skipped","skipped"
"SP5466","CRAIG JENSEN","MICHAEL SNELSON","XIMENA M. BISHOP","DALE WATSON","AMANDA MILLER","MARCIA CONOVER-HARRIS","CRAIG CONOVER"
"SP5467","MICHAEL SNELSON","DALE WATSON","CRAIG CONOVER","CRAIG JENSEN","MARCIA CONOVER-HARRIS","skipped","skipped"
"SP5468","MICHAEL SNELSON","XIMENA M. BISHOP","MARCIA CONOVER-HARRIS","CRAIG JENSEN","CRAIG CONOVER","DALE WATSON","AMANDA MILLER"
"SP5469","MICHAEL SNELSON","CRAIG JENSEN","MARCIA CONOVER-HARRIS","skipped","skipped","skipped","skipped"
"SP5470","XIMENA M. BISHOP","MARCIA CONOVER-HARRIS","CRAIG CONOVER","AMANDA MILLER","CRAIG JENSEN","MICHAEL SNELSON","DALE WATSON"
"SP5471","CRAIG JENSEN","MICHAEL SNELSON","DALE WATSON","AMANDA MILLER","XIMENA M. BISHOP","MARCIA CONOVER-HARRIS","CRAIG CONOVER"
"SP5472","CRAIG JENSEN","MICHAEL SNELSON","XIMENA M. BISHOP","DALE WATSON","AMANDA MILLER","MARCIA CONOVER-HARRIS","CRAIG CONOVER"
"SP5473","CRAIG CONOVER","MICHAEL SNELSON","CRAIG JENSEN","DALE WATSON","XIMENA M. BISHOP","MARCIA CONOVER-HARRIS","AMANDA MILLER"
"SP5474","XIMENA M. BISHOP","MARCIA CONOVER-HARRIS","CRAIG CONOVER","CRAIG JENSEN","AMANDA MILLER","DALE WATSON","MICHAEL SNELSON"
"SP5475","DALE WATSON","XIMENA M. BISHOP","MICHAEL SNELSON","CRAIG JENSEN","CRAIG CONOVER","skipped","skipped"
"SP5476","CRAIG CONOVER","skipped","skipped","skipped","skipped","skipped","skipped"
"SP5477","DALE WATSON","CRAIG JENSEN","MICHAEL SNELSON","XIMENA M. BISHOP","CRAIG CONOVER","MARCIA CONOVER-HARRIS","AMANDA MILLER"
"SP5478","CRAIG JENSEN","CRAIG CONOVER","MARCIA CONOVER-HARRIS","AMANDA MILLER","MICHAEL SNELSON","XIMENA M. BISHOP","DALE WATSON"
"SP5479","XIMENA M. BISHOP","AMANDA MILLER","DALE WATSON","CRAIG JENSEN","MICHAEL SNELSON","MARCIA CONOVER-HARRIS","CRAIG CONOVER"
"SP5480","MICHAEL SNELSON","CRAIG CONOVER","XIMENA M. BISHOP","CRAIG JENSEN","AMANDA MILLER","MARCIA CONOVER-HARRIS","DALE WATSON"
"SP5481","CRAIG JENSEN","CRAIG CONOVER","MICHAEL SNELSON","DALE WATSON","AMANDA MILLER","MARCIA CONOVER-HARRIS","XIMENA M. BISHOP"
"SP5482","CRAIG JENSEN","MICHAEL SNELSON","skipped","skipped","skipped","skipped","skipped"
"SP5483","CRAIG JENSEN","MICHAEL SNELSON","XIMENA M. BISHOP","AMANDA MILLER","DALE WATSON","MARCIA CONOVER-HARRIS","CRAIG CONOVER"
"SP5484","CRAIG CONOVER","MARCIA CONOVER-HARRIS","skipped","skipped","skipped","skipped","skipped"
"SP5485","DALE WATSON","MICHAEL SNELSON","CRAIG CONOVER","skipped","skipped","skipped","skipped"
"SP5486","MICHAEL SNELSON","CRAIG JENSEN","skipped","skipped","skipped","skipped","skipped"
"SP5487","CRAIG CONOVER","MARCIA CONOVER-HARRIS","CRAIG JENSEN","AMANDA MILLER","DALE WATSON","MICHAEL SNELSON","XIMENA M. BISHOP"
"SP5488","MICHAEL SNELSON","CRAIG JENSEN","skipped","skipped","skipped","skipped","skipped"
"SP5489","CRAIG CONOVER","MARCIA CONOVER-HARRIS","CRAIG JENSEN","AMANDA MILLER","DALE WATSON","MICHAEL SNELSON","XIMENA M. BISHOP"
"SP5490","XIMENA M. BISHOP","CRAIG CONOVER","DALE WATSON","AMANDA MILLER","MICHAEL SNELSON","MARCIA CONOVER-HARRIS","CRAIG JENSEN"
"SP5491","CRAIG JENSEN","MICHAEL SNELSON","DALE WATSON","skipped","skipped","skipped","skipped"
"SP5492","MICHAEL SNELSON","CRAIG CONOVER","skipped","skipped","skipped","skipped","skipped"
"SP5493","CRAIG JENSEN","MICHAEL SNELSON","CRAIG CONOVER","skipped","skipped","skipped","skipped"
"SP5494","MICHAEL SNELSON","AMANDA MILLER","DALE WATSON","skipped","skipped","skipped","skipped"
"SP5495","MICHAEL SNELSON","MARCIA CONOVER-HARRIS","CRAIG CONOVER","skipped","skipped","skipped","skipped"
"SP5496","CRAIG JENSEN","MARCIA CONOVER-HARRIS","skipped","skipped","skipped","skipped","skipped"
"SP5497","MICHAEL SNELSON","XIMENA M. BISHOP","MICHAEL SNELSON","XIMENA M. BISHOP","MICHAEL SNELSON","MICHAEL SNELSON","MICHAEL SNELSON"
"SP5498","CRAIG CONOVER","MICHAEL SNELSON","DALE WATSON","CRAIG JENSEN","MARCIA CONOVER-HARRIS","XIMENA M. BISHOP","AMANDA MILLER"
"SP5499","MICHAEL SNELSON","CRAIG JENSEN","CRAIG CONOVER","MARCIA CONOVER-HARRIS","DALE WATSON","XIMENA M. BISHOP","AMANDA MILLER"
"SP5500","CRAIG CONOVER","MARCIA CONOVER-HARRIS","MICHAEL SNELSON","AMANDA MILLER","CRAIG JENSEN","XIMENA M. BISHOP","DALE WATSON"
"SP5501","DALE WATSON","CRAIG JENSEN","XIMENA M. BISHOP","MICHAEL SNELSON","MARCIA CONOVER-HARRIS","CRAIG CONOVER","AMANDA MILLER"
"SP5502","AMANDA MILLER","DALE WATSON","CRAIG CONOVER","skipped","skipped","skipped","skipped"
"SP5503","MICHAEL SNELSON","CRAIG JENSEN","AMANDA MILLER","MARCIA CONOVER-HARRIS","XIMENA M. BISHOP","DALE WATSON","CRAIG CONOVER"
"SP5504","MICHAEL SNELSON","DALE WATSON","XIMENA M. BISHOP","CRAIG JENSEN","skipped","skipped","skipped"
"SP5505","CRAIG JENSEN","XIMENA M. BISHOP","MARCIA CONOVER-HARRIS","AMANDA MILLER","MICHAEL SNELSON","CRAIG CONOVER","DALE WATSON"
"SP5506","DALE WATSON","CRAIG JENSEN","MICHAEL SNELSON","XIMENA M. BISHOP","CRAIG CONOVER","MARCIA CONOVER-HARRIS","AMANDA MILLER"
"SP5507","CRAIG JENSEN","CRAIG CONOVER","XIMENA M. BISHOP","DALE WATSON","MICHAEL SNELSON","MARCIA CONOVER-HARRIS","AMANDA MILLER"
"SP5508","MARCIA CONOVER-HARRIS","DALE WATSON","CRAIG JENSEN","CRAIG CONOVER","AMANDA MILLER","XIMENA M. BISHOP","MICHAEL SNELSON"
"SP5509","MARCIA CONOVER-HARRIS","DALE WATSON","CRAIG JENSEN","CRAIG CONOVER","AMANDA MILLER","XIMENA M. BISHOP","MICHAEL SNELSON"
"SP5510","CRAIG JENSEN","CRAIG CONOVER","MARCIA CONOVER-HARRIS","XIMENA M. BISHOP","DALE WATSON","MICHAEL SNELSON","AMANDA MILLER"
"SP5511","DALE WATSON","MICHAEL SNELSON","CRAIG CONOVER","MARCIA CONOVER-HARRIS","CRAIG JENSEN","AMANDA MILLER","XIMENA M. BISHOP"
"SP5512","MICHAEL SNELSON","CRAIG JENSEN","CRAIG CONOVER","AMANDA MILLER","MARCIA CONOVER-HARRIS","XIMENA M. BISHOP","DALE WATSON"
"SP5513","XIMENA M. BISHOP","skipped","skipped","skipped","skipped","skipped","skipped"
"SP5514","MICHAEL SNELSON","CRAIG JENSEN","CRAIG CONOVER","MARCIA CONOVER-HARRIS","DALE WATSON","AMANDA MILLER","XIMENA M. BISHOP"
"SP5515","XIMENA M. BISHOP","MICHAEL SNELSON","CRAIG JENSEN","CRAIG CONOVER","MARCIA CONOVER-HARRIS","AMANDA MILLER","DALE WATSON"
"SP5516","CRAIG JENSEN","CRAIG CONOVER","XIMENA M. BISHOP","DALE WATSON","MICHAEL SNELSON","MARCIA CONOVER-HARRIS","AMANDA MILLER"
"SP5517","CRAIG CONOVER","MICHAEL SNELSON","CRAIG JENSEN","MARCIA CONOVER-HARRIS","XIMENA M. BISHOP","DALE WATSON","AMANDA MILLER"
"SP5518","CRAIG JENSEN","XIMENA M. BISHOP","CRAIG CONOVER","MICHAEL SNELSON","DALE WATSON","AMANDA MILLER","MARCIA CONOVER-HARRIS"
"SP5519","MARCIA CONOVER-HARRIS","CRAIG JENSEN","skipped","skipped","skipped","skipped","skipped"
"SP5520","CRAIG CONOVER","MICHAEL SNELSON","CRAIG JENSEN","MARCIA CONOVER-HARRIS","XIMENA M. BISHOP","DALE WATSON","AMANDA MILLER"
"SP5521","DALE WATSON","CRAIG JENSEN","MICHAEL SNELSON","CRAIG CONOVER","XIMENA M. BISHOP","MARCIA CONOVER-HARRIS","AMANDA MILLER"
"SP5522","MICHAEL SNELSON","CRAIG CONOVER","CRAIG JENSEN","MARCIA CONOVER-HARRIS","AMANDA MILLER","XIMENA M. BISHOP","DALE WATSON"
"SP5523","DALE WATSON","CRAIG JENSEN","MARCIA CONOVER-HARRIS","CRAIG CONOVER","XIMENA M. BISHOP","AMANDA MILLER","MICHAEL SNELSON"
"SP5524","MARCIA CONOVER-HARRIS","DALE WATSON","CRAIG JENSEN","MICHAEL SNELSON","CRAIG CONOVER","AMANDA MILLER","XIMENA M. BISHOP"
"SP5525","MICHAEL SNELSON","CRAIG CONOVER","CRAIG JENSEN","MARCIA CONOVER-HARRIS","AMANDA MILLER","XIMENA M. BISHOP","DALE WATSON"
"SP5526","MICHAEL SNELSON","XIMENA M. BISHOP","AMANDA MILLER","AMANDA MILLER","DALE WATSON","CRAIG CONOVER","MARCIA CONOVER-HARRIS"
"SP5527","MICHAEL SNELSON","CRAIG CONOVER","CRAIG JENSEN","skipped","skipped","skipped","skipped"
"SP5528","AMANDA MILLER","CRAIG JENSEN","MARCIA CONOVER-HARRIS","MICHAEL SNELSON","XIMENA M. BISHOP","CRAIG CONOVER","DALE WATSON"
"SP5529","CRAIG JENSEN","XIMENA M. BISHOP","MICHAEL SNELSON","DALE WATSON","AMANDA MILLER","MARCIA CONOVER-HARRIS","CRAIG CONOVER"
"SP5530","CRAIG CONOVER","AMANDA MILLER","XIMENA M. BISHOP","DALE WATSON","MARCIA CONOVER-HARRIS","CRAIG JENSEN","MICHAEL SNELSON"
"SP5531","CRAIG CONOVER","DALE WATSON","MICHAEL SNELSON","CRAIG JENSEN","XIMENA M. BISHOP","AMANDA MILLER","MARCIA CONOVER-HARRIS"
"SP5532","MICHAEL SNELSON","DALE WATSON","CRAIG JENSEN","AMANDA MILLER","XIMENA M. BISHOP","MARCIA CONOVER-HARRIS","CRAIG CONOVER"
"SP5533","DALE WATSON","XIMENA M. BISHOP","AMANDA MILLER","CRAIG JENSEN","MICHAEL SNELSON","MARCIA CONOVER-HARRIS","CRAIG CONOVER"
"SP5534","CRAIG CONOVER","MICHAEL SNELSON","CRAIG JENSEN","skipped","skipped","skipped","skipped"
"SP5535","AMANDA MILLER","DALE WATSON","CRAIG CONOVER","MARCIA CONOVER-HARRIS","CRAIG JENSEN","MICHAEL SNELSON","XIMENA M. BISHOP"
"SP5536","overvote","skipped","skipped","skipped","skipped","skipped","skipped"
"SP5537","CRAIG CONOVER","MARCIA CONOVER-HARRIS","CRAIG JENSEN","DALE WATSON","MICHAEL SNELSON","XIMENA M. BISHOP","AMANDA MILLER"
"SP5538","MICHAEL SNELSON","CRAIG JENSEN","CRAIG CONOVER","DALE WATSON","XIMENA M. BISHOP","MARCIA CONOVER-HARRIS","AMANDA MILLER"
"SP5539","skipped","skipped","skipped","skipped","skipped","skipped","skipped"
"SP5540","overvote","skipped","skipped","skipped","skipped","skipped","skipped"
"SP5541","MICHAEL SNELSON","CRAIG JENSEN","skipped","skipped","skipped","skipped","skipped"
"SP5542","XIMENA M. BISHOP","MICHAEL SNELSON","CRAIG JENSEN","skipped","skipped","skipped","skipped"
"SP5543","MICHAEL SNELSON","AMANDA MILLER","DALE WATSON","XIMENA M. BISHOP","MARCIA CONOVER-HARRIS","CRAIG CONOVER","CRAIG JENSEN"
"SP5544","CRAIG CONOVER","CRAIG JENSEN","MICHAEL SNELSON","XIMENA M. BISHOP","DALE WATSON","MARCIA CONOVER-HARRIS","AMANDA MILLER"
"SP5545","XIMENA M. BISHOP","MICHAEL SNELSON","CRAIG JENSEN","skipped","skipped","skipped","skipped"
"SP5546","CRAIG JENSEN","CRAIG CONOVER","AMANDA MILLER","MARCIA CONOVER-HARRIS","DALE WATSON","XIMENA M. BISHOP","MICHAEL SNELSON"
"SP5547","MICHAEL SNELSON","CRAIG CONOVER","MARCIA CONOVER-HARRIS","skipped","skipped","skipped","skipped"
"SP5548","MARCIA CONOVER-HARRIS","CRAIG CONOVER","MICHAEL SNELSON","skipped","skipped","skipped","skipped"
"SP5549","MICHAEL SNELSON","CRAIG JENSEN","DALE WATSON","skipped","skipped","skipped","skipped"
"SP5550","MICHAEL SNELSON","CRAIG JENSEN","CRAIG CONOVER","DALE WATSON","MARCIA CONOVER-HARRIS","XIMENA M. BISHOP","AMANDA MILLER"
"SP5551","DALE WATSON","MICHAEL SNELSON","AMANDA MILLER","CRAIG CONOVER","skipped","skipped","skipped"
"SP5552","CRAIG JENSEN","AMANDA MILLER","MARCIA CONOVER-HARRIS","DALE WATSON","XIMENA M. BISHOP","MICHAEL SNELSON","CRAIG CONOVER"
"SP5553","MICHAEL SNELSON","CRAIG JENSEN","skipped","skipped","skipped","skipped","skipped"
"SP5554","CRAIG JENSEN","AMANDA MILLER","MICHAEL SNELSON","DALE WATSON","CRAIG CONOVER","MARCIA CONOVER-HARRIS","XIMENA M. BISHOP"
"SP5555","CRAIG CONOVER","MICHAEL SNELSON","XIMENA M. BISHOP","skipped","skipped","skipped","skipped"
"SP5556","MICHAEL SNELSON","XIMENA M. BISHOP","CRAIG JENSEN","CRAIG CONOVER","MARCIA CONOVER-HARRIS","AMANDA MILLER","DALE WATSON"
"SP5557","XIMENA M. BISHOP","MICHAEL SNELSON","CRAIG JENSEN","AMANDA MILLER","CRAIG CONOVER","MARCIA CONOVER-HARRIS","DALE WATSON"
"SP5558","CRAIG JENSEN","MICHAEL SNELSON","CRAIG CONOVER","DALE WATSON","MARCIA CONOVER-HARRIS","AMANDA MILLER","XIMENA M. BISHOP"
"SP5559","DALE WATSON","MICHAEL SNELSON","AMANDA MILLER","CRAIG CONOVER","skipped","skipped","skipped"
"SP5560","MARCIA CONOVER-HARRIS","MICHAEL SNELSON","CRAIG CONOVER","XIMENA M. BISHOP","CRAIG JENSEN","AMANDA MILLER","DALE WATSON"
"SP5561","CRAIG JENSEN","MICHAEL SNELSON","DALE WATSON","CRAIG CONOVER","MARCIA CONOVER-HARRIS","AMANDA MILLER","XIMENA M. BISHOP"
"SP5562","MICHAEL SNELSON","CRAIG CONOVER","MARCIA CONOVER-HARRIS","AMANDA MILLER","CRAIG JENSEN","DALE WATSON","XIMENA M. BISHOP"
"SP5563","MICHAEL SNELSON","XIMENA M. BISHOP","CRAIG JENSEN","CRAIG CONOVER","MARCIA CONOVER-HARRIS","DALE WATSON","AMANDA MILLER"
"SP5564","DALE WATSON","MICHAEL SNELSON","AMANDA MILLER","CRAIG CONOVER","skipped","skipped","skipped"
"SP5565","DALE WATSON","MICHAEL SNELSON","AMANDA MILLER","CRAIG CONOVER","skipped","skipped","skipped"
"SP5566","MICHAEL SNELSON","XIMENA M. BISHOP","DALE WATSON","CRAIG JENSEN","AMANDA MILLER","MARCIA CONOVER-HARRIS","CRAIG CONOVER"
"SP5567","XIMENA M. BISHOP","MARCIA CONOVER-HARRIS","AMANDA MILLER","CRAIG JENSEN","CRAIG CONOVER","MICHAEL SNELSON","DALE WATSON"
"SP5568","MICHAEL SNELSON","CRAIG JENSEN","DALE WATSON","XIMENA M. BISHOP","AMANDA MILLER","MARCIA CONOVER-HARRIS","CRAIG CONOVER"
"SP5569","MICHAEL SNELSON","CRAIG CONOVER","MARCIA CONOVER-HARRIS","CRAIG JENSEN","AMANDA MILLER","XIMENA M. BISHOP","DALE WATSON"
"SP5570","MICHAEL SNELSON","CRAIG CONOVER","MARCIA CONOVER-HARRIS","skipped","skipped","skipped","skipped"
"SP5571","MICHAEL SNELSON","CRAIG JENSEN","DALE WATSON","CRAIG CONOVER","MARCIA CONOVER-HARRIS","AMANDA MILLER","XIMENA M. BISHOP"
"SP5572","MICHAEL SNELSON","CRAIG JENSEN","DALE WATSON","CRAIG CONOVER","MARCIA CONOVER-HARRIS","AMANDA MILLER","XIMENA M. BISHOP"
"SP5573","MICHAEL SNELSON","CRAIG CONOVER","MARCIA CONOVER-HARRIS","AMANDA MILLER","DALE WATSON","XIMENA M. BISHOP","CRAIG JENSEN"
"SP5574","XIMENA M. BISHOP","MARCIA CONOVER-HARRIS","CRAIG CONOVER","CRAIG JENSEN","DALE WATSON","XIMENA M. BISHOP","skipped"
"SP5575","MICHAEL SNELSON","MARCIA CONOVER-HARRIS","CRAIG CONOVER","CRAIG JENSEN","XIMENA M. BISHOP","DALE WATSON","AMANDA MILLER"
"SP5576","MICHAEL SNELSON","CRAIG CONOVER","CRAIG JENSEN","DALE WATSON","XIMENA M. BISHOP","MARCIA CONOVER-HARRIS","AMANDA MILLER"
"SP5577","CRAIG CONOVER","MICHAEL SNELSON","CRAIG JENSEN","MARCIA CONOVER-HARRIS","AMANDA MILLER","DALE WATSON","XIMENA M. BISHOP"
"SP5578","DALE WATSON","CRAIG JENSEN","CRAIG CONOVER","MICHAEL SNELSON","XIMENA M. BISHOP","MARCIA CONOVER-HARRIS","AMANDA MILLER"
"SP5579","CRAIG JENSEN","CRAIG CONOVER","XIMENA M. BISHOP","MICHAEL SNELSON","DALE WATSON","AMANDA MILLER","MARCIA CONOVER-HARRIS"
"SP5580","XIMENA M. BISHOP","DALE WATSON","AMANDA MILLER","MARCIA CONOVER-HARRIS","CRAIG JENSEN","MICHAEL SNELSON","CRAIG CONOVER"
"SP5581","CRAIG CONOVER","DALE WATSON","XIMENA M. BISHOP","CRAIG JENSEN","MICHAEL SNELSON","MARCIA CONOVER-HARRIS","AMANDA MILLER"
"SP5582","XIMENA M. BISHOP","MARCIA CONOVER-HARRIS","AMANDA MILLER","DALE WATSON","CRAIG CONOVER","CRAIG JENSEN","MICHAEL SNELSON"
"SP5583","CRAIG JENSEN","CRAIG CONOVER","XIMENA M. BISHOP","MICHAEL SNELSON","DALE WATSON","MARCIA CONOVER-HARRIS","AMANDA MILLER"
"SP5584","MICHAEL SNELSON","DALE WATSON","XIMENA M. BISHOP","skipped","CRAIG JENSEN","CRAIG CONOVER","MARCIA CONOVER-HARRIS"
"SP5585","CRAIG JENSEN","MICHAEL SNELSON","CRAIG CONOVER","MARCIA CONOVER-HARRIS","AMANDA MILLER","DALE WATSON","XIMENA M. BISHOP"
"SP5586","DALE WATSON","CRAIG JENSEN","MICHAEL SNELSON","XIMENA M. BISHOP","CRAIG CONOVER","MARCIA CONOVER-HARRIS","AMANDA MILLER"
"SP5587","DALE WATSON","MICHAEL SNELSON","CRAIG JENSEN","CRAIG CONOVER","XIMENA M. BISHOP","AMANDA MILLER","MARCIA CONOVER-HARRIS"
"SP5588","DALE WATSON","CRAIG JENSEN","XIMENA M. BISHOP","MICHAEL SNELSON","MARCIA CONOVER-HARRIS","CRAIG CONOVER","AMANDA MILLER"
"SP5589","DALE WATSON","MICHAEL SNELSON","CRAIG JENSEN","CRAIG CONOVER","MARCIA CONOVER-HARRIS","AMANDA MILLER","XIMENA M. BISHOP"
"SP5590","skipped","skipped","skipped","skipped","skipped","skipped","skipped"
"SP5591","CRAIG CONOVER","XIMENA M. BISHOP","CRAIG JENSEN","MICHAEL SNELSON","AMANDA MILLER","MARCIA CONOVER-HARRIS","DALE WATSON"
"SP5592","MICHAEL SNELSON","DALE WATSON","CRAIG JENSEN","XIMENA M. BISHOP","AMANDA MILLER","MARCIA CONOVER-HARRIS","CRAIG CONOVER"
"SP5593","MICHAEL SNELSON","CRAIG CONOVER","MARCIA CONOVER-HARRIS","AMANDA MILLER","CRAIG JENSEN","DALE WATSON","XIMENA M. BISHOP"
"SP5594","MICHAEL SNELSON","DALE WATSON","CRAIG JENSEN","AMANDA MILLER","XIMENA M. BISHOP","MARCIA CONOVER-HARRIS","CRAIG CONOVER"
"SP5595","CRAIG JENSEN","MICHAEL SNELSON","MARCIA CONOVER-HARRIS","skipped","skipped","skipped","skipped"
"SP5596","MICHAEL SNELSON","DALE WATSON","CRAIG JENSEN","AMANDA MILLER","XIMENA M. BISHOP","MARCIA CONOVER-HARRIS","CRAIG CONOVER"
"SP5597","skipped","skipped","skipped","skipped","skipped","skipped","skipped"
"SP5598","MARCIA CONOVER-HARRIS","CRAIG CONOVER","MICHAEL SNELSON","skipped","skipped","skipped","skipped"
"SP5599","XIMENA M. BISHOP","MICHAEL SNELSON","DALE WATSON","CRAIG JENSEN","AMANDA MILLER","MARCIA CONOVER-HARRIS","CRAIG CONOVER"
"SP5600","MARCIA CONOVER-HARRIS","CRAIG CONOVER","MICHAEL SNELSON","skipped","skipped","skipped","skipped"
"SP5601","MICHAEL SNELSON","CRAIG JENSEN","CRAIG CONOVER","DALE WATSON","MARCIA CONOVER-HARRIS","AMANDA MILLER","XIMENA M. BISHOP"
"SP5602","MICHAEL SNELSON","MARCIA CONOVER-HARRIS","CRAIG CONOVER","CRAIG JENSEN","AMANDA MILLER","DALE WATSON","XIMENA M. BISHOP"
"SP5603","MICHAEL SNELSON","AMANDA MILLER","DALE WATSON","MARCIA CONOVER-HARRIS","CRAIG CONOVER","XIMENA M. BISHOP","CRAIG JENSEN"
"SP5604","XIMENA M. BISHOP","MICHAEL SNELSON","CRAIG JENSEN","CRAIG CONOVER","skipped","skipped","skipped"
"SP5605","CRAIG JENSEN","MICHAEL SNELSON","DALE WATSON","XIMENA M. BISHOP","AMANDA MILLER","MARCIA CONOVER-HARRIS","CRAIG CONOVER"
"SP5606","CRAIG CONOVER","MARCIA CONOVER-HARRIS","DALE WATSON","CRAIG JENSEN","XIMENA M. BISHOP","AMANDA MILLER","MICHAEL SNELSON"
"SP5607","CRAIG JENSEN","MICHAEL SNELSON","XIMENA M. BISHOP","AMANDA MILLER","DALE WATSON","MARCIA CONOVER-HARRIS","CRAIG CONOVER"
"SP5608","MICHAEL SNELSON","CRAIG JENSEN","MARCIA CONOVER-HARRIS","AMANDA MILLER","CRAIG CONOVER","DALE WATSON","XIMENA M. BISHOP"
"SP5609","CRAIG JENSEN","MICHAEL SNELSON","XIMENA M. BISHOP","AMANDA MILLER","DALE WATSON","MARCIA CONOVER-HARRIS","CRAIG CONOVER"
"SP5610","CRAIG JENSEN","DALE WATSON","MARCIA CONOVER-HARRIS","MICHAEL SNELSON","skipped","skipped","skipped"
"SP5611","MICHAEL SNELSON","CRAIG JENSEN","DALE WATSON","CRAIG CONOVER","AMANDA MILLER","MARCIA CONOVER-HARRIS","XIMENA M. BISHOP"
"SP5612","CRAIG JENSEN","MICHAEL SNELSON","skipped","skipped","skipped","skipped","skipped"
"SP5613","CRAIG JENSEN","CRAIG CONOVER","DALE WATSON","XIMENA M. BISHOP","MICHAEL SNELSON","MARCIA CONOVER-HARRIS","AMANDA MILLER"
"SP5614","CRAIG CONOVER","skipped","skipped","skipped","skipped","skipped","skipped"
"SP5615","CRAIG JENSEN","MICHAEL SNELSON","skipped","skipped","skipped","skipped","skipped"
"SP5616","CRAIG JENSEN","MICHAEL SNELSON","XIMENA M. BISHOP","DALE WATSON","AMANDA MILLER","MARCIA CONOVER-HARRIS","CRAIG CONOVER"
"SP5617","DALE WATSON","MICHAEL SNELSON","CRAIG JENSEN","CRAIG CONOVER","MARCIA CONOVER-HARRIS","AMANDA MILLER","XIMENA M. BISHOP"
"SP5618","XIMENA M. BISHOP","MICHAEL SNELSON","CRAIG JENSEN","MARCIA CONOVER-HARRIS","CRAIG CONOVER","AMANDA MILLER","DALE WATSON"
"SP5619","AMANDA MILLER","CRAIG JENSEN","MARCIA CONOVER-HARRIS","CRAIG CONOVER","XIMENA M. BISHOP","DALE WATSON","MICHAEL SNELSON"
"SP5620","DALE WATSON","CRAIG JENSEN","MICHAEL SNELSON","XIMENA M. BISHOP","MARCIA CONOVER-HARRIS","AMANDA MILLER","CRAIG CONOVER"
"SP5621","AMANDA MILLER","CRAIG CONOVER","CRAIG JENSEN","XIMENA M. BISHOP","DALE WATSON","MICHAEL SNELSON","MARCIA CONOVER-HARRIS"
"SP5622","MICHAEL SNELSON","CRAIG JENSEN","CRAIG CONOVER","DALE WATSON","AMANDA MILLER","MARCIA CONOVER-HARRIS","XIMENA M. BISHOP"
"SP5623","overvote","skipped","AMANDA MILLER","CRAIG JENSEN","XIMENA M. BISHOP","DALE WATSON","skipped"
"SP5624","XIMENA M. BISHOP","MARCIA CONOVER-HARRIS","CRAIG CONOVER","MICHAEL SNELSON","CRAIG JENSEN","AMANDA MILLER","DALE WATSON"
"SP5625","MARCIA CONOVER-HARRIS","CRAIG CONOVER","skipped","skipped","skipped","skipped","skipped"
"SP5626","DALE WATSON","MARCIA CONOVER-HARRIS","XIMENA M. BISHOP","MICHAEL SNELSON","CRAIG CONOVER","AMANDA MILLER","CRAIG JENSEN"
"SP5627","CRAIG CONOVER","DALE WATSON","MICHAEL SNELSON","CRAIG JENSEN","MARCIA CONOVER-HARRIS","AMANDA MILLER","XIMENA M. BISHOP"
"SP5628","DALE WATSON","MARCIA CONOVER-HARRIS","XIMENA M. BISHOP","MICHAEL SNELSON","CRAIG CONOVER","AMANDA MILLER","CRAIG JENSEN"
"SP5629","MICHAEL SNELSON","CRAIG JENSEN","MARCIA CONOVER-HARRIS","AMANDA MILLER","DALE WATSON","XIMENA M. BISHOP","CRAIG CONOVER"
"SP5630","MICHAEL SNELSON","CRAIG JENSEN","XIMENA M. BISHOP","DALE WATSON","CRAIG CONOVER","MARCIA CONOVER-HARRIS","AMANDA MILLER"
"SP5631","AMANDA MILLER","MARCIA CONOVER-HARRIS","CRAIG CONOVER","XIMENA M. BISHOP","DALE WATSON","MICHAEL SNELSON","CRAIG JENSEN"
"SP5632","CRAIG JENSEN","MICHAEL SNELSON","XIMENA M. BISHOP","DALE WATSON","AMANDA MILLER","CRAIG CONOVER","MARCIA CONOVER-HARRIS"
"SP5633","MICHAEL SNELSON","AMANDA MILLER","CRAIG JENSEN","CRAIG CONOVER","DALE WATSON","MARCIA CONOVER-HARRIS","XIMENA M. BISHOP"
"SP5634","MARCIA CONOVER-HARRIS","CRAIG CONOVER","XIMENA M. BISHOP","DALE WATSON","AMANDA MILLER","CRAIG JENSEN","MICHAEL SNELSON"
"SP5635","MARCIA CONOVER-HARRIS","MICHAEL SNELSON","CRAIG JENSEN","AMANDA MILLER","DALE WATSON","XIMENA M. BISHOP","CRAIG CONOVER"
"SP5636","DALE WATSON","XIMENA M. BISHOP","MICHAEL SNELSON","CRAIG JENSEN","CRAIG CONOVER","MARCIA CONOVER-HARRIS","AMANDA MILLER"
"SP5637","CRAIG JENSEN","MICHAEL SNELSON","XIMENA M. BISHOP","DALE WATSON","AMANDA MILLER","MARCIA CONOVER-HARRIS","CRAIG CONOVER"
"SP5638","MARCIA CONOVER-HARRIS","CRAIG CONOVER","AMANDA MILLER","XIMENA M. BISHOP","DALE WATSON","MICHAEL SNELSON","CRAIG JENSEN"
"SP5639","MARCIA CONOVER-HARRIS","CRAIG CONOVER","AMANDA MILLER","XIMENA M. BISHOP","MICHAEL SNELSON","DALE WATSON","CRAIG JENSEN"
"SP5640","DALE WATSON","MICHAEL SNELSON","CRAIG CONOVER","CRAIG JENSEN","MARCIA CONOVER-HARRIS","XIMENA M. BISHOP","AMANDA MILLER"
"SP5641","CRAIG CONOVER","XIMENA M. BISHOP","MICHAEL SNELSON","CRAIG JENSEN","AMANDA MILLER","DALE WATSON","MARCIA CONOVER-HARRIS"
"SP5642","CRAIG JENSEN","AMANDA MILLER","XIMENA M. BISHOP","MICHAEL SNELSON","MARCIA CONOVER-HARRIS","CRAIG CONOVER","DALE WATSON"
"SP5643","CRAIG JENSEN","DALE WATSON","MICHAEL SNELSON","MARCIA CONOVER-HARRIS","skipped","skipped","skipped"
"SP5644","CRAIG JENSEN","AMANDA MILLER","XIMENA M. BISHOP","MICHAEL SNELSON","MARCIA CONOVER-HARRIS","CRAIG CONOVER","DALE WATSON"
"SP5645","MARCIA CONOVER-HARRIS","CRAIG CONOVER","XIMENA M. BISHOP","skipped","skipped","skipped","skipped"
"SP5646","CRAIG JENSEN","overvote","overvote","skipped","skipped","skipped","overvote"
"SP5647","DALE WATSON","MARCIA CONOVER-HARRIS","XIMENA M. BISHOP","MICHAEL SNELSON","skipped","skipped","skipped"
"SP5648","XIMENA M. BISHOP","DALE WATSON","CRAIG JENSEN","MICHAEL SNELSON","AMANDA MILLER","MARCIA CONOVER-HARRIS","CRAIG CONOVER"
"SP5649","CRAIG CONOVER","CRAIG JENSEN","MICHAEL SNELSON","DALE WATSON","MARCIA CONOVER-HARRIS","XIMENA M. BISHOP","AMANDA MILLER"
"SP5650","DALE WATSON","CRAIG CONOVER","MARCIA CONOVER-HARRIS","skipped","skipped","skipped","skipped"
"SP5651","CRAIG CONOVER","skipped","skipped","skipped","skipped","skipped","skipped"
"SP5652","DALE WATSON","CRAIG JENSEN","MICHAEL SNELSON","XIMENA M. BISHOP","CRAIG CONOVER","MARCIA CONOVER-HARRIS","AMANDA MILLER"
"SP5653","CRAIG CONOVER","MARCIA CONOVER-HARRIS","CRAIG JENSEN","AMANDA MILLER","DALE WATSON","XIMENA M. BISHOP","CRAIG JENSEN"
"SP5654","DALE WATSON","CRAIG CONOVER","MARCIA CONOVER-HARRIS","skipped","skipped","skipped","skipped"
"SP5655","MICHAEL SNELSON","CRAIG JENSEN","DALE WATSON","XIMENA M. BISHOP","MARCIA CONOVER-HARRIS","CRAIG CONOVER","AMANDA MILLER"
"SP5656","CRAIG JENSEN","MICHAEL SNELSON","CRAIG CONOVER","DALE WATSON","XIMENA M. BISHOP","MARCIA CONOVER-HARRIS","AMANDA MILLER"
"SP5657","MICHAEL SNELSON","CRAIG JENSEN","CRAIG CONOVER","MARCIA CONOVER-HARRIS","DALE WATSON","XIMENA M. BISHOP","AMANDA MILLER"
"SP5658","AMANDA MILLER","MICHAEL SNELSON","DALE WATSON","XIMENA M. BISHOP","CRAIG JENSEN","CRAIG CONOVER","MARCIA CONOVER-HARRIS"
"SP5659","CRAIG CONOVER","XIMENA M. BISHOP","MARCIA CONOVER-HARRIS","AMANDA MILLER","MICHAEL SNELSON","skipped","skipped"
"SP5660","overvote","skipped","skipped","skipped","skipped","skipped","skipped"
"SP5661","CRAIG CONOVER","XIMENA M. BISHOP","MARCIA CONOVER-HARRIS","DALE WATSON","MICHAEL SNELSON","CRAIG JENSEN","AMANDA MILLER"
"SP5662","overvote","skipped","skipped","skipped","skipped","skipped","skipped"
"SP5663","CRAIG JENSEN","CRAIG CONOVER","AMANDA MILLER","MICHAEL SNELSON","DALE WATSON","XIMENA M. BISHOP","MARCIA CONOVER-HARRIS"
"SP5664","MICHAEL SNELSON","CRAIG JENSEN","XIMENA M. BISHOP","CRAIG CONOVER","AMANDA MILLER","MARCIA CONOVER-HARRIS","DALE WATSON"
"SP5665","CRAIG JENSEN","CRAIG CONOVER","MARCIA CONOVER-HARRIS","skipped","skipped","skipped","skipped"
"SP5666","XIMENA M. BISHOP","MARCIA CONOVER-HARRIS","CRAIG JENSEN","CRAIG CONOVER","MICHAEL SNELSON","AMANDA MILLER","DALE WATSON"
"SP5667","MICHAEL SNELSON","CRAIG JENSEN","skipped","skipped","skipped","skipped","skipped"
"SP5668","MICHAEL SNELSON","CRAIG JENSEN","AMANDA MILLER","DALE WATSON","XIMENA M. BISHOP","overvote","skipped"
"SP5669","MICHAEL SNELSON","CRAIG JENSEN","DALE WATSON","MARCIA CONOVER-HARRIS","AMANDA MILLER","MARCIA CONOVER-HARRIS","CRAIG CONOVER"
"SP5670","skipped","skipped","skipped","skipped","skipped","skipped","skipped"
"SP5671","DALE WATSON","skipped","skipped","skipped","skipped","skipped","skipped"
"SP5672","MICHAEL SNELSON","CRAIG JENSEN","XIMENA M. BISHOP","CRAIG CONOVER","MARCIA CONOVER-HARRIS","DALE WATSON","AMANDA MILLER"
"SP5673","skipped","skipped","skipped","skipped","skipped","skipped","skipped"
"SP5674","AMANDA MILLER","MICHAEL SNELSON","CRAIG JENSEN","DALE WATSON","XIMENA M. BISHOP","MARCIA CONOVER-HARRIS","CRAIG CONOVER"
"SP5675","MICHAEL SNELSON","CRAIG JENSEN","MARCIA CONOVER-HARRIS","skipped","skipped","skipped","skipped"
"SP5676","overvote","XIMENA M. BISHOP","MICHAEL SNELSON","CRAIG JENSEN","CRAIG CONOVER","MARCIA CONOVER-HARRIS","AMANDA MILLER"
"SP5677","CRAIG JENSEN","MICHAEL SNELSON","skipped","skipped","skipped","skipped","skipped"
"SP5678","MICHAEL SNELSON","CRAIG JENSEN","XIMENA M. BISHOP","DALE WATSON","AMANDA MILLER","MARCIA CONOVER-HARRIS","CRAIG CONOVER"
"SP5679","MICHAEL SNELSON","AMANDA MILLER","XIMENA M. BISHOP","CRAIG CONOVER","MARCIA CONOVER-HARRIS","CRAIG JENSEN","DALE WATSON"
"SP5680","AMANDA MILLER","CRAIG CONOVER","MARCIA CONOVER-HARRIS","DALE WATSON","CRAIG JENSEN","MICHAEL SNELSON","XIMENA M. BISHOP"
"SP5681","MICHAEL SNELSON","CRAIG JENSEN","DALE WATSON","CRAIG CONOVER","AMANDA MILLER","MARCIA CONOVER-HARRIS","DALE WATSON"
"SP5682","MICHAEL SNELSON","CRAIG JENSEN","MARCIA CONOVER-HARRIS","AMANDA MILLER","skipped","skipped","skipped"
"SP5683","MICHAEL SNELSON","XIMENA M. BISHOP","CRAIG CONOVER","CRAIG JENSEN","MARCIA CONOVER-HARRIS","AMANDA MILLER","DALE WATSON"
"SP5684","CRAIG JENSEN","MICHAEL SNELSON","MARCIA CONOVER-HARRIS","AMANDA MILLER","CRAIG CONOVER","DALE WATSON","XIMENA M. BISHOP"
"SP5685","MICHAEL SNELSON","CRAIG JENSEN","DALE WATSON","CRAIG CONOVER","MARCIA CONOVER-HARRIS","AMANDA MILLER","XIMENA M. BISHOP"
"SP5686","MICHAEL SNELSON","skipped","skipped","skipped","skipped","skipped","skipped"
"SP5687","MICHAEL SNELSON","CRAIG JENSEN","CRAIG CONOVER","skipped","skipped","skipped","skipped"
"SP5688","DALE WATSON","CRAIG JENSEN","skipped","skipped","skipped","skipped","skipped"
"SP5689","AMANDA MILLER","CRAIG JENSEN","MICHAEL SNELSON","XIMENA M. BISHOP","DALE WATSON","MARCIA CONOVER-HARRIS","CRAIG CONOVER"
"SP5690","overvote","CRAIG JENSEN","CRAIG CONOVER","skipped","skipped","skipped","skipped"
"SP5691","CRAIG JENSEN","MICHAEL SNELSON","XIMENA M. BISHOP","MARCIA CONOVER-HARRIS","AMANDA MILLER","DALE WATSON","CRAIG CONOVER"
"SP5692","XIMENA M. BISHOP","MICHAEL SNELSON","CRAIG JENSEN","MARCIA CONOVER-HARRIS","AMANDA MILLER","CRAIG CONOVER","DALE WATSON"
"SP5693","XIMENA M. BISHOP","AMANDA MILLER","MARCIA CONOVER-HARRIS","skipped","skipped","skipped","skipped"
"SP5694","MICHAEL SNELSON","CRAIG CONOVER","CRAIG JENSEN","MARCIA CONOVER-HARRIS","AMANDA MILLER","XIMENA M. BISHOP","DALE WATSON"
"SP5695","CRAIG CONOVER","CRAIG JENSEN","MICHAEL SNELSON","XIMENA M. BISHOP","MARCIA CONOVER-HARRIS","AMANDA MILLER","XIMENA M. BISHOP"
"SP5696","MICHAEL SNELSON","CRAIG JENSEN","DALE WATSON","CRAIG CONOVER","XIMENA M. BISHOP","MARCIA CONOVER-HARRIS","AMANDA MILLER"
"SP5697","MICHAEL SNELSON","CRAIG JENSEN","AMANDA MILLER","DALE WATSON","XIMENA M. BISHOP","CRAIG CONOVER","MARCIA CONOVER-HARRIS"
"SP5698","MICHAEL SNELSON","CRAIG JENSEN","DALE WATSON","MARCIA CONOVER-HARRIS","CRAIG CONOVER","AMANDA MILLER","skipped"
"SP5699","CRAIG JENSEN","CRAIG CONOVER","MARCIA CONOVER-HARRIS","AMANDA MILLER","DALE WATSON","XIMENA M. BISHOP","MICHAEL SNELSON"
"SP5700","AMANDA MILLER","MICHAEL SNELSON","DALE WATSON","XIMENA M. BISHOP","CRAIG JENSEN","CRAIG CONOVER","MARCIA CONOVER-HARRIS"
"SP5701","MARCIA CONOVER-HARRIS","CRAIG CONOVER","CRAIG JENSEN","AMANDA MILLER","XIMENA M. BISHOP","MICHAEL SNELSON","DALE WATSON"
"SP5702","MARCIA CONOVER-HARRIS","CRAIG CONOVER","CRAIG JENSEN","XIMENA M. BISHOP","MICHAEL SNELSON","AMANDA MILLER","DALE WATSON"
"SP5703","MARCIA CONOVER-HARRIS","CRAIG CONOVER","CRAIG JENSEN","AMANDA MILLER","XIMENA M. BISHOP","MICHAEL SNELSON","DALE WATSON"
"SP5704","DALE WATSON","XIMENA M. BISHOP","MICHAEL SNELSON","CRAIG JENSEN","MARCIA CONOVER-HARRIS","AMANDA MILLER","CRAIG CONOVER"
"SP5705","MICHAEL SNELSON","DALE WATSON","CRAIG JENSEN","MARCIA CONOVER-HARRIS","AMANDA MILLER","CRAIG CONOVER","XIMENA M. BISHOP"
"SP5706","MICHAEL SNELSON","CRAIG JENSEN","DALE WATSON","XIMENA M. BISHOP","CRAIG CONOVER","MARCIA CONOVER-HARRIS","AMANDA MILLER"
"SP5707","XIMENA M. BISHOP","MARCIA CONOVER-HARRIS","MICHAEL SNELSON","CRAIG JENSEN","CRAIG CONOVER","DALE WATSON","AMANDA MILLER"
"SP5708","CRAIG CONOVER","skipped","skipped","skipped","skipped","skipped","skipped"
"SP5709","CRAIG JENSEN","MICHAEL SNELSON","DALE WATSON","CRAIG CONOVER","AMANDA MILLER","XIMENA M. BISHOP","MARCIA CONOVER-HARRIS"
"SP5710","MICHAEL SNELSON","CRAIG JENSEN","XIMENA M. BISHOP","CRAIG CONOVER","MARCIA CONOVER-HARRIS","DALE WATSON","AMANDA MILLER"
"SP5711","CRAIG CONOVER","MICHAEL SNELSON","XIMENA M. BISHOP","DALE WATSON","CRAIG JENSEN","MARCIA CONOVER-HARRIS","AMANDA MILLER"
"SP5712","AMANDA MILLER","XIMENA M. BISHOP","DALE WATSON","CRAIG JENSEN","MARCIA CONOVER-HARRIS","MICHAEL SNELSON","CRAIG CONOVER"
"SP5713","CRAIG JENSEN","CRAIG CONOVER","AMANDA MILLER","XIMENA M. BISHOP","MARCIA CONOVER-HARRIS","DALE WATSON","MICHAEL SNELSON"
"SP5714","MICHAEL SNELSON","AMANDA MILLER","CRAIG JENSEN","CRAIG CONOVER","XIMENA M. BISHOP","DALE WATSON","MARCIA CONOVER-HARRIS"
"SP5715","AMANDA MILLER","MICHAEL SNELSON","DALE WATSON","CRAIG CONOVER","CRAIG JENSEN","MARCIA CONOVER-HARRIS","XIMENA M. BISHOP"
"SP5716","CRAIG CONOVER","MARCIA CONOVER-HARRIS","AMANDA MILLER","CRAIG JENSEN","MICHAEL SNELSON","DALE WATSON","XIMENA M. BISHOP"
"SP5717","MICHAEL SNELSON","XIMENA M. BISHOP","CRAIG JENSEN","skipped","skipped","skipped","skipped"
"SP5718","XIMENA M. BISHOP","AMANDA MILLER","MARCIA CONOVER-HARRIS","CRAIG CONOVER","CRAIG JENSEN","MICHAEL SNELSON","DALE WATSON"
"SP5719","MICHAEL SNELSON","XIMENA M. BISHOP","CRAIG JENSEN","skipped","skipped","skipped","skipped"
"SP5720","AMANDA MILLER","skipped","skipped","skipped","skipped","skipped","skipped"
"SP5721","XIMENA M. BISHOP","AMANDA MILLER","CRAIG JENSEN","MICHAEL SNELSON","MARCIA CONOVER-HARRIS","CRAIG CONOVER","DALE WATSON"
"SP5722","CRAIG JENSEN","MICHAEL SNELSON","CRAIG CONOVER","DALE WATSON","MARCIA CONOVER-HARRIS","AMANDA MILLER","XIMENA M. BISHOP"
"SP5723","MICHAEL SNELSON","CRAIG JENSEN","XIMENA M. BISHOP","AMANDA MILLER","CRAIG CONOVER","MARCIA CONOVER-HARRIS","DALE WATSON"
"SP5724","CRAIG CONOVER","CRAIG JENSEN","MARCIA CONOVER-HARRIS","MICHAEL SNELSON","DALE WATSON","XIMENA M. BISHOP","AMANDA MILLER"
"SP5725","MICHAEL SNELSON","CRAIG JENSEN","skipped","skipped","skipped","skipped","skipped"
"SP5726","CRAIG CONOVER","MARCIA CONOVER-HARRIS","CRAIG JENSEN","AMANDA MILLER","MICHAEL SNELSON","DALE WATSON","XIMENA M. BISHOP"
"SP5727","DALE WATSON","CRAIG CONOVER","MICHAEL SNELSON","CRAIG JENSEN","MARCIA CONOVER-HARRIS","XIMENA M. BISHOP","AMANDA MILLER"
"SP5728","MICHAEL SNELSON","CRAIG JENSEN","CRAIG CONOVER","MARCIA CONOVER-HARRIS","AMANDA MILLER","DALE WATSON","XIMENA M. BISHOP"
"SP5729","CRAIG JENSEN","CRAIG CONOVER","MARCIA CONOVER-HARRIS","AMANDA MILLER","skipped","skipped","skipped"
"SP5730","CRAIG CONOVER","MARCIA CONOVER-HARRIS","XIMENA M. BISHOP","MICHAEL SNELSON","CRAIG JENSEN","AMANDA MILLER","DALE WATSON"
"SP5731","CRAIG JENSEN","CRAIG CONOVER","MARCIA CONOVER-HARRIS","AMANDA MILLER","skipped","skipped","skipped"
"SP5732","DALE WATSON","CRAIG JENSEN","CRAIG CONOVER","MICHAEL SNELSON","MARCIA CONOVER-HARRIS","XIMENA M. BISHOP","AMANDA MILLER"
"SP5733","CRAIG CONOVER","MICHAEL SNELSON","MARCIA CONOVER-HARRIS","CRAIG JENSEN","XIMENA M. BISHOP","DALE WATSON","AMANDA MILLER"
"SP5734","AMANDA MILLER","MARCIA CONOVER-HARRIS","DALE WATSON","CRAIG JENSEN","CRAIG CONOVER","XIMENA M. BISHOP","MICHAEL SNELSON"
"SP5735","CRAIG CONOVER","CRAIG JENSEN","XIMENA M. BISHOP","MARCIA CONOVER-HARRIS","DALE WATSON","MICHAEL SNELSON","AMANDA MILLER"
"SP5736","CRAIG JENSEN","DALE WATSON","MICHAEL SNELSON","XIMENA M. BISHOP","CRAIG CONOVER","AMANDA MILLER","MARCIA CONOVER-HARRIS"
"SP5737","MARCIA CONOVER-HARRIS","AMANDA MILLER","MICHAEL SNELSON","XIMENA M. BISHOP","CRAIG CONOVER","CRAIG JENSEN","DALE WATSON"
"SP5738","MICHAEL SNELSON","CRAIG CONOVER","MARCIA CONOVER-HARRIS","DALE WATSON","XIMENA M. BISHOP","CRAIG JENSEN","AMANDA MILLER"
"SP5739","MICHAEL SNELSON","CRAIG JENSEN","DALE WATSON","XIMENA M. BISHOP","CRAIG CONOVER","AMANDA MILLER","MARCIA CONOVER-HARRIS"
"SP5740","CRAIG CONOVER","MARCIA CONOVER-HARRIS","skipped","skipped","skipped","skipped","skipped"
"SP5741","CRAIG CONOVER","CRAIG JENSEN","MICHAEL SNELSON","MARCIA CONOVER-HARRIS","AMANDA MILLER","XIMENA M. BISHOP","DALE WATSON"
"SP5742","XIMENA M. BISHOP","MICHAEL SNELSON","CRAIG CONOVER","MARCIA CONOVER-HARRIS","CRAIG JENSEN","AMANDA MILLER","DALE WATSON"
"SP5743","XIMENA M. BISHOP","MICHAEL SNELSON","CRAIG CONOVER","MARCIA CONOVER-HARRIS","CRAIG JENSEN","AMANDA MILLER","DALE WATSON"
"SP5744","MICHAEL SNELSON","CRAIG JENSEN","MARCIA CONOVER-HARRIS","CRAIG CONOVER","AMANDA MILLER","XIMENA M. BISHOP","DALE WATSON"
"SP5745","MICHAEL SNELSON","CRAIG JENSEN","skipped","skipped","skipped","skipped","skipped"
"SP5746","CRAIG JENSEN","CRAIG CONOVER","MICHAEL SNELSON","skipped","skipped","skipped","skipped"
"SP5747","CRAIG JENSEN","MICHAEL SNELSON","skipped","skipped","skipped","skipped","skipped"
"SP5748","CRAIG CONOVER","MARCIA CONOVER-HARRIS","skipped","skipped","skipped","skipped","skipped"
"SP5749","overvote","CRAIG CONOVER","skipped","skipped","skipped","skipped","skipped"
"SP5750","XIMENA M. BISHOP","MICHAEL SNELSON","CRAIG CONOVER","CRAIG JENSEN","MARCIA CONOVER-HARRIS","DALE WATSON","AMANDA MILLER"
"SP5751","MICHAEL SNELSON","CRAIG CONOVER","XIMENA M. BISHOP","AMANDA MILLER","MARCIA CONOVER-HARRIS","CRAIG JENSEN","DALE WATSON"
"SP5752","CRAIG CONOVER","MICHAEL SNELSON","CRAIG JENSEN","MARCIA CONOVER-HARRIS","AMANDA MILLER","DALE WATSON","XIMENA M. BISHOP"
"SP5753","XIMENA M. BISHOP","MICHAEL SNELSON","CRAIG CONOVER","CRAIG JENSEN","MARCIA CONOVER-HARRIS","DALE WATSON","AMANDA MILLER"
"SP5754","MICHAEL SNELSON","CRAIG JENSEN","skipped","DALE WATSON","XIMENA M. BISHOP","AMANDA MILLER","overvote"
"SP5755","MICHAEL SNELSON","CRAIG JENSEN","XIMENA M. BISHOP","DALE WATSON","MARCIA CONOVER-HARRIS","CRAIG CONOVER","AMANDA MILLER"
"SP5756","XIMENA M. BISHOP","MICHAEL SNELSON","CRAIG CONOVER","CRAIG JENSEN","MARCIA CONOVER-HARRIS","DALE WATSON","AMANDA MILLER"
"SP5757","AMANDA MILLER","skipped","skipped","skipped","skipped","skipped","skipped"
"SP5758","MICHAEL SNELSON","XIMENA M. BISHOP","CRAIG JENSEN","CRAIG CONOVER","MARCIA CONOVER-HARRIS","AMANDA MILLER","DALE WATSON"
"SP5759","CRAIG CONOVER","XIMENA M. BISHOP","MICHAEL SNELSON","CRAIG JENSEN","MARCIA CONOVER-HARRIS","AMANDA MILLER","DALE WATSON"
"SP5760","MICHAEL SNELSON","CRAIG JENSEN","XIMENA M. BISHOP","CRAIG CONOVER","MARCIA CONOVER-HARRIS","DALE WATSON","AMANDA MILLER"
"SP5761","CRAIG CONOVER","MARCIA CONOVER-HARRIS","MICHAEL SNELSON","AMANDA MILLER","CRAIG JENSEN","XIMENA M. BISHOP","DALE WATSON"
"SP5762","DALE WATSON","MICHAEL SNELSON","CRAIG JENSEN","CRAIG CONOVER","AMANDA MILLER","MARCIA CONOVER-HARRIS","XIMENA M. BISHOP"
"SP5763","CRAIG CONOVER","MICHAEL SNELSON","CRAIG JENSEN","DALE WATSON","MARCIA CONOVER-HARRIS","XIMENA M. BISHOP","AMANDA MILLER"
"SP5764","CRAIG JENSEN","CRAIG CONOVER","MICHAEL SNELSON","MARCIA CONOVER-HARRIS","XIMENA M. BISHOP","DALE WATSON","AMANDA MILLER"
"SP5765","MICHAEL SNELSON","AMANDA MILLER","DALE WATSON","CRAIG JENSEN","XIMENA M. BISHOP","MARCIA CONOVER-HARRIS","CRAIG CONOVER"
"SP5766","XIMENA M. BISHOP","MICHAEL SNELSON","CRAIG JENSEN","CRAIG CONOVER","MARCIA CONOVER-HARRIS","DALE WATSON","AMANDA MILLER"
"SP5767","MICHAEL SNELSON","CRAIG CONOVER","CRAIG JENSEN","MARCIA CONOVER-HARRIS","XIMENA M. BISHOP","skipped","skipped"
"SP5768","CRAIG CONOVER","MARCIA CONOVER-HARRIS","overvote","DALE WATSON","AMANDA MILLER","MICHAEL SNELSON","DALE WATSON"
"SP5769","DALE WATSON","XIMENA M. BISHOP","overvote","MICHAEL SNELSON","CRAIG JENSEN","CRAIG CONOVER","MARCIA CONOVER-HARRIS"
"SP5770","MICHAEL SNELSON","skipped","skipped","CRAIG JENSEN","XIMENA M. BISHOP","DALE WATSON","overvote"
"SP5771","MICHAEL SNELSON","CRAIG JENSEN","MARCIA CONOVER-HARRIS","XIMENA M. BISHOP","CRAIG CONOVER","DALE WATSON","AMANDA MILLER"
"SP5772","DALE WATSON","XIMENA M. BISHOP","MICHAEL SNELSON","CRAIG JENSEN","CRAIG CONOVER","AMANDA MILLER","MARCIA CONOVER-HARRIS"
"SP5773","CRAIG CONOVER","MARCIA CONOVER-HARRIS","MICHAEL SNELSON","AMANDA MILLER","CRAIG JENSEN","DALE WATSON","XIMENA M. BISHOP"
"SP5774","CRAIG CONOVER","MICHAEL SNELSON","AMANDA MILLER","CRAIG JENSEN","DALE WATSON","AMANDA MILLER","MARCIA CONOVER-HARRIS"
"SP5775","AMANDA MILLER","MICHAEL SNELSON","XIMENA M. BISHOP","DALE WATSON","CRAIG JENSEN","CRAIG CONOVER","MARCIA CONOVER-HARRIS"
"SP5776","CRAIG CONOVER","skipped","skipped","skipped","skipped","skipped","skipped"
"SP5777","AMANDA MILLER","XIMENA M. BISHOP","DALE WATSON","MICHAEL SNELSON","CRAIG JENSEN","MARCIA CONOVER-HARRIS","CRAIG CONOVER"
"SP5778","MICHAEL SNELSON","DALE WATSON","CRAIG JENSEN","XIMENA M. BISHOP","MARCIA CONOVER-HARRIS","AMANDA MILLER","CRAIG CONOVER"
"SP5779","MICHAEL SNELSON","DALE WATSON","XIMENA M. BISHOP","AMANDA MILLER","CRAIG CONOVER","MARCIA CONOVER-HARRIS","CRAIG JENSEN"
"SP5780","XIMENA M. BISHOP","AMANDA MILLER","MARCIA CONOVER-HARRIS","DALE WATSON","MICHAEL SNELSON","CRAIG JENSEN","CRAIG CONOVER"
"SP5781","XIMENA M. BISHOP","DALE WATSON","MICHAEL SNELSON","CRAIG CONOVER","CRAIG JENSEN","MARCIA CONOVER-HARRIS","AMANDA MILLER"
"SP5782","MICHAEL SNELSON","XIMENA M. BISHOP","MARCIA CONOVER-HARRIS","CRAIG CONOVER","CRAIG JENSEN","AMANDA MILLER","DALE WATSON"
"SP5783","MICHAEL SNELSON","CRAIG JENSEN","XIMENA M. BISHOP","AMANDA MILLER","MARCIA CONOVER-HARRIS","DALE WATSON","CRAIG CONOVER"
"SP5784","XIMENA M. BISHOP","CRAIG JENSEN","CRAIG CONOVER","MARCIA CONOVER-HARRIS","AMANDA MILLER","MICHAEL SNELSON","DALE WATSON"
"SP5785","MICHAEL SNELSON","XIMENA M. BISHOP","AMANDA MILLER","CRAIG JENSEN","DALE WATSON","CRAIG CONOVER","MARCIA CONOVER-HARRIS"
"SP5786","XIMENA M. BISHOP","MICHAEL SNELSON","MARCIA CONOVER-HARRIS","CRAIG CONOVER","DALE WATSON","CRAIG JENSEN","AMANDA MILLER"
"SP5787","MARCIA CONOVER-HARRIS","XIMENA M. BISHOP","MICHAEL SNELSON","CRAIG JENSEN","CRAIG CONOVER","AMANDA MILLER","DALE WATSON"
"SP5788","CRAIG JENSEN","MICHAEL SNELSON","XIMENA M. BISHOP","DALE WATSON","skipped","skipped","skipped"
"SP5789","CRAIG JENSEN","MICHAEL SNELSON","skipped","skipped","skipped","skipped","skipped"
"SP5790","MICHAEL SNELSON","DALE WATSON","CRAIG CONOVER","CRAIG JENSEN","MARCIA CONOVER-HARRIS","XIMENA M. BISHOP","AMANDA MILLER"
"SP5791","CRAIG JENSEN","MICHAEL SNELSON","skipped","skipped","skipped","skipped","skipped"
"SP5792","MICHAEL SNELSON","CRAIG JENSEN","skipped","skipped","skipped","skipped","skipped"
"SP5793","MARCIA CONOVER-HARRIS","CRAIG CONOVER","MICHAEL SNELSON","CRAIG JENSEN","DALE WATSON","AMANDA MILLER","XIMENA M. BISHOP"
"SP5794","CRAIG CONOVER","MARCIA CONOVER-HARRIS","XIMENA M. BISHOP","MICHAEL SNELSON","CRAIG JENSEN","AMANDA MILLER","DALE WATSON"
"SP5795","AMANDA MILLER","DALE WATSON","CRAIG CONOVER","MARCIA CONOVER-HARRIS","skipped","skipped","overvote"
"SP5796","MARCIA CONOVER-HARRIS","AMANDA MILLER","XIMENA M. BISHOP","DALE WATSON","CRAIG JENSEN","CRAIG CONOVER","MICHAEL SNELSON"
"SP5797","MICHAEL SNELSON","XIMENA M. BISHOP","CRAIG CONOVER","MARCIA CONOVER-HARRIS","AMANDA MILLER","DALE WATSON","CRAIG JENSEN"
"SP5798","MICHAEL SNELSON","CRAIG JENSEN","CRAIG CONOVER","XIMENA M. BISHOP","MARCIA CONOVER-HARRIS","DALE WATSON","AMANDA MILLER"
"SP5799","overvote","MICHAEL SNELSON","skipped","skipped","skipped","skipped","skipped"
"SP5800","MARCIA CONOVER-HARRIS","XIMENA M. BISHOP","AMANDA MILLER","skipped","skipped","skipped","skipped"
"SP5801","MICHAEL SNELSON","CRAIG JENSEN","MARCIA CONOVER-HARRIS","XIMENA M. BISHOP","CRAIG CONOVER","skipped","skipped"
"SP5802","MARCIA CONOVER-HARRIS","MICHAEL SNELSON","XIMENA M. BISHOP","CRAIG JENSEN","CRAIG CONOVER","DALE WATSON","AMANDA MILLER"
"SP5803","CRAIG CONOVER","CRAIG JENSEN","MICHAEL SNELSON","DALE WATSON","MARCIA CONOVER-HARRIS","AMANDA MILLER","XIMENA M. BISHOP"
"SP5804","CRAIG CONOVER","MARCIA CONOVER-HARRIS","XIMENA M. BISHOP","MICHAEL SNELSON","CRAIG JENSEN","AMANDA MILLER","DALE WATSON"
"SP5805","AMANDA MILLER","MARCIA CONOVER-HARRIS","CRAIG CONOVER","CRAIG JENSEN","MICHAEL SNELSON","XIMENA M. BISHOP","DALE WATSON"
"SP5806","MICHAEL SNELSON","XIMENA M. BISHOP","CRAIG JENSEN","CRAIG CONOVER","AMANDA MILLER","DALE WATSON","MARCIA CONOVER-HARRIS"
"SP5807","XIMENA M. BISHOP","MICHAEL SNELSON","DALE WATSON","CRAIG JENSEN","CRAIG CONOVER","MARCIA CONOVER-HARRIS","AMANDA MILLER"
"SP5808","CRAIG CONOVER","MICHAEL SNELSON","XIMENA M. BISHOP","MARCIA CONOVER-HARRIS","AMANDA MILLER","DALE WATSON","CRAIG JENSEN"
"SP5809","DALE WATSON","MICHAEL SNELSON","CRAIG CONOVER","CRAIG JENSEN","XIMENA M. BISHOP","AMANDA MILLER","MARCIA CONOVER-HARRIS"
"SP5810","MICHAEL SNELSON","skipped","skipped","skipped","skipped","skipped","skipped"
"SP5811","CRAIG CONOVER","XIMENA M. BISHOP","MICHAEL SNELSON","CRAIG JENSEN","DALE WATSON","MARCIA CONOVER-HARRIS","AMANDA MILLER"
"SP5812","CRAIG CONOVER","MARCIA CONOVER-HARRIS","DALE WATSON","XIMENA M. BISHOP","AMANDA MILLER","MICHAEL SNELSON","CRAIG JENSEN"
"SP5813","CRAIG JENSEN","MICHAEL SNELSON","DALE WATSON","XIMENA M. BISHOP","AMANDA MILLER","skipped","skipped"
"SP5814","MICHAEL SNELSON","CRAIG JENSEN","DALE WATSON","CRAIG CONOVER","XIMENA M. BISHOP","MARCIA CONOVER-HARRIS","AMANDA MILLER"
"SP5815","MARCIA CONOVER-HARRIS","CRAIG CONOVER","DALE WATSON","XIMENA M. BISHOP","AMANDA MILLER","MICHAEL SNELSON","CRAIG JENSEN"
"SP5816","AMANDA MILLER","CRAIG CONOVER","MICHAEL SNELSON","CRAIG JENSEN","XIMENA M. BISHOP","DALE WATSON","MARCIA CONOVER-HARRIS"
"SP5817","MICHAEL SNELSON","skipped","skipped","skipped","skipped","skipped","skipped"
"SP5818","DALE WATSON","XIMENA M. BISHOP","CRAIG CONOVER","AMANDA MILLER","MICHAEL SNELSON","MARCIA CONOVER-HARRIS","CRAIG JENSEN"
"SP5819","CRAIG CONOVER","MICHAEL SNELSON","CRAIG JENSEN","AMANDA MILLER","XIMENA M. BISHOP","DALE WATSON","MARCIA CONOVER-HARRIS"
"SP5820","CRAIG CONOVER","XIMENA M. BISHOP","MICHAEL SNELSON","CRAIG JENSEN","DALE WATSON","MARCIA CONOVER-HARRIS","AMANDA MILLER"
"SP5821","MICHAEL SNELSON","MARCIA CONOVER-HARRIS","CRAIG CONOVER","XIMENA M. BISHOP","DALE WATSON","AMANDA MILLER","CRAIG JENSEN"
"SP5822","DALE WATSON","CRAIG JENSEN","XIMENA M. BISHOP","MICHAEL SNELSON","skipped","skipped","skipped"
"SP5823","MICHAEL SNELSON","CRAIG JENSEN","DALE WATSON","XIMENA M. BISHOP","AMANDA MILLER","MARCIA CONOVER-HARRIS","CRAIG CONOVER"
"SP5824","CRAIG JENSEN","CRAIG CONOVER","MICHAEL SNELSON","AMANDA MILLER","DALE WATSON","MARCIA CONOVER-HARRIS","XIMENA M. BISHOP"
"SP5825","CRAIG CONOVER","MICHAEL SNELSON","CRAIG JENSEN","skipped","skipped","skipped","skipped"
"SP5826","AMANDA MILLER","CRAIG CONOVER","CRAIG JENSEN","AMANDA MILLER","DALE WATSON","XIMENA M. BISHOP","MICHAEL SNELSON"
"SP5827","CRAIG JENSEN","CRAIG CONOVER","AMANDA MILLER","MICHAEL SNELSON","DALE WATSON","XIMENA M. BISHOP","MARCIA CONOVER-HARRIS"
"SP5828","CRAIG JENSEN","DALE WATSON","MICHAEL SNELSON","XIMENA M. BISHOP","CRAIG CONOVER","MARCIA CONOVER-HARRIS","AMANDA MILLER"
"SP5829","CRAIG JENSEN","CRAIG CONOVER","AMANDA MILLER","MICHAEL SNELSON","DALE WATSON","XIMENA M. BISHOP","MARCIA CONOVER-HARRIS"
"SP5830","MICHAEL SNELSON","CRAIG JENSEN","MARCIA CONOVER-HARRIS","CRAIG CONOVER","XIMENA M. BISHOP","DALE WATSON","AMANDA MILLER"
"SP5831","MARCIA CONOVER-HARRIS","XIMENA M. BISHOP","DALE WATSON","MICHAEL SNELSON","CRAIG JENSEN","CRAIG CONOVER","AMANDA MILLER"
"SP5832","MICHAEL SNELSON","skipped","skipped","skipped","skipped","skipped","skipped"
"SP5833","MICHAEL SNELSON","CRAIG JENSEN","DALE WATSON","XIMENA M. BISHOP","CRAIG CONOVER","MARCIA CONOVER-HARRIS","AMANDA MILLER"
"SP5834","CRAIG JENSEN","DALE WATSON","AMANDA MILLER","XIMENA M. BISHOP","MICHAEL SNELSON","MARCIA CONOVER-HARRIS","CRAIG CONOVER"
"SP5835","CRAIG JENSEN","CRAIG CONOVER","DALE WATSON","XIMENA M. BISHOP","MICHAEL SNELSON","MARCIA CONOVER-HARRIS","AMANDA MILLER"
"SP5836","CRAIG CONOVER","MARCIA CONOVER-HARRIS","XIMENA M. BISHOP","DALE WATSON","MICHAEL SNELSON","CRAIG JENSEN","AMANDA MILLER"
"SP5837","CRAIG JENSEN","MICHAEL SNELSON","XIMENA M. BISHOP","DALE WATSON","skipped","skipped","skipped"
"SP5838","MARCIA CONOVER-HARRIS","MICHAEL SNELSON","XIMENA M. BISHOP","CRAIG CONOVER","CRAIG JENSEN","AMANDA MILLER","DALE WATSON"
"SP5839","AMANDA MILLER","CRAIG JENSEN","XIMENA M. BISHOP","DALE WATSON","MICHAEL SNELSON","CRAIG CONOVER","MARCIA CONOVER-HARRIS"
"SP5840","overvote","overvote","overvote","overvote","overvote","overvote","overvote"
"SP5841","AMANDA MILLER","XIMENA M. BISHOP","skipped","skipped","skipped","CRAIG CONOVER","overvote"
"SP5842","MICHAEL SNELSON","CRAIG JENSEN","XIMENA M. BISHOP","CRAIG CONOVER","MARCIA CONOVER-HARRIS","AMANDA MILLER","DALE WATSON"
"SP5843","XIMENA M. BISHOP","CRAIG JENSEN","MICHAEL SNELSON","MARCIA CONOVER-HARRIS","CRAIG CONOVER","skipped","skipped"
"SP5844","MICHAEL SNELSON","MARCIA CONOVER-HARRIS","XIMENA M. BISHOP","CRAIG CONOVER","AMANDA MILLER","CRAIG JENSEN","DALE WATSON"
"SP5845","MICHAEL SNELSON","XIMENA M. BISHOP","AMANDA MILLER","DALE WATSON","CRAIG JENSEN","CRAIG CONOVER","MARCIA CONOVER-HARRIS"
"SP5846","CRAIG JENSEN","MICHAEL SNELSON","MARCIA CONOVER-HARRIS","DALE WATSON","XIMENA M. BISHOP","AMANDA MILLER","CRAIG CONOVER"
"SP5847","MICHAEL SNELSON","CRAIG JENSEN","XIMENA M. BISHOP","AMANDA MILLER","MARCIA CONOVER-HARRIS","DALE WATSON","CRAIG CONOVER"
"SP5848","MICHAEL SNELSON","CRAIG JENSEN","MARCIA CONOVER-HARRIS","XIMENA M. BISHOP","AMANDA MILLER","DALE WATSON","CRAIG CONOVER"
"SP5849","XIMENA M. BISHOP","CRAIG JENSEN","MARCIA CONOVER-HARRIS","AMANDA MILLER","MICHAEL SNELSON","CRAIG CONOVER","DALE WATSON"
"SP5850","XIMENA M. BISHOP","AMANDA MILLER","DALE WATSON","CRAIG JENSEN","CRAIG CONOVER","MICHAEL SNELSON","MARCIA CONOVER-HARRIS"
"SP5851","CRAIG JENSEN","CRAIG CONOVER","MICHAEL SNELSON","MARCIA CONOVER-HARRIS","AMANDA MILLER","XIMENA M. BISHOP","DALE WATSON"
"SP5852","AMANDA MILLER","XIMENA M. BISHOP","CRAIG JENSEN","MICHAEL SNELSON","DALE WATSON","CRAIG CONOVER","MARCIA CONOVER-HARRIS"
"SP5853","CRAIG JENSEN","XIMENA M. BISHOP","CRAIG CONOVER","MARCIA CONOVER-HARRIS","DALE WATSON","AMANDA MILLER","MICHAEL SNELSON"
"SP5854","CRAIG CONOVER","MARCIA CONOVER-HARRIS","skipped","skipped","skipped","skipped","skipped"
"SP5855","AMANDA MILLER","DALE WATSON","skipped","skipped","skipped","skipped","skipped"
"SP5856","MICHAEL SNELSON","AMANDA MILLER","DALE WATSON","CRAIG JENSEN","XIMENA M. BISHOP","MARCIA CONOVER-HARRIS","CRAIG CONOVER"
"SP5857","DALE WATSON","MARCIA CONOVER-HARRIS","AMANDA MILLER","MICHAEL SNELSON","CRAIG JENSEN","CRAIG CONOVER","XIMENA M. BISHOP"
"SP5858","MICHAEL SNELSON","DALE WATSON","CRAIG CONOVER","MARCIA CONOVER-HARRIS","CRAIG JENSEN","XIMENA M. BISHOP","AMANDA MILLER"
"SP5859","CRAIG CONOVER","MICHAEL SNELSON","DALE WATSON","CRAIG JENSEN","AMANDA MILLER","MARCIA CONOVER-HARRIS","XIMENA M. BISHOP"
"SP5860","MICHAEL SNELSON","CRAIG JENSEN","XIMENA M. BISHOP","CRAIG CONOVER","MARCIA CONOVER-HARRIS","DALE WATSON","AMANDA MILLER"
"SP5861","CRAIG CONOVER","DALE WATSON","MICHAEL SNELSON","CRAIG JENSEN","XIMENA M. BISHOP","MARCIA CONOVER-HARRIS","AMANDA MILLER"
"SP5862","XIMENA M. BISHOP","CRAIG CONOVER","MICHAEL SNELSON","skipped","skipped","skipped","skipped"
"SP5863","CRAIG CONOVER","DALE WATSON","AMANDA MILLER","MARCIA CONOVER-HARRIS","CRAIG JENSEN","XIMENA M. BISHOP","MICHAEL SNELSON"
"SP5864","MARCIA CONOVER-HARRIS","CRAIG CONOVER","XIMENA M. BISHOP","AMANDA MILLER","MICHAEL SNELSON","CRAIG JENSEN","DALE WATSON"
"SP5865","MICHAEL SNELSON","CRAIG CONOVER","XIMENA M. BISHOP","CRAIG JENSEN","AMANDA MILLER","DALE WATSON","MARCIA CONOVER-HARRIS"
"SP5866","CRAIG JENSEN","MICHAEL SNELSON","XIMENA M. BISHOP","MARCIA CONOVER-HARRIS","AMANDA MILLER","DALE WATSON","CRAIG CONOVER"
"SP5867","XIMENA M. BISHOP","MICHAEL SNELSON","CRAIG JENSEN","DALE WATSON","MARCIA CONOVER-HARRIS","CRAIG CONOVER","AMANDA MILLER"
"SP5868","MICHAEL SNELSON","CRAIG JENSEN","DALE WATSON","XIMENA M. BISHOP","MARCIA CONOVER-HARRIS","AMANDA MILLER","CRAIG CONOVER"
"SP5869","MICHAEL SNELSON","XIMENA M. BISHOP","skipped","skipped","skipped","skipped","skipped"
"SP5870","AMANDA MILLER","skipped","skipped","skipped","skipped","skipped","skipped"
"SP5871","XIMENA M. BISHOP","MARCIA CONOVER-HARRIS","CRAIG JENSEN","CRAIG CONOVER","MICHAEL SNELSON","AMANDA MILLER","DALE WATSON"
"SP5872","MICHAEL SNELSON","CRAIG JENSEN","XIMENA M. BISHOP","CRAIG CONOVER","MARCIA CONOVER-HARRIS","AMANDA MILLER","DALE WATSON"
"SP5873","XIMENA M. BISHOP","MARCIA CONOVER-HARRIS","AMANDA MILLER","CRAIG JENSEN","MICHAEL SNELSON","CRAIG CONOVER","DALE WATSON"
"SP5874","CRAIG CONOVER","MICHAEL SNELSON","CRAIG JENSEN","DALE WATSON","MARCIA CONOVER-HARRIS","AMANDA MILLER","XIMENA M. BISHOP"
"SP5875","CRAIG CONOVER","MARCIA CONOVER-HARRIS","MICHAEL SNELSON","CRAIG JENSEN","AMANDA MILLER","DALE WATSON","XIMENA M. BISHOP"
"SP5876","AMANDA MILLER","XIMENA M. BISHOP","MICHAEL SNELSON","DALE WATSON","CRAIG JENSEN","MARCIA CONOVER-HARRIS","CRAIG CONOVER"
"SP5877","skipped","skipped","skipped","skipped","skipped","skipped","skipped"
"SP5878","MICHAEL SNELSON","skipped","skipped","skipped","skipped","skipped","skipped"
"SP5879","CRAIG JENSEN","MICHAEL SNELSON","skipped","skipped","skipped","skipped","skipped"
"SP5880","CRAIG CONOVER","MARCIA CONOVER-HARRIS","MICHAEL SNELSON","DALE WATSON","AMANDA MILLER","XIMENA M. BISHOP","CRAIG JENSEN"
"SP5881","MICHAEL SNELSON","CRAIG JENSEN","MARCIA CONOVER-HARRIS","CRAIG CONOVER","DALE WATSON","XIMENA M. BISHOP","AMANDA MILLER"
"SP5882","MICHAEL SNELSON","CRAIG JENSEN","DALE WATSON","AMANDA MILLER","XIMENA M. BISHOP","skipped","overvote"
"SP5883","MICHAEL SNELSON","XIMENA M. BISHOP","AMANDA MILLER","MARCIA CONOVER-HARRIS","CRAIG CONOVER","CRAIG JENSEN","DALE WATSON"
"SP5884","CRAIG CONOVER","MICHAEL SNELSON","DALE WATSON","XIMENA M. BISHOP","CRAIG JENSEN","MARCIA CONOVER-HARRIS","AMANDA MILLER"
"SP5885","DALE WATSON","CRAIG JENSEN","CRAIG CONOVER","skipped","skipped","skipped","skipped"
"SP5886","CRAIG CONOVER","XIMENA M. BISHOP","MICHAEL SNELSON","CRAIG JENSEN","MARCIA CONOVER-HARRIS","DALE WATSON","AMANDA MILLER"
"SP5887","XIMENA M. BISHOP","AMANDA MILLER","MARCIA CONOVER-HARRIS","MICHAEL SNELSON","CRAIG JENSEN","CRAIG CONOVER","DALE WATSON"
"SP5888","CRAIG JENSEN","XIMENA M. BISHOP","AMANDA MILLER","CRAIG CONOVER","DALE WATSON","MICHAEL SNELSON","MARCIA CONOVER-HARRIS"
"SP5889","MICHAEL SNELSON","DALE WATSON","CRAIG CONOVER","CRAIG JENSEN","MARCIA CONOVER-HARRIS","AMANDA MILLER","XIMENA M. BISHOP"
"SP5890","DALE WATSON","XIMENA M. BISHOP","MICHAEL SNELSON","AMANDA MILLER","CRAIG CONOVER","CRAIG JENSEN","MARCIA CONOVER-HARRIS"
"SP5891","MARCIA CONOVER-HARRIS","AMANDA MILLER","CRAIG CONOVER","DALE WATSON","XIMENA M. BISHOP","CRAIG JENSEN","MICHAEL SNELSON"
"SP5892","MICHAEL SNELSON","CRAIG CONOVER","MARCIA CONOVER-HARRIS","CRAIG JENSEN","DALE WATSON","AMANDA MILLER","XIMENA M. BISHOP"
"SP5893","MARCIA CONOVER-HARRIS","XIMENA M. BISHOP","AMANDA MILLER","skipped","skipped","skipped","skipped"
"SP5894","MICHAEL SNELSON","CRAIG JENSEN","AMANDA MILLER","skipped","skipped","skipped","skipped"
"SP5895","AMANDA MILLER","skipped","skipped","skipped","skipped","skipped","skipped"
"SP5896","AMANDA MILLER","DALE WATSON","XIMENA M. BISHOP","CRAIG JENSEN","MICHAEL SNELSON","MARCIA CONOVER-HARRIS","CRAIG CONOVER"
"SP5897","XIMENA M. BISHOP","CRAIG JENSEN","MICHAEL SNELSON","CRAIG CONOVER","AMANDA MILLER","MARCIA CONOVER-HARRIS","MICHAEL SNELSON"
"SP5898","skipped","skipped","skipped","skipped","skipped","skipped","skipped"
"SP5899","DALE WATSON","CRAIG JENSEN","XIMENA M. BISHOP","MICHAEL SNELSON","AMANDA MILLER","MARCIA CONOVER-HARRIS","CRAIG CONOVER"
"SP5900","MARCIA CONOVER-HARRIS","CRAIG CONOVER","AMANDA MILLER","MICHAEL SNELSON","DALE WATSON","XIMENA M. BISHOP","overvote"
"SP5901","DALE WATSON","AMANDA MILLER","CRAIG CONOVER","XIMENA M. BISHOP","MICHAEL SNELSON","MARCIA CONOVER-HARRIS","CRAIG JENSEN"
"SP5902","XIMENA M. BISHOP","MICHAEL SNELSON","CRAIG JENSEN","CRAIG CONOVER","AMANDA MILLER","MARCIA CONOVER-HARRIS","DALE WATSON"
"SP5903","DALE WATSON","MICHAEL SNELSON","CRAIG CONOVER","AMANDA MILLER","MARCIA CONOVER-HARRIS","CRAIG JENSEN","XIMENA M. BISHOP"
"SP5904","MARCIA CONOVER-HARRIS","XIMENA M. BISHOP","MICHAEL SNELSON","CRAIG CONOVER","CRAIG JENSEN","AMANDA MILLER","DALE WATSON"
"SP5905","DALE WATSON","MICHAEL SNELSON","CRAIG JENSEN","CRAIG CONOVER","XIMENA M. BISHOP","AMANDA MILLER","MARCIA CONOVER-HARRIS"
"SP5906","MARCIA CONOVER-HARRIS","AMANDA MILLER","XIMENA M. BISHOP","MICHAEL SNELSON","DALE WATSON","CRAIG JENSEN","CRAIG CONOVER"
"SP5907","MICHAEL SNELSON","MARCIA CONOVER-HARRIS","XIMENA M. BISHOP","CRAIG CONOVER","CRAIG JENSEN","DALE WATSON","AMANDA MILLER"
"SP5908","CRAIG CONOVER","XIMENA M. BISHOP","MICHAEL SNELSON","DALE WATSON","CRAIG JENSEN","MARCIA CONOVER-HARRIS","AMANDA MILLER"
"SP5909","MARCIA CONOVER-HARRIS","skipped","skipped","skipped","skipped","skipped","skipped"
"SP5910","MARCIA CONOVER-HARRIS","MICHAEL SNELSON","XIMENA M. BISHOP","CRAIG JENSEN","CRAIG CONOVER","DALE WATSON","AMANDA MILLER"
"SP5911","MICHAEL SNELSON","CRAIG JENSEN","skipped","skipped","skipped","skipped","skipped"
"SP5912","CRAIG CONOVER","MARCIA CONOVER-HARRIS","MICHAEL SNELSON","DALE WATSON","AMANDA MILLER","skipped","skipped"
"SP5913","MICHAEL SNELSON","XIMENA M. BISHOP","DALE WATSON","AMANDA MILLER","MARCIA CONOVER-HARRIS","CRAIG CONOVER","CRAIG JENSEN"
"SP5914","CRAIG JENSEN","MICHAEL SNELSON","XIMENA M. BISHOP","DALE WATSON","CRAIG CONOVER","MARCIA CONOVER-HARRIS","AMANDA MILLER"
"SP5915","XIMENA M. BISHOP","MICHAEL SNELSON","CRAIG JENSEN","AMANDA MILLER","DALE WATSON","CRAIG CONOVER","MARCIA CONOVER-HARRIS"
"SP5916","MICHAEL SNELSON","CRAIG JENSEN","XIMENA M. BISHOP","AMANDA MILLER","DALE WATSON","MARCIA CONOVER-HARRIS","CRAIG CONOVER"
"SP5917","MICHAEL SNELSON","skipped","skipped","skipped","skipped","skipped","skipped"
"SP5918","MICHAEL SNELSON","XIMENA M. BISHOP","AMANDA MILLER","CRAIG JENSEN","skipped","skipped","skipped"
"SP5919","DALE WATSON","CRAIG CONOVER","MICHAEL SNELSON","CRAIG JENSEN","XIMENA M. BISHOP","AMANDA MILLER","MARCIA CONOVER-HARRIS"
"SP5920","XIMENA M. BISHOP","MICHAEL SNELSON","CRAIG JENSEN","AMANDA MILLER","DALE WATSON","CRAIG CONOVER","MARCIA CONOVER-HARRIS"
"SP5921","MICHAEL SNELSON","CRAIG JENSEN","XIMENA M. BISHOP","AMANDA MILLER","DALE WATSON","MARCIA CONOVER-HARRIS","CRAIG CONOVER"
"SP5922","DALE WATSON","CRAIG CONOVER","MICHAEL SNELSON","CRAIG JENSEN","MARCIA CONOVER-HARRIS","AMANDA MILLER","XIMENA M. BISHOP"
"SP5923","MICHAEL SNELSON","CRAIG JENSEN","CRAIG CONOVER","DALE WATSON","AMANDA MILLER","MARCIA CONOVER-HARRIS","XIMENA M. BISHOP"
"SP5924","MICHAEL SNELSON","DALE WATSON","CRAIG JENSEN","CRAIG CONOVER","AMANDA MILLER","MARCIA CONOVER-HARRIS","XIMENA M. BISHOP"
"SP5925","MICHAEL SNELSON","CRAIG JENSEN","CRAIG CONOVER","skipped","skipped","skipped","skipped"
"SP5926","MICHAEL SNELSON","CRAIG JENSEN","CRAIG CONOVER","DALE WATSON","XIMENA M. BISHOP","AMANDA MILLER","MARCIA CONOVER-HARRIS"
"SP5927","DALE WATSON","CRAIG CONOVER","AMANDA MILLER","MARCIA CONOVER-HARRIS","XIMENA M. BISHOP","CRAIG JENSEN","MICHAEL SNELSON"
"SP5928","MICHAEL SNELSON","CRAIG JENSEN","MARCIA CONOVER-HARRIS","CRAIG CONOVER","XIMENA M. BISHOP","DALE WATSON","AMANDA MILLER"
"SP5929","MARCIA CONOVER-HARRIS","CRAIG CONOVER","MICHAEL SNELSON","skipped","skipped","skipped","skipped"
"SP5930","DALE WATSON","XIMENA M. BISHOP","MICHAEL SNELSON","CRAIG CONOVER","CRAIG JENSEN","MARCIA CONOVER-HARRIS","AMANDA MILLER"
"SP5931","MICHAEL SNELSON","AMANDA MILLER","DALE WATSON","CRAIG CONOVER","CRAIG JENSEN","MICHAEL SNELSON","XIMENA M. BISHOP"
"SP5932","AMANDA MILLER","skipped","skipped","skipped","skipped","skipped","skipped"
"SP5933","MICHAEL SNELSON","XIMENA M. BISHOP","skipped","skipped","skipped","skipped","skipped"
"SP5934","DALE WATSON","MICHAEL SNELSON","CRAIG JENSEN","XIMENA M. BISHOP","CRAIG CONOVER","AMANDA MILLER","MARCIA CONOVER-HARRIS"
"SP5935","MICHAEL SNELSON","CRAIG JENSEN","CRAIG CONOVER","MARCIA CONOVER-HARRIS","DALE WATSON","AMANDA MILLER","XIMENA M. BISHOP"
"SP5936","CRAIG JENSEN","CRAIG CONOVER","MICHAEL SNELSON","skipped","skipped","skipped","skipped"
"SP5937","MARCIA CONOVER-HARRIS","XIMENA M. BISHOP","CRAIG JENSEN","CRAIG CONOVER","MICHAEL SNELSON","DALE WATSON","AMANDA MILLER"
"SP5938","MICHAEL SNELSON","skipped","skipped","skipped","skipped","skipped","skipped"
"SP5939","MICHAEL SNELSON","CRAIG JENSEN","CRAIG CONOVER","skipped","skipped","skipped","skipped"
"SP5940","MICHAEL SNELSON","CRAIG JENSEN","CRAIG CONOVER","skipped","skipped","skipped","skipped"
"SP5941","MICHAEL SNELSON","CRAIG CONOVER","MARCIA CONOVER-HARRIS","CRAIG JENSEN","AMANDA MILLER","DALE WATSON","XIMENA M. BISHOP"
"SP5942","MICHAEL SNELSON","CRAIG JENSEN","CRAIG CONOVER","skipped","skipped","skipped","skipped"
"SP5943","CRAIG JENSEN","MICHAEL SNELSON","CRAIG CONOVER","MARCIA CONOVER-HARRIS","AMANDA MILLER","DALE WATSON","XIMENA M. BISHOP"
"SP5944","MICHAEL SNELSON","CRAIG JENSEN","CRAIG CONOVER","skipped","skipped","skipped","skipped"
"SP5945","DALE WATSON","MICHAEL SNELSON","CRAIG CONOVER","MARCIA CONOVER-HARRIS","AMANDA MILLER","MICHAEL SNELSON","XIMENA M. BISHOP"
"SP5946","skipped","skipped","skipped","skipped","skipped","skipped","skipped"
"SP5947","CRAIG JENSEN","MICHAEL SNELSON","skipped","skipped","skipped","skipped","skipped"
"SP5948","MICHAEL SNELSON","CRAIG JENSEN","skipped","skipped","skipped","skipped","skipped"
"SP5949","AMANDA MILLER","DALE WATSON","CRAIG JENSEN","XIMENA M. BISHOP","MICHAEL SNELSON","CRAIG CONOVER","MARCIA CONOVER-HARRIS"
"SP5950","CRAIG JENSEN","MICHAEL SNELSON","MARCIA CONOVER-HARRIS","CRAIG CONOVER","AMANDA MILLER","skipped","skipped"
"SP5951","AMANDA MILLER","XIMENA M. BISHOP","CRAIG JENSEN","DALE WATSON","MICHAEL SNELSON","CRAIG CONOVER","MARCIA CONOVER-HARRIS"
"SP5952","MICHAEL SNELSON","DALE WATSON","AMANDA MILLER","CRAIG CONOVER","CRAIG JENSEN","XIMENA M. BISHOP","MARCIA CONOVER-HARRIS"
"SP5953","CRAIG CONOVER","MARCIA CONOVER-HARRIS","XIMENA M. BISHOP","AMANDA MILLER","DALE WATSON","MICHAEL SNELSON","CRAIG JENSEN"
"SP5954","MARCIA CONOVER-HARRIS","CRAIG JENSEN","XIMENA M. BISHOP","DALE WATSON","CRAIG CONOVER","AMANDA MILLER","MICHAEL SNELSON"
"SP5955","DALE WATSON","MICHAEL SNELSON","CRAIG CONOVER","CRAIG JENSEN","MARCIA CONOVER-HARRIS","XIMENA M. BISHOP","AMANDA MILLER"
"SP5956","MICHAEL SNELSON","XIMENA M. BISHOP","MARCIA CONOVER-HARRIS","CRAIG JENSEN","CRAIG CONOVER","DALE WATSON","AMANDA MILLER"
"SP5957","MICHAEL SNELSON","CRAIG CONOVER","CRAIG JENSEN","MARCIA CONOVER-HARRIS","XIMENA M. BISHOP","AMANDA MILLER","DALE WATSON"
"SP5958","CRAIG JENSEN","CRAIG CONOVER","MICHAEL SNELSON","MARCIA CONOVER-HARRIS","XIMENA M. BISHOP","AMANDA MILLER","DALE WATSON"
"SP5959","MICHAEL SNELSON","XIMENA M. BISHOP","overvote","DALE WATSON","skipped","MARCIA CONOVER-HARRIS","CRAIG CONOVER"
"SP5960","MARCIA CONOVER-HARRIS","CRAIG CONOVER","skipped","skipped","skipped","skipped","skipped"
"SP5961","CRAIG JENSEN","CRAIG CONOVER","MARCIA CONOVER-HARRIS","MICHAEL SNELSON","DALE WATSON","skipped","skipped"
"SP5962","CRAIG JENSEN","skipped","skipped","skipped","skipped","skipped","skipped"
"SP5963","DALE WATSON","XIMENA M. BISHOP","overvote","MICHAEL SNELSON","MARCIA CONOVER-HARRIS","CRAIG JENSEN","skipped"
"SP5964","MICHAEL SNELSON","DALE WATSON","XIMENA M. BISHOP","CRAIG JENSEN","AMANDA MILLER","MARCIA CONOVER-HARRIS","CRAIG CONOVER"
"SP5965","CRAIG JENSEN","CRAIG CONOVER","MICHAEL SNELSON","MARCIA CONOVER-HARRIS","DALE WATSON","skipped","skipped"
"SP5966","MICHAEL SNELSON","DALE WATSON","CRAIG JENSEN","XIMENA M. BISHOP","AMANDA MILLER","MARCIA CONOVER-HARRIS","CRAIG CONOVER"
"SP5967","XIMENA M. BISHOP","CRAIG CONOVER","AMANDA MILLER","AMANDA MILLER","DALE WATSON","MICHAEL SNELSON","CRAIG JENSEN"
"SP5968","CRAIG CONOVER","XIMENA M. BISHOP","MICHAEL SNELSON","CRAIG JENSEN","DALE WATSON","MARCIA CONOVER-HARRIS","AMANDA MILLER"
"SP5969","CRAIG JENSEN","MICHAEL SNELSON","MARCIA CONOVER-HARRIS","CRAIG CONOVER","XIMENA M. BISHOP","DALE WATSON","AMANDA MILLER"
"SP5970","XIMENA M. BISHOP","AMANDA MILLER","CRAIG JENSEN","MICHAEL SNELSON","DALE WATSON","MARCIA CONOVER-HARRIS","CRAIG CONOVER"
"SP5971","DALE WATSON","XIMENA M. BISHOP","MICHAEL SNELSON","CRAIG JENSEN","MARCIA CONOVER-HARRIS","AMANDA MILLER","CRAIG CONOVER"
"SP5972","XIMENA M. BISHOP","MARCIA CONOVER-HARRIS","CRAIG CONOVER","MICHAEL SNELSON","skipped","skipped","skipped"
"SP5973","MICHAEL SNELSON","skipped","skipped","skipped","skipped","skipped","skipped"
"SP5974","CRAIG JENSEN","XIMENA M. BISHOP","MICHAEL SNELSON","CRAIG CONOVER","skipped","skipped","skipped"
"SP5975","CRAIG CONOVER","MARCIA CONOVER-HARRIS","CRAIG JENSEN","MICHAEL SNELSON","XIMENA M. BISHOP","DALE WATSON","AMANDA MILLER"
"SP5976","MARCIA CONOVER-HARRIS","MICHAEL SNELSON","AMANDA MILLER","CRAIG CONOVER","DALE WATSON","XIMENA M. BISHOP","CRAIG JENSEN"
"SP5977","MICHAEL SNELSON","CRAIG JENSEN","XIMENA M. BISHOP","DALE WATSON","AMANDA MILLER","CRAIG CONOVER","MARCIA CONOVER-HARRIS"
"SP5978","XIMENA M. BISHOP","AMANDA MILLER","CRAIG JENSEN","MICHAEL SNELSON","DALE WATSON","MARCIA CONOVER-HARRIS","CRAIG CONOVER"
"SP5979","MICHAEL SNELSON","skipped","skipped","skipped","skipped","skipped","skipped"
"SP5980","XIMENA M. BISHOP","MICHAEL SNELSON","CRAIG JENSEN","skipped","skipped","skipped","skipped"
"SP5981","XIMENA M. BISHOP","MICHAEL SNELSON","CRAIG JENSEN","MARCIA CONOVER-HARRIS","skipped","skipped","skipped"
"SP5982","XIMENA M. BISHOP","MARCIA CONOVER-HARRIS","MICHAEL SNELSON","CRAIG JENSEN","CRAIG CONOVER","skipped","skipped"
"SP5983","CRAIG CONOVER","DALE WATSON","XIMENA M. BISHOP","MARCIA CONOVER-HARRIS","AMANDA MILLER","CRAIG JENSEN","MICHAEL SNELSON"
"SP5984","MICHAEL SNELSON","XIMENA M. BISHOP","CRAIG JENSEN","AMANDA MILLER","DALE WATSON","MARCIA CONOVER-HARRIS","CRAIG CONOVER"
"SP5985","CRAIG CONOVER","MARCIA CONOVER-HARRIS","MICHAEL SNELSON","DALE WATSON","XIMENA M. BISHOP","CRAIG JENSEN","AMANDA MILLER"
"SP5986","MICHAEL SNELSON","CRAIG CONOVER","MARCIA CONOVER-HARRIS","XIMENA M. BISHOP","AMANDA MILLER","DALE WATSON","skipped"
"SP5987","overvote","skipped","skipped","skipped","skipped","skipped","skipped"
"SP5988","AMANDA MILLER","XIMENA M. BISHOP","CRAIG JENSEN","MICHAEL SNELSON","skipped","skipped","skipped"
"SP5989","XIMENA M. BISHOP","MARCIA CONOVER-HARRIS","AMANDA MILLER","CRAIG CONOVER","CRAIG JENSEN","MICHAEL SNELSON","DALE WATSON"
"SP5990","XIMENA M. BISHOP","CRAIG CONOVER","MARCIA CONOVER-HARRIS","MICHAEL SNELSON","CRAIG JENSEN","DALE WATSON","AMANDA MILLER"
"SP5991","MICHAEL SNELSON","CRAIG JENSEN","MICHAEL SNELSON","CRAIG CONOVER","AMANDA MILLER","XIMENA M. BISHOP","MARCIA CONOVER-HARRIS"
"SP5992","XIMENA M. BISHOP","MICHAEL SNELSON","CRAIG JENSEN","DALE WATSON","AMANDA MILLER","MARCIA CONOVER-HARRIS","CRAIG CONOVER"
"SP5993","DALE WATSON","MICHAEL SNELSON","CRAIG CONOVER","AMANDA MILLER","CRAIG JENSEN","MARCIA CONOVER-HARRIS","XIMENA M. BISHOP"
"SP5994","MICHAEL SNELSON","CRAIG JENSEN","skipped","skipped","skipped","skipped","skipped"
"SP5995","XIMENA M. BISHOP","MARCIA CONOVER-HARRIS","CRAIG CONOVER","MICHAEL SNELSON","DALE WATSON","AMANDA MILLER","CRAIG JENSEN"
"SP5996","CRAIG JENSEN","MICHAEL SNELSON","AMANDA MILLER","DALE WATSON","XIMENA M. BISHOP","MARCIA CONOVER-HARRIS","CRAIG CONOVER"
"SP5997","AMANDA MILLER","DALE WATSON","CRAIG JENSEN","CRAIG CONOVER","MICHAEL SNELSON","MARCIA CONOVER-HARRIS","XIMENA M. BISHOP"
"SP5998","MICHAEL SNELSON","CRAIG JENSEN","XIMENA M. BISHOP","skipped","skipped","skipped","skipped"
"SP5999","AMANDA MILLER","MARCIA CONOVER-HARRIS","CRAIG CONOVER","CRAIG JENSEN","XIMENA M. BISHOP","DALE WATSON","MICHAEL SNELSON"
"SP6000","CRAIG JENSEN","DALE WATSON","MARCIA CONOVER-HARRIS","XIMENA M. BISHOP","MICHAEL SNELSON","CRAIG CONOVER","AMANDA MILLER"
"SP6001","XIMENA M. BISHOP","CRAIG JENSEN","MICHAEL SNELSON","DALE WATSON","skipped","skipped","skipped"
"SP6002","DALE WATSON","MICHAEL SNELSON","XIMENA M. BISHOP","CRAIG CONOVER","MARCIA CONOVER-HARRIS","CRAIG JENSEN","AMANDA MILLER"
"SP6003","MICHAEL SNELSON","CRAIG JENSEN","AMANDA MILLER","XIMENA M. BISHOP","DALE WATSON","CRAIG CONOVER","MARCIA CONOVER-HARRIS"
"SP6004","AMANDA MILLER","MARCIA CONOVER-HARRIS","CRAIG CONOVER","CRAIG JENSEN","MICHAEL SNELSON","DALE WATSON","XIMENA M. BISHOP"
"SP6005","CRAIG JENSEN","CRAIG CONOVER","MICHAEL SNELSON","MARCIA CONOVER-HARRIS","XIMENA M. BISHOP","DALE WATSON","AMANDA MILLER"
"SP6006","XIMENA M. BISHOP","AMANDA MILLER","MARCIA CONOVER-HARRIS","MICHAEL SNELSON","CRAIG JENSEN","CRAIG CONOVER","DALE WATSON"
"SP6007","AMANDA MILLER","MARCIA CONOVER-HARRIS","MICHAEL SNELSON","CRAIG JENSEN","XIMENA M. BISHOP","skipped","skipped"
"SP6008","overvote","skipped","skipped","skipped","skipped","skipped","skipped"
"SP6009","DALE WATSON","CRAIG JENSEN","CRAIG CONOVER","MICHAEL SNELSON","MARCIA CONOVER-HARRIS","XIMENA M. BISHOP","AMANDA MILLER"
"SP6010","MARCIA CONOVER-HARRIS","MICHAEL SNELSON","skipped","skipped","skipped","skipped","skipped"
"SP6011","CRAIG JENSEN","MICHAEL SNELSON","AMANDA MILLER","XIMENA M. BISHOP","DALE WATSON","MARCIA CONOVER-HARRIS","CRAIG CONOVER"
"SP6012","CRAIG JENSEN","MICHAEL SNELSON","AMANDA MILLER","XIMENA M. BISHOP","skipped","MARCIA CONOVER-HARRIS","CRAIG CONOVER"
"SP6013","CRAIG CONOVER","MARCIA CONOVER-HARRIS","DALE WATSON","CRAIG JENSEN","MICHAEL SNELSON","AMANDA MILLER","XIMENA M. BISHOP"
"SP6014","AMANDA MILLER","DALE WATSON","MICHAEL SNELSON","CRAIG CONOVER","XIMENA M. BISHOP","CRAIG JENSEN","MARCIA CONOVER-HARRIS"
"SP6015","DALE WATSON","MICHAEL SNELSON","AMANDA MILLER","skipped","skipped","skipped","skipped"
"SP6016","CRAIG CONOVER","MARCIA CONOVER-HARRIS","MICHAEL SNELSON","DALE WATSON","CRAIG JENSEN","AMANDA MILLER","XIMENA M. BISHOP"
"SP6017","DALE WATSON","CRAIG CONOVER","CRAIG JENSEN","MICHAEL SNELSON","MARCIA CONOVER-HARRIS","XIMENA M. BISHOP","AMANDA MILLER"
"SP6018","CRAIG JENSEN","MICHAEL SNELSON","DALE WATSON","XIMENA M. BISHOP","AMANDA MILLER","CRAIG CONOVER","MARCIA CONOVER-HARRIS"
"SP6019","MICHAEL SNELSON","CRAIG CONOVER","MARCIA CONOVER-HARRIS","AMANDA MILLER","CRAIG JENSEN","XIMENA M. BISHOP","DALE WATSON"
"SP6020","MICHAEL SNELSON","XIMENA M. BISHOP","MARCIA CONOVER-HARRIS","CRAIG JENSEN","CRAIG CONOVER","AMANDA MILLER","DALE WATSON"
"SP6021","XIMENA M. BISHOP","CRAIG CONOVER","AMANDA MILLER","MARCIA CONOVER-HARRIS","DALE WATSON","MICHAEL SNELSON","CRAIG JENSEN"
"SP6022","CRAIG CONOVER","CRAIG JENSEN","AMANDA MILLER","skipped","skipped","skipped","skipped"
"SP6023","overvote","skipped","skipped","skipped","skipped","skipped","overvote"
"SP6024","CRAIG CONOVER","CRAIG JENSEN","skipped","skipped","skipped","skipped","skipped"
"SP6025","AMANDA MILLER","CRAIG CONOVER","CRAIG JENSEN","MICHAEL SNELSON","MARCIA CONOVER-HARRIS","XIMENA M. BISHOP","DALE WATSON"
"SP6026","AMANDA MILLER","CRAIG CONOVER","CRAIG JENSEN","MARCIA CONOVER-HARRIS","MICHAEL SNELSON","XIMENA M. BISHOP","DALE WATSON"
"SP6027","CRAIG CONOVER","MARCIA CONOVER-HARRIS","CRAIG JENSEN","DALE WATSON","skipped","skipped","skipped"
"SP6028","XIMENA M. BISHOP","MICHAEL SNELSON","CRAIG JENSEN","DALE WATSON","MARCIA CONOVER-HARRIS","AMANDA MILLER","CRAIG CONOVER"
"SP6029","XIMENA M. BISHOP","MICHAEL SNELSON","CRAIG JENSEN","AMANDA MILLER","DALE WATSON","MARCIA CONOVER-HARRIS","CRAIG CONOVER"
"SP6030","CRAIG JENSEN","MICHAEL SNELSON","skipped","skipped","skipped","skipped","skipped"
"SP6031","XIMENA M. BISHOP","MICHAEL SNELSON","CRAIG JENSEN","DALE WATSON","AMANDA MILLER","MARCIA CONOVER-HARRIS","CRAIG CONOVER"
"SP6032","XIMENA M. BISHOP","MICHAEL SNELSON","CRAIG JENSEN","MARCIA CONOVER-HARRIS","DALE WATSON","AMANDA MILLER","CRAIG CONOVER"
"SP6033","MARCIA CONOVER-HARRIS","DALE WATSON","XIMENA M. BISHOP","MICHAEL SNELSON","CRAIG JENSEN","CRAIG CONOVER","AMANDA MILLER"
"SP6034","MICHAEL SNELSON","DALE WATSON","CRAIG JENSEN","MARCIA CONOVER-HARRIS","XIMENA M. BISHOP","CRAIG CONOVER","AMANDA MILLER"
"SP6035","XIMENA M. BISHOP","DALE WATSON","CRAIG CONOVER","CRAIG JENSEN","AMANDA MILLER","MICHAEL SNELSON","MARCIA CONOVER-HARRIS"
"SP6036","MICHAEL SNELSON","CRAIG JENSEN","skipped","skipped","skipped","skipped","skipped"
"SP6037","MICHAEL SNELSON","CRAIG JENSEN","skipped","skipped","skipped","skipped","skipped"
"SP6038","MICHAEL SNELSON","CRAIG CONOVER","CRAIG JENSEN","MARCIA CONOVER-HARRIS","XIMENA M. BISHOP","AMANDA MILLER","DALE WATSON"
"SP6039","MICHAEL SNELSON","AMANDA MILLER","CRAIG JENSEN","DALE WATSON","MARCIA CONOVER-HARRIS","CRAIG CONOVER","XIMENA M. BISHOP"
"SP6040","MICHAEL SNELSON","CRAIG JENSEN","XIMENA M. BISHOP","skipped","skipped","skipped","skipped"
"SP6041","CRAIG JENSEN","MARCIA CONOVER-HARRIS","CRAIG CONOVER","MICHAEL SNELSON","AMANDA MILLER","XIMENA M. BISHOP","DALE WATSON"
"SP6042","MARCIA CONOVER-HARRIS","CRAIG CONOVER","AMANDA MILLER","MICHAEL SNELSON","CRAIG JENSEN","XIMENA M. BISHOP","DALE WATSON"
"SP6043","MICHAEL SNELSON","XIMENA M. BISHOP","CRAIG JENSEN","MARCIA CONOVER-HARRIS","CRAIG CONOVER","DALE WATSON","AMANDA MILLER"
"SP6044","CRAIG JENSEN","MICHAEL SNELSON","skipped","skipped","skipped","skipped","skipped"
"SP6045","CRAIG CONOVER","CRAIG JENSEN","MICHAEL SNELSON","MARCIA CONOVER-HARRIS","XIMENA M. BISHOP","skipped","skipped"
"SP6046","CRAIG CONOVER","CRAIG JENSEN","DALE WATSON","MICHAEL SNELSON","MARCIA CONOVER-HARRIS","XIMENA M. BISHOP","AMANDA MILLER"
"SP6047","MICHAEL SNELSON","MARCIA CONOVER-HARRIS","XIMENA M. BISHOP","DALE WATSON","CRAIG JENSEN","AMANDA MILLER","CRAIG CONOVER"
"SP6048","MICHAEL SNELSON","CRAIG CONOVER","MARCIA CONOVER-HARRIS","CRAIG JENSEN","AMANDA MILLER","XIMENA M. BISHOP","DALE WATSON"
"SP6049","CRAIG CONOVER","CRAIG JENSEN","DALE WATSON","MICHAEL SNELSON","MARCIA CONOVER-HARRIS","XIMENA M. BISHOP","AMANDA MILLER"
"SP6050","XIMENA M. BISHOP","MICHAEL SNELSON","CRAIG JENSEN","DALE WATSON","MARCIA CONOVER-HARRIS","CRAIG CONOVER","AMANDA MILLER"
"SP6051","CRAIG CONOVER","CRAIG JENSEN","DALE WATSON","MICHAEL SNELSON","MARCIA CONOVER-HARRIS","XIMENA M. BISHOP","AMANDA MILLER"
"SP6052","CRAIG CONOVER","MICHAEL SNELSON","DALE WATSON","MARCIA CONOVER-HARRIS","skipped","CRAIG JENSEN","overvote"
"SP6053","CRAIG CONOVER","CRAIG JENSEN","DALE WATSON","MICHAEL SNELSON","MARCIA CONOVER-HARRIS","XIMENA M. BISHOP","AMANDA MILLER"
"SP6054","MICHAEL SNELSON","XIMENA M. BISHOP","CRAIG CONOVER","MARCIA CONOVER-HARRIS","CRAIG JENSEN","DALE WATSON","AMANDA MILLER"
"SP6055","MICHAEL SNELSON","XIMENA M. BISHOP","CRAIG CONOVER","DALE WATSON","CRAIG JENSEN","MARCIA CONOVER-HARRIS","AMANDA MILLER"
"SP6056","CRAIG CONOVER","CRAIG JENSEN","DALE WATSON","MICHAEL SNELSON","MARCIA CONOVER-HARRIS","XIMENA M. BISHOP","AMANDA MILLER"
"SP6057","DALE WATSON","MICHAEL SNELSON","CRAIG JENSEN","CRAIG CONOVER","XIMENA M. BISHOP","MARCIA CONOVER-HARRIS","AMANDA MILLER"
"SP6058","CRAIG CONOVER","CRAIG JENSEN","DALE WATSON","MICHAEL SNELSON","MARCIA CONOVER-HARRIS","XIMENA M. BISHOP","AMANDA MILLER"
"SP6059","MICHAEL SNELSON","CRAIG JENSEN","skipped","skipped","skipped","skipped","skipped"
"SP6060","MICHAEL SNELSON","CRAIG JENSEN","skipped","skipped","skipped","skipped","skipped"
"SP6061","CRAIG JENSEN","MICHAEL SNELSON","skipped","skipped","skipped","skipped","skipped"
"SP6062","MICHAEL SNELSON","XIMENA M. BISHOP","AMANDA MILLER","CRAIG JENSEN","MARCIA CONOVER-HARRIS","DALE WATSON","CRAIG CONOVER"
"SP6063","MARCIA CONOVER-HARRIS","CRAIG CONOVER","DALE WATSON","XIMENA M. BISHOP","CRAIG JENSEN","MICHAEL SNELSON","AMANDA MILLER"
"SP6064","XIMENA M. BISHOP","CRAIG JENSEN","AMANDA MILLER","MICHAEL SNELSON","DALE WATSON","MARCIA CONOVER-HARRIS","CRAIG CONOVER"
"SP6065","XIMENA M. BISHOP","MICHAEL SNELSON","AMANDA MILLER","MARCIA CONOVER-HARRIS","CRAIG CONOVER","CRAIG JENSEN","DALE WATSON"
"SP6066","CRAIG CONOVER","CRAIG JENSEN","MICHAEL SNELSON","CRAIG CONOVER","MARCIA CONOVER-HARRIS","AMANDA MILLER","XIMENA M. BISHOP"
"SP6067","AMANDA MILLER","MICHAEL SNELSON","XIMENA M. BISHOP","CRAIG CONOVER","skipped","CRAIG JENSEN","DALE WATSON"
"SP6068","MICHAEL SNELSON","CRAIG JENSEN","skipped","skipped","skipped","skipped","skipped"
"SP6069","skipped","skipped","skipped","skipped","skipped","skipped","skipped"
"SP6070","CRAIG JENSEN","CRAIG CONOVER","AMANDA MILLER","XIMENA M. BISHOP","MARCIA CONOVER-HARRIS","DALE WATSON","MICHAEL SNELSON"
"SP6071","CRAIG CONOVER","CRAIG JENSEN","XIMENA M. BISHOP","MICHAEL SNELSON","MARCIA CONOVER-HARRIS","DALE WATSON","AMANDA MILLER"
"SP6072","CRAIG CONOVER","skipped","skipped","skipped","skipped","skipped","skipped"
"SP6073","CRAIG CONOVER","skipped","skipped","skipped","skipped","skipped","skipped"
"SP6074","MARCIA CONOVER-HARRIS","CRAIG CONOVER","DALE WATSON","MICHAEL SNELSON","XIMENA M. BISHOP","CRAIG JENSEN","AMANDA MILLER"
"SP6075","XIMENA M. BISHOP","CRAIG JENSEN","skipped","skipped","skipped","skipped","skipped"
"SP6076","DALE WATSON","AMANDA MILLER","CRAIG JENSEN","CRAIG CONOVER","XIMENA M. BISHOP","MARCIA CONOVER-HARRIS","MICHAEL SNELSON"
"SP6077","XIMENA M. BISHOP","AMANDA MILLER","MARCIA CONOVER-HARRIS","CRAIG CONOVER","DALE WATSON","CRAIG JENSEN","MICHAEL SNELSON"
"SP6078","AMANDA MILLER","MICHAEL SNELSON","DALE WATSON","skipped","skipped","skipped","skipped"
"SP6079","XIMENA M. BISHOP","MICHAEL SNELSON","CRAIG JENSEN","DALE WATSON","CRAIG CONOVER","MARCIA CONOVER-HARRIS","AMANDA MILLER"
"SP6080","XIMENA M. BISHOP","MICHAEL SNELSON","CRAIG CONOVER","skipped","skipped","skipped","skipped"
"SP6081","CRAIG JENSEN","MICHAEL SNELSON","CRAIG CONOVER","DALE WATSON","AMANDA MILLER","MARCIA CONOVER-HARRIS","XIMENA M. BISHOP"
"SP6082","AMANDA MILLER","CRAIG CONOVER","DALE WATSON","MARCIA CONOVER-HARRIS","CRAIG JENSEN","XIMENA M. BISHOP","MICHAEL SNELSON"
"SP6083","DALE WATSON","MICHAEL SNELSON","skipped","skipped","skipped","skipped","skipped"
"SP6084","AMANDA MILLER","MARCIA CONOVER-HARRIS","DALE WATSON","CRAIG CONOVER","MICHAEL SNELSON","CRAIG JENSEN","XIMENA M. BISHOP"
"SP6085","MICHAEL SNELSON","CRAIG CONOVER","DALE WATSON","CRAIG JENSEN","AMANDA MILLER","XIMENA M. BISHOP","MARCIA CONOVER-HARRIS"
"SP6086","DALE WATSON","MICHAEL SNELSON","XIMENA M. BISHOP","CRAIG JENSEN","MARCIA CONOVER-HARRIS","CRAIG CONOVER","AMANDA MILLER"
"SP6087","MICHAEL SNELSON","XIMENA M. BISHOP","CRAIG JENSEN","AMANDA MILLER","MARCIA CONOVER-HARRIS","CRAIG CONOVER","DALE WATSON"
"SP6088","CRAIG JENSEN","MICHAEL SNELSON","DALE WATSON","skipped","skipped","skipped","skipped"
"SP6089","XIMENA M. BISHOP","DALE WATSON","MICHAEL SNELSON","CRAIG JENSEN","MARCIA CONOVER-HARRIS","CRAIG CONOVER","AMANDA MILLER"
"SP6090","XIMENA M. BISHOP","DALE WATSON","MICHAEL SNELSON","CRAIG JENSEN","CRAIG CONOVER","MARCIA CONOVER-HARRIS","AMANDA MILLER"
"SP6091","skipped","skipped","skipped","skipped","skipped","skipped","skipped"
"SP6092","AMANDA MILLER","MICHAEL SNELSON","DALE WATSON","XIMENA M. BISHOP","CRAIG JENSEN","CRAIG CONOVER","MARCIA CONOVER-HARRIS"
"SP6093","AMANDA MILLER","MARCIA CONOVER-HARRIS","CRAIG CONOVER","XIMENA M. BISHOP","CRAIG JENSEN","MICHAEL SNELSON","DALE WATSON"
"SP6094","MICHAEL SNELSON","CRAIG JENSEN","skipped","skipped","skipped","skipped","skipped"
"SP6095","AMANDA MILLER","MICHAEL SNELSON","DALE WATSON","XIMENA M. BISHOP","CRAIG JENSEN","CRAIG CONOVER","MARCIA CONOVER-HARRIS"
"SP6096","XIMENA M. BISHOP","CRAIG JENSEN","DALE WATSON","MICHAEL SNELSON","AMANDA MILLER","MARCIA CONOVER-HARRIS","CRAIG CONOVER"
"SP6097","MICHAEL SNELSON","CRAIG CONOVER","CRAIG JENSEN","MARCIA CONOVER-HARRIS","XIMENA M. BISHOP","DALE WATSON","AMANDA MILLER"
"SP6098","MICHAEL SNELSON","CRAIG JENSEN","DALE WATSON","CRAIG CONOVER","MARCIA CONOVER-HARRIS","XIMENA M. BISHOP","AMANDA MILLER"
"SP6099","XIMENA M. BISHOP","CRAIG JENSEN","MICHAEL SNELSON","skipped","skipped","skipped","skipped"
"SP6100","DALE WATSON","AMANDA MILLER","MICHAEL SNELSON","XIMENA M. BISHOP","CRAIG JENSEN","MARCIA CONOVER-HARRIS","CRAIG CONOVER"
"SP6101","DALE WATSON","AMANDA MILLER","MICHAEL SNELSON","XIMENA M. BISHOP","CRAIG JENSEN","MARCIA CONOVER-HARRIS","CRAIG CONOVER"
"SP6102","CRAIG JENSEN","skipped","skipped","skipped","skipped","skipped","skipped"
"SP6103","MICHAEL SNELSON","CRAIG CONOVER","CRAIG JENSEN","MICHAEL SNELSON","MARCIA CONOVER-HARRIS","DALE WATSON","AMANDA MILLER"
"SP6104","CRAIG CONOVER","MICHAEL SNELSON","XIMENA M. BISHOP","CRAIG JENSEN","MARCIA CONOVER-HARRIS","AMANDA MILLER","DALE WATSON"
"SP6105","CRAIG JENSEN","CRAIG CONOVER","XIMENA M. BISHOP","MARCIA CONOVER-HARRIS","DALE WATSON","AMANDA MILLER","MICHAEL SNELSON"
"SP6106","DALE WATSON","XIMENA M. BISHOP","AMANDA MILLER","CRAIG JENSEN","CRAIG CONOVER","MICHAEL SNELSON","MARCIA CONOVER-HARRIS"
"SP6107","DALE WATSON","MICHAEL SNELSON","CRAIG JENSEN","skipped","skipped","skipped","skipped"
"SP6108","XIMENA M. BISHOP","CRAIG CONOVER","MARCIA CONOVER-HARRIS","MICHAEL SNELSON","DALE WATSON","CRAIG JENSEN","AMANDA MILLER"
"SP6109","MICHAEL SNELSON","CRAIG JENSEN","XIMENA M. BISHOP","skipped","skipped","skipped","skipped"
"SP6110","MICHAEL SNELSON","CRAIG CONOVER","CRAIG JENSEN","MARCIA CONOVER-HARRIS","skipped","skipped","skipped"
"SP6111","XIMENA M. BISHOP","MARCIA CONOVER-HARRIS","CRAIG JENSEN","CRAIG CONOVER","MICHAEL SNELSON","AMANDA MILLER","DALE WATSON"
"SP6112","XIMENA M. BISHOP","MARCIA CONOVER-HARRIS","CRAIG JENSEN","CRAIG CONOVER","MICHAEL SNELSON","AMANDA MILLER","DALE WATSON"
"SP6113","DALE WATSON","CRAIG JENSEN","skipped","skipped","skipped","skipped","skipped"
"SP6114","XIMENA M. BISHOP","MICHAEL SNELSON","CRAIG JENSEN","MARCIA CONOVER-HARRIS","CRAIG CONOVER","AMANDA MILLER","DALE WATSON"
"SP6115","overvote","overvote","overvote","skipped","skipped","skipped","skipped"
"SP6116","skipped","skipped","skipped","skipped","skipped","skipped","skipped"
"SP6117","CRAIG JENSEN","MICHAEL SNELSON","MARCIA CONOVER-HARRIS","XIMENA M. BISHOP","CRAIG CONOVER","AMANDA MILLER","DALE WATSON"
"SP6118","AMANDA MILLER","MARCIA CONOVER-HARRIS","XIMENA M. BISHOP","CRAIG CONOVER","DALE WATSON","CRAIG JENSEN","MICHAEL SNELSON"
"SP6119","MARCIA CONOVER-HARRIS","CRAIG CONOVER","XIMENA M. BISHOP","MICHAEL SNELSON","AMANDA MILLER","CRAIG JENSEN","DALE WATSON"
"SP6120","XIMENA M. BISHOP","MARCIA CONOVER-HARRIS","MICHAEL SNELSON","CRAIG CONOVER","AMANDA MILLER","CRAIG JENSEN","DALE WATSON"
"SP6121","AMANDA MILLER","MARCIA CONOVER-HARRIS","MICHAEL SNELSON","DALE WATSON","CRAIG JENSEN","CRAIG CONOVER","XIMENA M. BISHOP"
"SP6122","MARCIA CONOVER-HARRIS","MICHAEL SNELSON","DALE WATSON","CRAIG JENSEN","CRAIG CONOVER","XIMENA M. BISHOP","AMANDA MILLER"
"SP6123","MICHAEL SNELSON","XIMENA M. BISHOP","DALE WATSON","CRAIG CONOVER","MARCIA CONOVER-HARRIS","AMANDA MILLER","CRAIG JENSEN"
"SP6124","CRAIG JENSEN","MICHAEL SNELSON","XIMENA M. BISHOP","DALE WATSON","CRAIG CONOVER","AMANDA MILLER","MARCIA CONOVER-HARRIS"
"SP6125","MICHAEL SNELSON","CRAIG JENSEN","CRAIG CONOVER","skipped","skipped","skipped","skipped"
"SP6126","MICHAEL SNELSON","XIMENA M. BISHOP","CRAIG CONOVER","CRAIG JENSEN","MARCIA CONOVER-HARRIS","AMANDA MILLER","DALE WATSON"
"SP6127","CRAIG JENSEN","MICHAEL SNELSON","XIMENA M. BISHOP","DALE WATSON","CRAIG CONOVER","MARCIA CONOVER-HARRIS","AMANDA MILLER"
"SP6128","CRAIG CONOVER","DALE WATSON","XIMENA M. BISHOP","MICHAEL SNELSON","CRAIG JENSEN","AMANDA MILLER","MARCIA CONOVER-HARRIS"
"SP6129","CRAIG JENSEN","skipped","skipped","skipped","skipped","skipped","skipped"
"SP6130","CRAIG CONOVER","DALE WATSON","XIMENA M. BISHOP","MICHAEL SNELSON","CRAIG JENSEN","AMANDA MILLER","MARCIA CONOVER-HARRIS"
"SP6131","AMANDA MILLER","MICHAEL SNELSON","CRAIG CONOVER","skipped","skipped","skipped","skipped"
"SP6132","XIMENA M. BISHOP","MICHAEL SNELSON","AMANDA MILLER","CRAIG JENSEN","DALE WATSON","MARCIA CONOVER-HARRIS","CRAIG CONOVER"
"SP6133","CRAIG JENSEN","MICHAEL SNELSON","MARCIA CONOVER-HARRIS","XIMENA M. BISHOP","skipped","skipped","skipped"
"SP6134","XIMENA M. BISHOP","CRAIG JENSEN","AMANDA MILLER","skipped","skipped","skipped","skipped"
"SP6135","AMANDA MILLER","MICHAEL SNELSON","skipped","skipped","skipped","skipped","skipped"
"SP6136","MICHAEL SNELSON","XIMENA M. BISHOP","CRAIG JENSEN","AMANDA MILLER","DALE WATSON","MARCIA CONOVER-HARRIS","CRAIG CONOVER"
"SP6137","AMANDA MILLER","MICHAEL SNELSON","skipped","skipped","skipped","skipped","skipped"
"SP6138","MICHAEL SNELSON","CRAIG CONOVER","CRAIG JENSEN","DALE WATSON","XIMENA M. BISHOP","MARCIA CONOVER-HARRIS","skipped"
"SP6139","CRAIG CONOVER","DALE WATSON","MICHAEL SNELSON","CRAIG JENSEN","skipped","skipped","skipped"
"SP6140","MICHAEL SNELSON","CRAIG JENSEN","XIMENA M. BISHOP","CRAIG CONOVER","MARCIA CONOVER-HARRIS","DALE WATSON","AMANDA MILLER"
"SP6141","MARCIA CONOVER-HARRIS","XIMENA M. BISHOP","CRAIG CONOVER","MICHAEL SNELSON","CRAIG JENSEN","AMANDA MILLER","DALE WATSON"
"SP6142","overvote","skipped","skipped","skipped","skipped","skipped","skipped"
"SP6143","MICHAEL SNELSON","XIMENA M. BISHOP","CRAIG CONOVER","CRAIG JENSEN","DALE WATSON","MARCIA CONOVER-HARRIS","AMANDA MILLER"
"SP6144","MICHAEL SNELSON","CRAIG CONOVER","DALE WATSON","MARCIA CONOVER-HARRIS","AMANDA MILLER","XIMENA M. BISHOP","CRAIG JENSEN"
"SP6145","MARCIA CONOVER-HARRIS","CRAIG CONOVER","MICHAEL SNELSON","XIMENA M. BISHOP","CRAIG JENSEN","DALE WATSON","AMANDA MILLER"
"SP6146","MICHAEL SNELSON","CRAIG JENSEN","CRAIG CONOVER","MARCIA CONOVER-HARRIS","AMANDA MILLER","XIMENA M. BISHOP","DALE WATSON"
"SP6147","XIMENA M. BISHOP","MARCIA CONOVER-HARRIS","CRAIG JENSEN","MICHAEL SNELSON","CRAIG CONOVER","AMANDA MILLER","DALE WATSON"
"SP6148","MICHAEL SNELSON","XIMENA M. BISHOP","CRAIG JENSEN","CRAIG CONOVER","MARCIA CONOVER-HARRIS","AMANDA MILLER","DALE WATSON"
"SP6149","CRAIG JENSEN","MICHAEL SNELSON","XIMENA M. BISHOP","DALE WATSON","AMANDA MILLER","MARCIA CONOVER-HARRIS","CRAIG CONOVER"
"SP6150","MARCIA CONOVER-HARRIS","CRAIG JENSEN","MICHAEL SNELSON","XIMENA M. BISHOP","CRAIG CONOVER","AMANDA MILLER","DALE WATSON"
"SP6151","CRAIG JENSEN","CRAIG CONOVER","MICHAEL SNELSON","MARCIA CONOVER-HARRIS","AMANDA MILLER","DALE WATSON","XIMENA M. BISHOP"
"SP6152","MARCIA CONOVER-HARRIS","CRAIG JENSEN","MICHAEL SNELSON","XIMENA M. BISHOP","CRAIG CONOVER","AMANDA MILLER","DALE WATSON"
"SP6153","CRAIG CONOVER","XIMENA M. BISHOP","MARCIA CONOVER-HARRIS","CRAIG JENSEN","MICHAEL SNELSON","DALE WATSON","AMANDA MILLER"
"SP6154","MICHAEL SNELSON","CRAIG JENSEN","MARCIA CONOVER-HARRIS","CRAIG CONOVER","XIMENA M. BISHOP","DALE WATSON","AMANDA MILLER"
"SP6155","MICHAEL SNELSON","XIMENA M. BISHOP","AMANDA MILLER","CRAIG JENSEN","DALE WATSON","CRAIG CONOVER","MARCIA CONOVER-HARRIS"
"SP6156","MICHAEL SNELSON","XIMENA M. BISHOP","CRAIG CONOVER","CRAIG JENSEN","MARCIA CONOVER-HARRIS","DALE WATSON","AMANDA MILLER"
"SP6157","CRAIG CONOVER","XIMENA M. BISHOP","MICHAEL SNELSON","CRAIG JENSEN","skipped","skipped","skipped"
"SP6158","CRAIG JENSEN","DALE WATSON","XIMENA M. BISHOP","CRAIG CONOVER","AMANDA MILLER","MARCIA CONOVER-HARRIS","MICHAEL SNELSON"
"SP6159","CRAIG CONOVER","XIMENA M. BISHOP","MICHAEL SNELSON","CRAIG JENSEN","skipped","skipped","skipped"
"SP6160","CRAIG CONOVER","MICHAEL SNELSON","DALE WATSON","CRAIG JENSEN","XIMENA M. BISHOP","MARCIA CONOVER-HARRIS","AMANDA MILLER"
"SP6161","DALE WATSON","MICHAEL SNELSON","CRAIG JENSEN","skipped","skipped","skipped","skipped"
"SP6162","CRAIG CONOVER","MICHAEL SNELSON","DALE WATSON","CRAIG JENSEN","XIMENA M. BISHOP","MARCIA CONOVER-HARRIS","AMANDA MILLER"
"SP6163","MICHAEL SNELSON","AMANDA MILLER","CRAIG JENSEN","DALE WATSON","XIMENA M. BISHOP","CRAIG CONOVER","MARCIA CONOVER-HARRIS"
"SP6164","DALE WATSON","CRAIG JENSEN","MICHAEL SNELSON","skipped","skipped","skipped","skipped"
"SP6165","MICHAEL SNELSON","CRAIG JENSEN","DALE WATSON","skipped","skipped","skipped","skipped"
"SP6166","CRAIG JENSEN","AMANDA MILLER","XIMENA M. BISHOP","MICHAEL SNELSON","CRAIG CONOVER","MARCIA CONOVER-HARRIS","DALE WATSON"
"SP6167","XIMENA M. BISHOP","CRAIG JENSEN","skipped","skipped","skipped","skipped","skipped"
"SP6168","CRAIG JENSEN","MICHAEL SNELSON","DALE WATSON","XIMENA M. BISHOP","AMANDA MILLER","MARCIA CONOVER-HARRIS","CRAIG CONOVER"
"SP6169","CRAIG JENSEN","XIMENA M. BISHOP","MICHAEL SNELSON","DALE WATSON","skipped","skipped","skipped"
"SP6170","MICHAEL SNELSON","CRAIG JENSEN","DALE WATSON","XIMENA M. BISHOP","AMANDA MILLER","skipped","skipped"
"SP6171","skipped","skipped","skipped","skipped","skipped","skipped","skipped"
"SP6172","AMANDA MILLER","CRAIG CONOVER","DALE WATSON","XIMENA M. BISHOP","MICHAEL SNELSON","CRAIG JENSEN","MARCIA CONOVER-HARRIS"
"SP6173","MICHAEL SNELSON","CRAIG CONOVER","CRAIG JENSEN","MARCIA CONOVER-HARRIS","DALE WATSON","AMANDA MILLER","XIMENA M. BISHOP"
"SP6174","AMANDA MILLER","DALE WATSON","CRAIG CONOVER","MICHAEL SNELSON","CRAIG JENSEN","MARCIA CONOVER-HARRIS","XIMENA M. BISHOP"
"SP6175","MICHAEL SNELSON","DALE WATSON","AMANDA MILLER","skipped","skipped","skipped","skipped"
"SP6176","DALE WATSON","CRAIG JENSEN","MICHAEL SNELSON","skipped","skipped","skipped","skipped"
"SP6177","AMANDA MILLER","skipped","skipped","skipped","skipped","skipped","skipped"
"SP6178","XIMENA M. BISHOP","MARCIA CONOVER-HARRIS","MICHAEL SNELSON","CRAIG CONOVER","DALE WATSON","CRAIG JENSEN","AMANDA MILLER"
"SP6179","XIMENA M. BISHOP","DALE WATSON","MICHAEL SNELSON","MARCIA CONOVER-HARRIS","AMANDA MILLER","CRAIG JENSEN","CRAIG CONOVER"
"SP6180","CRAIG CONOVER","MARCIA CONOVER-HARRIS","MICHAEL SNELSON","CRAIG CONOVER","CRAIG CONOVER","CRAIG CONOVER","CRAIG CONOVER"
"SP6181","MICHAEL SNELSON","CRAIG JENSEN","XIMENA M. BISHOP","DALE WATSON","MARCIA CONOVER-HARRIS","AMANDA MILLER","CRAIG CONOVER"
"SP6182","MICHAEL SNELSON","CRAIG JENSEN","XIMENA M. BISHOP","DALE WATSON","AMANDA MILLER","MARCIA CONOVER-HARRIS","CRAIG CONOVER"
"SP6183","DALE WATSON","CRAIG JENSEN","MARCIA CONOVER-HARRIS","XIMENA M. BISHOP","CRAIG CONOVER","MICHAEL SNELSON","AMANDA MILLER"
"SP6184","CRAIG CONOVER","MICHAEL SNELSON","CRAIG JENSEN","XIMENA M. BISHOP","DALE WATSON","AMANDA MILLER","MARCIA CONOVER-HARRIS"
"SP6185","CRAIG CONOVER","CRAIG JENSEN","MICHAEL SNELSON","XIMENA M. BISHOP","MARCIA CONOVER-HARRIS","skipped","skipped"
"SP6186","XIMENA M. BISHOP","MARCIA CONOVER-HARRIS","AMANDA MILLER","DALE WATSON","MICHAEL SNELSON","CRAIG CONOVER","CRAIG JENSEN"
"SP6187","CRAIG JENSEN","XIMENA M. BISHOP","MICHAEL SNELSON","DALE WATSON","AMANDA MILLER","MARCIA CONOVER-HARRIS","CRAIG CONOVER"
"SP6188","CRAIG JENSEN","MICHAEL SNELSON","AMANDA MILLER","XIMENA M. BISHOP","DALE WATSON","CRAIG CONOVER","MARCIA CONOVER-HARRIS"
"SP6189","XIMENA M. BISHOP","CRAIG JENSEN","MICHAEL SNELSON","MARCIA CONOVER-HARRIS","CRAIG CONOVER","AMANDA MILLER","DALE WATSON"
"SP6190","DALE WATSON","MICHAEL SNELSON","CRAIG CONOVER","XIMENA M. BISHOP","CRAIG JENSEN","MARCIA CONOVER-HARRIS","AMANDA MILLER"
"SP6191","XIMENA M. BISHOP","MICHAEL SNELSON","CRAIG JENSEN","AMANDA MILLER","DALE WATSON","MARCIA CONOVER-HARRIS","CRAIG CONOVER"
"SP6192","MICHAEL SNELSON","CRAIG JENSEN","DALE WATSON","XIMENA M. BISHOP","skipped","skipped","skipped"
"SP6193","AMANDA MILLER","MICHAEL SNELSON","skipped","skipped","skipped","skipped","skipped"
"SP6194","XIMENA M. BISHOP","CRAIG JENSEN","MICHAEL SNELSON","DALE WATSON","AMANDA MILLER","MARCIA CONOVER-HARRIS","CRAIG CONOVER"
"SP6195","overvote","CRAIG JENSEN","skipped","skipped","skipped","skipped","skipped"
"SP6196","overvote","CRAIG CONOVER","skipped","skipped","skipped","skipped","skipped"
"SP6197","MICHAEL SNELSON","XIMENA M. BISHOP","DALE WATSON","CRAIG JENSEN","CRAIG CONOVER","MARCIA CONOVER-HARRIS","AMANDA MILLER"
"SP6198","DALE WATSON","CRAIG CONOVER","CRAIG JENSEN","MARCIA CONOVER-HARRIS","MICHAEL SNELSON","XIMENA M. BISHOP","AMANDA MILLER"
"SP6199","XIMENA M. BISHOP","CRAIG JENSEN","MICHAEL SNELSON","MARCIA CONOVER-HARRIS","CRAIG CONOVER","AMANDA MILLER","DALE WATSON"
"SP6200","AMANDA MILLER","XIMENA M. BISHOP","DALE WATSON","MARCIA CONOVER-HARRIS","CRAIG JENSEN","MICHAEL SNELSON","CRAIG CONOVER"
"SP6201","AMANDA MILLER","DALE WATSON","MICHAEL SNELSON","XIMENA M. BISHOP","CRAIG JENSEN","MARCIA CONOVER-HARRIS","CRAIG CONOVER"
"SP6202","MICHAEL SNELSON","CRAIG JENSEN","CRAIG CONOVER","skipped","skipped","skipped","skipped"
"SP6203","CRAIG CONOVER","MARCIA CONOVER-HARRIS","CRAIG JENSEN","XIMENA M. BISHOP","MICHAEL SNELSON","AMANDA MILLER","DALE WATSON"
"SP6204","XIMENA M. BISHOP","DALE WATSON","CRAIG CONOVER","MICHAEL SNELSON","CRAIG JENSEN","MARCIA CONOVER-HARRIS","AMANDA MILLER"
"SP6205","CRAIG JENSEN","MICHAEL SNELSON","DALE WATSON","skipped","skipped","skipped","skipped"
"SP6206","CRAIG JENSEN","MARCIA CONOVER-HARRIS","MICHAEL SNELSON","skipped","skipped","skipped","skipped"
"SP6207","AMANDA MILLER","CRAIG JENSEN","DALE WATSON","XIMENA M. BISHOP","MICHAEL SNELSON","MARCIA CONOVER-HARRIS","CRAIG CONOVER"
"SP6208","MICHAEL SNELSON","CRAIG JENSEN","XIMENA M. BISHOP","CRAIG CONOVER","MARCIA CONOVER-HARRIS","AMANDA MILLER","DALE WATSON"
"SP6209","MICHAEL SNELSON","AMANDA MILLER","XIMENA M. BISHOP","skipped","skipped","skipped","skipped"
"SP6210","MICHAEL SNELSON","CRAIG CONOVER","DALE WATSON","skipped","skipped","skipped","skipped"
"SP6211","DALE WATSON","CRAIG CONOVER","MICHAEL SNELSON","CRAIG JENSEN","XIMENA M. BISHOP","AMANDA MILLER","MARCIA CONOVER-HARRIS"
"SP6212","MICHAEL SNELSON","overvote","DALE WATSON","skipped","skipped","skipped","skipped"
"SP6213","CRAIG JENSEN","MICHAEL SNELSON","XIMENA M. BISHOP","DALE WATSON","MARCIA CONOVER-HARRIS","CRAIG CONOVER","AMANDA MILLER"
"SP6214","MICHAEL SNELSON","CRAIG JENSEN","MARCIA CONOVER-HARRIS","XIMENA M. BISHOP","AMANDA MILLER","DALE WATSON","CRAIG CONOVER"
"SP6215","CRAIG JENSEN","CRAIG CONOVER","skipped","skipped","skipped","skipped","skipped"
"SP6216","skipped","skipped","skipped","skipped","skipped","skipped","skipped"
"SP6217","XIMENA M. BISHOP","MICHAEL SNELSON","MARCIA CONOVER-HARRIS","AMANDA MILLER","CRAIG JENSEN","CRAIG CONOVER","DALE WATSON"
"SP6218","MICHAEL SNELSON","CRAIG CONOVER","skipped","skipped","skipped","skipped","skipped"
"SP6219","DALE WATSON","CRAIG CONOVER","MICHAEL SNELSON","CRAIG JENSEN","AMANDA MILLER","MARCIA CONOVER-HARRIS","XIMENA M. BISHOP"
"SP6220","DALE WATSON","MICHAEL SNELSON","AMANDA MILLER","skipped","skipped","skipped","skipped"
"SP6221","CRAIG CONOVER","MARCIA CONOVER-HARRIS","skipped","skipped","skipped","skipped","skipped"
"SP6222","CRAIG CONOVER","MICHAEL SNELSON","CRAIG JENSEN","XIMENA M. BISHOP","MARCIA CONOVER-HARRIS","DALE WATSON","AMANDA MILLER"
"SP6223","CRAIG CONOVER","MICHAEL SNELSON","CRAIG JENSEN","XIMENA M. BISHOP","MARCIA CONOVER-HARRIS","DALE WATSON","AMANDA MILLER"
"SP6224","CRAIG CONOVER","MICHAEL SNELSON","XIMENA M. BISHOP","AMANDA MILLER","MARCIA CONOVER-HARRIS","CRAIG JENSEN","DALE WATSON"
"SP6225","CRAIG CONOVER","MICHAEL SNELSON","AMANDA MILLER","MARCIA CONOVER-HARRIS","XIMENA M. BISHOP","CRAIG JENSEN","DALE WATSON"
"SP6226","MICHAEL SNELSON","DALE WATSON","CRAIG JENSEN","CRAIG CONOVER","XIMENA M. BISHOP","AMANDA MILLER","MARCIA CONOVER-HARRIS"
"SP6227","CRAIG CONOVER","MICHAEL SNELSON","CRAIG JENSEN","AMANDA MILLER","DALE WATSON","XIMENA M. BISHOP","MARCIA CONOVER-HARRIS"
"SP6228","CRAIG CONOVER","MICHAEL SNELSON","CRAIG JENSEN","AMANDA MILLER","DALE WATSON","XIMENA M. BISHOP","MARCIA CONOVER-HARRIS"
"SP6229","AMANDA MILLER","MICHAEL SNELSON","DALE WATSON","CRAIG JENSEN","MARCIA CONOVER-HARRIS","CRAIG CONOVER","XIMENA M. BISHOP"
"SP6230","AMANDA MILLER","MICHAEL SNELSON","DALE WATSON","CRAIG JENSEN","MARCIA CONOVER-HARRIS","skipped","XIMENA M. BISHOP"
"SP6231","XIMENA M. BISHOP","MARCIA CONOVER-HARRIS","MICHAEL SNELSON","CRAIG CONOVER","CRAIG JENSEN","DALE WATSON","AMANDA MILLER"
"SP6232","XIMENA M. BISHOP","MARCIA CONOVER-HARRIS","MICHAEL SNELSON","CRAIG CONOVER","CRAIG JENSEN","DALE WATSON","AMANDA MILLER"
"SP6233","AMANDA MILLER","CRAIG JENSEN","skipped","skipped","skipped","skipped","skipped"
"SP6234","AMANDA MILLER","CRAIG JENSEN","skipped","skipped","skipped","skipped","skipped"
"SP6235","CRAIG JENSEN","CRAIG CONOVER","XIMENA M. BISHOP","MICHAEL SNELSON","DALE WATSON","MARCIA CONOVER-HARRIS","AMANDA MILLER"
"SP6236","DALE WATSON","MICHAEL SNELSON","CRAIG JENSEN","XIMENA M. BISHOP","CRAIG CONOVER","MARCIA CONOVER-HARRIS","AMANDA MILLER"
"SP6237","MICHAEL SNELSON","CRAIG JENSEN","CRAIG CONOVER","XIMENA M. BISHOP","MARCIA CONOVER-HARRIS","AMANDA MILLER","DALE WATSON"
"SP6238","MARCIA CONOVER-HARRIS","CRAIG JENSEN","XIMENA M. BISHOP","MICHAEL SNELSON","CRAIG CONOVER","AMANDA MILLER","DALE WATSON"
"SP6239","overvote","skipped","skipped","skipped","skipped","skipped","skipped"
"SP6240","AMANDA MILLER","CRAIG JENSEN","DALE WATSON","XIMENA M. BISHOP","MICHAEL SNELSON","CRAIG CONOVER","MARCIA CONOVER-HARRIS"
"SP6241","DALE WATSON","XIMENA M. BISHOP","MICHAEL SNELSON","CRAIG JENSEN","CRAIG CONOVER","MARCIA CONOVER-HARRIS","AMANDA MILLER"
"SP6242","CRAIG CONOVER","MARCIA CONOVER-HARRIS","CRAIG JENSEN","XIMENA M. BISHOP","AMANDA MILLER","MICHAEL SNELSON","DALE WATSON"
"SP6243","AMANDA MILLER","MICHAEL SNELSON","XIMENA M. BISHOP","DALE WATSON","CRAIG CONOVER","MARCIA CONOVER-HARRIS","CRAIG JENSEN"
"SP6244","CRAIG JENSEN","CRAIG CONOVER","MICHAEL SNELSON","MARCIA CONOVER-HARRIS","CRAIG JENSEN","CRAIG CONOVER","skipped"
"SP6245","overvote","skipped","skipped","skipped","skipped","skipped","skipped"
"SP6246","MARCIA CONOVER-HARRIS","CRAIG CONOVER","DALE WATSON","XIMENA M. BISHOP","AMANDA MILLER","skipped","skipped"
"SP6247","MARCIA CONOVER-HARRIS","CRAIG CONOVER","XIMENA M. BISHOP","skipped","skipped","skipped","skipped"
"SP6248","DALE WATSON","CRAIG JENSEN","XIMENA M. BISHOP","skipped","skipped","skipped","skipped"
"SP6249","MARCIA CONOVER-HARRIS","CRAIG CONOVER","skipped","skipped","skipped","skipped","skipped"
"SP6250","CRAIG JENSEN","skipped","skipped","skipped","skipped","skipped","skipped"
"SP6251","MICHAEL SNELSON","MARCIA CONOVER-HARRIS","skipped","skipped","skipped","skipped","skipped"
"SP6252","CRAIG CONOVER","MARCIA CONOVER-HARRIS","skipped","skipped","skipped","skipped","skipped"
"SP6253","XIMENA M. BISHOP","MARCIA CONOVER-HARRIS","DALE WATSON","MICHAEL SNELSON","CRAIG JENSEN","AMANDA MILLER","CRAIG CONOVER"
"SP6254","MARCIA CONOVER-HARRIS","CRAIG CONOVER","skipped","skipped","skipped","skipped","skipped"
"SP6255","XIMENA M. BISHOP","CRAIG CONOVER","MICHAEL SNELSON","CRAIG JENSEN","MARCIA CONOVER-HARRIS","AMANDA MILLER","DALE WATSON"
"SP6256","CRAIG CONOVER","CRAIG JENSEN","MARCIA CONOVER-HARRIS","AMANDA MILLER","MICHAEL SNELSON","DALE WATSON","XIMENA M. BISHOP"
"SP6257","MICHAEL SNELSON","XIMENA M. BISHOP","DALE WATSON","CRAIG CONOVER","CRAIG JENSEN","MARCIA CONOVER-HARRIS","AMANDA MILLER"
"SP6258","XIMENA M. BISHOP","MARCIA CONOVER-HARRIS","DALE WATSON","MICHAEL SNELSON","AMANDA MILLER","CRAIG JENSEN","CRAIG CONOVER"
"SP6259","MICHAEL SNELSON","CRAIG CONOVER","CRAIG JENSEN","MARCIA CONOVER-HARRIS","DALE WATSON","AMANDA MILLER","XIMENA M. BISHOP"
"SP6260","CRAIG JENSEN","MICHAEL SNELSON","MARCIA CONOVER-HARRIS","CRAIG CONOVER","DALE WATSON","AMANDA MILLER","XIMENA M. BISHOP"
"SP6261","CRAIG CONOVER","XIMENA M. BISHOP","MARCIA CONOVER-HARRIS","DALE WATSON","MICHAEL SNELSON","AMANDA MILLER","CRAIG JENSEN"
"SP6262","XIMENA M. BISHOP","CRAIG CONOVER","MICHAEL SNELSON","CRAIG JENSEN","MARCIA CONOVER-HARRIS","AMANDA MILLER","DALE WATSON"
"SP6263","XIMENA M. BISHOP","DALE WATSON","MICHAEL SNELSON","CRAIG JENSEN","AMANDA MILLER","CRAIG CONOVER","MARCIA CONOVER-HARRIS"
"SP6264","CRAIG CONOVER","MARCIA CONOVER-HARRIS","skipped","skipped","skipped","skipped","skipped"
"SP6265","CRAIG JENSEN","skipped","skipped","skipped","skipped","skipped","skipped"
"SP6266","CRAIG JENSEN","CRAIG CONOVER","MARCIA CONOVER-HARRIS","MICHAEL SNELSON","XIMENA M. BISHOP","DALE WATSON","AMANDA MILLER"
"SP6267","AMANDA MILLER","MICHAEL SNELSON","CRAIG JENSEN","CRAIG CONOVER","MARCIA CONOVER-HARRIS","XIMENA M. BISHOP","DALE WATSON"
"SP6268","AMANDA MILLER","MARCIA CONOVER-HARRIS","CRAIG JENSEN","CRAIG CONOVER","MICHAEL SNELSON","XIMENA M. BISHOP","DALE WATSON"
"SP6269","AMANDA MILLER","skipped","skipped","skipped","skipped","skipped","skipped"
"SP6270","AMANDA MILLER","skipped","skipped","skipped","skipped","skipped","skipped"
"SP6271","DALE WATSON","CRAIG JENSEN","XIMENA M. BISHOP","skipped","skipped","skipped","skipped"
"SP6272","AMANDA MILLER","MICHAEL SNELSON","CRAIG JENSEN","CRAIG CONOVER","XIMENA M. BISHOP","DALE WATSON","MARCIA CONOVER-HARRIS"
"SP6273","MICHAEL SNELSON","CRAIG JENSEN","AMANDA MILLER","XIMENA M. BISHOP","DALE WATSON","CRAIG CONOVER","MARCIA CONOVER-HARRIS"
"SP6274","MARCIA CONOVER-HARRIS","skipped","skipped","skipped","skipped","skipped","skipped"
"SP6275","MARCIA CONOVER-HARRIS","CRAIG CONOVER","skipped","skipped","skipped","skipped","skipped"
"SP6276","MARCIA CONOVER-HARRIS","skipped","skipped","skipped","skipped","skipped","skipped"
"SP6277","CRAIG JENSEN","DALE WATSON","MICHAEL SNELSON","XIMENA M. BISHOP","AMANDA MILLER","CRAIG CONOVER","MARCIA CONOVER-HARRIS"
"SP6278","CRAIG JENSEN","CRAIG CONOVER","CRAIG JENSEN","MARCIA CONOVER-HARRIS","AMANDA MILLER","XIMENA M. BISHOP","DALE WATSON"
"SP6279","DALE WATSON","CRAIG JENSEN","XIMENA M. BISHOP","CRAIG CONOVER","AMANDA MILLER","MARCIA CONOVER-HARRIS","MICHAEL SNELSON"
"SP6280","MICHAEL SNELSON","CRAIG JENSEN","skipped","skipped","skipped","skipped","skipped"
"SP6281","AMANDA MILLER","skipped","skipped","skipped","skipped","skipped","skipped"
"SP6282","DALE WATSON","MICHAEL SNELSON","CRAIG JENSEN","CRAIG CONOVER","XIMENA M. BISHOP","MARCIA CONOVER-HARRIS","AMANDA MILLER"
"SP6283","CRAIG CONOVER","CRAIG JENSEN","MICHAEL SNELSON","skipped","skipped","skipped","skipped"
"SP6284","skipped","skipped","skipped","skipped","skipped","skipped","skipped"
"SP6285","XIMENA M. BISHOP","MICHAEL SNELSON","CRAIG CONOVER","MARCIA CONOVER-HARRIS","AMANDA MILLER","CRAIG JENSEN","DALE WATSON"
"SP6286","XIMENA M. BISHOP","MARCIA CONOVER-HARRIS","MICHAEL SNELSON","CRAIG JENSEN","AMANDA MILLER","CRAIG CONOVER","DALE WATSON"
"SP6287","MICHAEL SNELSON","skipped","skipped","skipped","skipped","skipped","skipped"
"SP6288","AMANDA MILLER","MARCIA CONOVER-HARRIS","XIMENA M. BISHOP","CRAIG CONOVER","MICHAEL SNELSON","CRAIG JENSEN","DALE WATSON"
"SP6289","CRAIG JENSEN","MICHAEL SNELSON","skipped","skipped","skipped","skipped","skipped"
"SP6290","XIMENA M. BISHOP","CRAIG JENSEN","CRAIG CONOVER","MICHAEL SNELSON","DALE WATSON","MARCIA CONOVER-HARRIS","AMANDA MILLER"
"SP6291","CRAIG JENSEN","CRAIG CONOVER","AMANDA MILLER","skipped","MARCIA CONOVER-HARRIS","XIMENA M. BISHOP","DALE WATSON"
"SP6292","DALE WATSON","MARCIA CONOVER-HARRIS","CRAIG CONOVER","MICHAEL SNELSON","XIMENA M. BISHOP","MICHAEL SNELSON","AMANDA MILLER"
"SP6293","AMANDA MILLER","MARCIA CONOVER-HARRIS","XIMENA M. BISHOP","MICHAEL SNELSON","CRAIG JENSEN","CRAIG CONOVER","DALE WATSON"
"SP6294","CRAIG JENSEN","MICHAEL SNELSON","skipped","skipped","skipped","skipped","skipped"
"SP6295","DALE WATSON","MICHAEL SNELSON","AMANDA MILLER","skipped","skipped","skipped","skipped"
"SP6296","CRAIG JENSEN","MICHAEL SNELSON","DALE WATSON","XIMENA M. BISHOP","AMANDA MILLER","CRAIG CONOVER","MARCIA CONOVER-HARRIS"
"SP6297","overvote","overvote","overvote","skipped","skipped","skipped","skipped"
"SP6298","MICHAEL SNELSON","MARCIA CONOVER-HARRIS","CRAIG CONOVER","skipped","skipped","skipped","skipped"
"SP6299","MICHAEL SNELSON","DALE WATSON","XIMENA M. BISHOP","CRAIG JENSEN","AMANDA MILLER","MARCIA CONOVER-HARRIS","CRAIG CONOVER"
"SP6300","CRAIG CONOVER","MICHAEL SNELSON","MARCIA CONOVER-HARRIS","AMANDA MILLER","CRAIG JENSEN","DALE WATSON","XIMENA M. BISHOP"
"SP6301","CRAIG CONOVER","MARCIA CONOVER-HARRIS","XIMENA M. BISHOP","DALE WATSON","MICHAEL SNELSON","AMANDA MILLER","CRAIG JENSEN"
"SP6302","AMANDA MILLER","XIMENA M. BISHOP","CRAIG JENSEN","MICHAEL SNELSON","CRAIG CONOVER","MARCIA CONOVER-HARRIS","DALE WATSON"
"SP6303","AMANDA MILLER","MARCIA CONOVER-HARRIS","XIMENA M. BISHOP","CRAIG CONOVER","CRAIG JENSEN","MICHAEL SNELSON","DALE WATSON"
"SP6304","MICHAEL SNELSON","CRAIG CONOVER","XIMENA M. BISHOP","CRAIG JENSEN","DALE WATSON","MARCIA CONOVER-HARRIS","AMANDA MILLER"
"SP6305","CRAIG CONOVER","AMANDA MILLER","MARCIA CONOVER-HARRIS","MICHAEL SNELSON","CRAIG JENSEN","DALE WATSON","XIMENA M. BISHOP"
"SP6306","MARCIA CONOVER-HARRIS","CRAIG CONOVER","XIMENA M. BISHOP","MICHAEL SNELSON","AMANDA MILLER","skipped","skipped"
"SP6307","CRAIG JENSEN","XIMENA M. BISHOP","CRAIG CONOVER","MARCIA CONOVER-HARRIS","DALE WATSON","MICHAEL SNELSON","AMANDA MILLER"
